"Companies";"Дружества"
"Recent Companies";"Последните дружества"
"Popular Companies";"Популярни дружества"
"News";"Новини"
"Search results";"Резултат от търсенето"
"Games";"Игри"
"Media";"Медия"
"Videos";"Videos"
"Screenshots";"Скрийншоти",
"Concept Art";"Концепция изкуство"
"Wallpapers";"Тапети"
"Add News";"Добавяне новини"
"Edit News";"Редактиране Новини"
"Events";"Събития"
"All events";"Всички събития"
"events";"Събития"
"Edit event - ";"Редактиране на събитието -"
"Edit event";"Редактиране на събитие"
"Create new event";"Създаване на ново събитие"
"Please choose the type of event";"Моля изберете тип на събитието"
"Event cannot start in the past";"Събитие не може да започне в миналото"
"Event title cannot be shorter than 3 symbols";"Заглавие събитие не може да бъде по-кратък от 3 символа"
"End date cannot be before start date";"Крайна дата не може да бъде преди началната дата"
"Participants";"Участниците"
"Invited";"Поканени"
"Forum";"Форум"
"Create Thread";"Създаване на тема"
"Recent Games";"Последните игри"
"Popular Games";"Популярни игри"
"Downloads";"Downloads"
"Players";"Играчите"
"Groups";"Групи"
"Recent Groups";"Последните групи"
"Group News";"Group новини"
"Members";"Членове"
"Member Applications";"Държавите-приложения"
"Member Invitations";"Държавите-покани"
"Playnation";"Playnation"
"Post";"POST"
"Recent News";"Последните новини"
"Popular News";"Популярна Новини"
"Platform News";"Платформа Новини"
"Companies Search Results";"Дружества Резултат от търсенето"
"Company News";"Дружеството Новини"
"Games Search Results";"Игри Резултат от търсенето"
"Game News";"Игра Новини"
"Countries";"Страни"
"Create News";"Създаване Новини"
"All Players";"Всички играчи"
"Edit profile";"Редактиране на профила"
"Profile Page";"Профил"
"Login Required!";"Влез!"
"Registration successful";"Регистрация успешно"
"Activation successful";"Активиране успешно"
"Password Reseted";"Парола Reseted"
"Error: E-mail not found";"Грешка: Е-мейл не е намерен"
"Error: incorect E-mail or Password!";"Грешка: incorect, електронна поща или парола"
"My friends";"Моите приятели"
"Friends";"Приятели"
"My Subscriptions";"Моите абонаменти"
"My Groups";"Моите групи"
"My Games";"Моите игри"
"Notification_ReplyMyWall";"Notification_ReplyMyWall"
"Notification_PostOnMyWall";"Notification_PostOnMyWall"
"Notification_ReplyPostMyWall";"Notification_ReplyPostMyWall"
"Notification_ReplyPostOtherWall";"Notification_ReplyPostOtherWall"
"Notification_ReplyMyReply";"Notification_ReplyMyReply"
"Notification_PublicBySubscribe";"Notification_PublicBySubscribe"
"Notification_Like";"Notification_Like"
"Notification_Dislike";"Notification_Dislike"
"Notification_SubscribePlayer";"Notification_SubscribePlayer"
"Notification_FriendRequest";"Notification_FriendRequest"
"Notification_FriendReply";"Notification_FriendReply"
"Notification_NewForumPost";"Notification_NewForumPost"
"Notification_NewForumTopic";"Notification_NewForumTopic"
"Notification_CompanyNews";"Notification_CompanyNews";"
"Notification_GameNews";"Notification_GameNews"
"Notification_GroupNews";"Notification_GroupNews"
"Notification_NewsReply";"Notification_NewsReply"
"Notifications";"Известия"
"Messages";"Съобщения"
"My Events";"Моите събития"
"Invite Friends";"Покани приятел"
"Registration";"Регистрация"
"Shop";"Магазин"
"Buy Credits";"Купи кредити"
"Orders History";"Поръчки История"
"Order View";"Ред View"
"Memberships";"Участник в"
"Shopping Cart";"Кошница"
"Cancel Payment";"Отказ плащане"
"Successful Payment";"Успешно плащане"
"Order Complete";"Ред пълна"
"Unpublished News";"Непубликувано новини"
"«""«";"";"";""
"»""»";"";""
"Are you sure want to delete the friend?";"Сигурен ли искате да изтриете приятел?"
"Are you sure want to delete the post?";"Сигурен ли искате да изтриете този пост?"
"Are you sure want to delete the reply?";"Сигурен ли искате да изтриете отговора?"
"Are you sure want to delete the board?";"Сигурен ли искате да изтриете дъската?"
"Yes";"Да"
"No";"Не"
"New";"Нова"
"Are you sure want to delete the message?";"Сигурен ли искате да изтриете съобщението?"
"Are you sure want to delete all messages?";"Сигурен ли искате да изтриете всички съобщения?"
"Are you sure want to delete the member from the group?";"Сигурен ли искате да изтриете член от групата?"
"Are you sure want to delete the tab?";"Сигурен ли искате да изтриете раздела?"
"Are you sure want to delete the media?";"Сигурен ли искате да изтриете медиите?"
"Are you sure want to delete the affiliate?";"Сигурен ли искате да изтриете филиал?"
"Are you sure want to delete the group?";"Сигурен ли искате да изтриете групата?"
"Are you sure want to leave the group?";"Сигурни ли сте да искате да напуснете групата?"
"Are you sure want to delete the news item?";"Сигурен ли искате да изтриете новина?"
"Edit";"Edit"
"Loading Paypal, please wait.";"Зареждане на PayPal, моля изчакайте."
"Number of events";"Брой на събитията"
"Show more posts";"Покажи още постове"
"Show more friends";"Показване на повече приятели"
"Show more subscribtions";"Показване на повече subscribtions"
"Show more notifications";"Покажи Напред Уведомяване"
"Show more messages";"Показване на повече съобщения"
"change picture";"Промяна на картина"
"add picture";"Добави снимка"
"Show more companies";"Показване на повече фирми"
"Are you sure want to delete download?";"Сигурен ли искате да изтриете изтегляне?"
"Show more games";"Показване на повече игри"
"Paste your video link >";"Поставяне на видео линка>"
"Upload image";"Качи изображение"
"Symbols left:";"Символи оставяли:"
"January";"Януари"
"February";"Февруари"
"March";"Март"
"May";"Май"
"April";"Април"
"June";"Юни"
"July";"Юли"
"August";"Август"
"September";"Септември"
"October";"Октомври"
"November";"Ноември"
"December";"Декември"
"Mon";"Mon"
"Tue";"Вт"
"Wed";"Пет"
"Thu";"Чт"
"Fri";"Fri"
"Sat";"Sat"
"Sun";"Слънце"
"Search here";"Търси тук"
"Languages";"Езици"
"Get friends";"Вземи приятели"
"Invite friends by typing their e-mail addresses";"Покани приятели, пишете на имейл адресите си"
"Send invitations";"Изпращане на покани"
"Please fill in your personal information";"Моля попълнете вашата лична информация"
"First Name";"Първо име"
"Last Name";"Фамилия"
"Display Name";"Показвано име"
"Your display name is the name you choose to display on your profile. It can be your first name, full name, nickname or any combination. It can also be something completely different. If you do not choose a display name, your nickname will be displayed by default.";"Вашето показвано име е името, което изберете да показвате на вашия профил. Тя може да бъде първото име, пълно име, псевдоним или всяка комбинация. Тя може да бъде нещо съвсем различно. Ако не изберете име на дисплея вашия псевдоним се показва по подразбиране ".
"City";"Сити"
"Country";"Страна"
"Timezone";"Часова зона"
"Date of birth";"Дата на раждане"
"Site Language";"Език на сайта"
"Your site language is the language in which you want to view the site. The default is English. If any content has not been translated into your site language, the English version will be displayed.";"Вашият сайт език е езикът, на който искате да видите на сайта по подразбиране е английски Ако някоя съдържанието не е преведена в сайта си език, английската версия ще бъде показана."
"Additional Content Languages";"Допълнителни езици съдържание"
"You have the option to select a number of additional content languages. If our content has not been translated into your site language, it may be available in other languages that you prefer. You will get the option to choose between the available languages that you have selected.";"Вие имате възможност да изберете номер на допълнителни езици съдържание Ако съдържанието на сайта не е преведен на езика на вашия сайт, тя може да бъде на разположение на други езици, които предпочитате. Вие ще получите възможност да изберете между наличните езици, които сте избрали. "
"Personal Avatar";"Лична Аватар"
"Use PNG, GIF or JPG format";"Използване на PNG, GIF или JPG формат"
"Max. window size: 200x300px";"Макс размера на прозореца: 200x300px"
"Upload Image";"Качване на изображението"
"Next";"Напред"
"Find your friends on PlayNation";"Намери приятели на PlayNation"
"Search for players...";"Търсене за играчи ..."
"Search";"Търси"
"No players found";"Не са намерени играчи"
"Add Friends";"Добавяне на приятели"
"Invite your friends to playnation";"Покани приятелите си да playnation"
"Add more fields";"Добавяне на още полета"
"Import contacts from your e-mail account";"Импортиране на контакти от вашия акаунт за електронна поща"
"For each friend that registers on PlayNation, we will reward you with 100 PlayCoins";"За всеки приятел, който се регистрира на PlayNation, ние ще ви възнагради със 100 PlayCoins"
"PlayCoins is one of PlayNation’s virtual currencies and can be used to buy certain products and services on the site.";"PlayCoins е един от виртуални валути PlayNation и могат да бъдат използвани за закупуване на определени продукти и услуги на сайта."
"Previous";"Предишна"
"Add your favorite games";"Добавяне на любимите си игри"
"Search for games...";"Търси за игри ..."
"No games found";"Не са намерени игри"
"Add Games";"Добавяне на играта"
"Apply for groups";"Кандидатствайте за групи"
"Search for groups...";"Търсене на групи ..."
"No groups found";"Няма намерени групи"
"Welcome to PlayNation";"Добре дошли в PlayNation"
"Finish";"Finish"
"Total";"Тотал"
"Continue Order";"Продължете поръчка"
"There is no description for this event at the moment.";"Няма описание за това събитие в момента."
"Read more";"Прочетете повече"
"Hide description";"Скриване описание"
"Participant";"Участник"
"Remove event";"Премахване на събитие"
"Description";"Описание"
"There is no description for this game at the moment.";"Няма описание за тази игра в момента."
"Media Items";"Медийни елементи"
"Media item";"Media точка"
"Stop playing";"Престанете да играете"
"Add to my games";"Добави към моите игри"
"Remove";"Remove"
"Game Type";"Game Type"
"Release Date";"Дата на излизане"
"Platforms";"Платформи"
"ESRB Rating";"ESRB Рейтинг"
"I play this";"Играя"
"There is no description for this group at the moment.";"Няма описание за тази група в момента."
"Member";"Държава"
"Leave Group";"Оставете група"
"Remove application";"Премахване на приложение"
"Edit affilliated group";"Редактиране affilliated група"
"Remove affilliated group";"Премахване на affilliated група"
"Request To Join Group";"Поиска да се присъедините към група"
"[_1] friend(s)";"[_1] Приятел (и)"
"[_1] game(s)";"[_1] Игра (и)"
"[_1] group(s)";"[_1] Група (и)"
"and";"И"
"Remove player";"Премахване на играч"
"Add player to group";"Добавяне на играч група"
"Remove player from group";"Премахване на играч от група"
"Remove player suggestion";"Премахване на предложение играч"
"Lives in [_1]";"Живее в [_1]"
"Reason";"Основание"
"Rank";"Ранг"
"You have [_1] in common.";"Вие имате [_1] в общ."
"Pending";"До"
"Add Friend";"Добави приятел"
"Send Message";"Изпрати съобщение"
"Unsubscribe";"Отписване"
"Subscribe";"Абонират"
"Options";"Опции"
"Product info";"Информация за продукта"
"Price";"Цена"
"Type";"Тип"
"D/L";"D / L"
"Add to Cart";"Добави в кошницата"
"There are no wall posts at this moment";"Няма стенни мнения в този момент"
"You have no wall posts at this moment";"Нямате стенни мнения в този момент"
"You have no photos at this moment";"Вие нямате снимки в този момент"
"You have no videos at this moment";"Нямате видеоклипове в този момент"
"You have no links at this moment";"Вие нямате връзки в този момент"
"[_1] has no wall posts at this moment";"[_1] Няма да стена мнения в този момент"
"[_1] has no photos at this moment";"[_1] Няма снимки в този момент"
"[_1] has no videos at this moment";"[_1] Няма клипове в този момент"
"[_1] has no links at this moment";"[_1] Няма връзки в този момент"
"Post video";"Публикуване на видео"
"Post as ";"Мнение"
"Add Download";"Добавяне на Download"
"Select Tab";"Изберете раздела"
"File Name";"Името на файла"
"File Size";"Размер на файла"
"File URL";"File URL"
"Download Description";"Изтегляне Описание"
"Add";"Добавяне"
"Add New Tab";"Добавяне на нов подпрозорец"
"Name";"Име"
"Add News +";"Добавяне Новини +"
"News Specifications";"Новини Спецификации"
"Language";"Език"
"Switch to Translated Language";"Превключване към Преведено език"
"News Content";"Новини съдържание"
"Headline";"Заглавие"
"Main Image";"Основното изображение"
"Delete Image";"Изтриване на изображението"
"Short Description";"Кратко описание"
"News Text";"Новини текст"
"Publish Language Article";"Публикуване член език"
"Publish Main Article";"Публикуване Основна статия"
"Save";"Запази"
"News Type";"Новини"
"Search game...";"Търсене на игра ..."
"Search company...";"Търсене на компания ..."
"Image";"Изображението"
"Intro text";"Intro Текст"
"Body text";"Body текст"
"Published";"Published"
"Save and Close";"Запиши и затвори"
"Add Game";"Добавяне на играта"
"Genre";"Жанра"
"Platform";"Платформа"
"URL";"URL"
"Game Description";"Описание на играта"
"Add Media";"Добавяне Медия"
"Youtube link/upload files";"YouTube Link / качване на файлове"
"Edit Company Info";"Редактиране на компанията"
"Company Type";"Вид фирма"
"Headquarters";"Щаб"
"Founded";"Основана"
"Ownership";"Собственост"
"Employees";"Работниците и служителите"
"Company Url";"Дружеството URL"
"Company Description";"Описание на компанията"
"Edit Download";"Edit Свали Файла"
"Edit Tab";"Редактиране Tab"
"Edit Media";"Edit Media"
"Order companies:";"Разред дружества:"
"Alphabetically";"Азбучен ред"
"By Popularity";"По популярност"
"By Rating";"По оценка"
"By Date Added";"Дата на добавяне"
"upload picture";"Качите картина"
"Company Info";"Информация за фирмата"
"Joined";"Регистрация"
"Website";"Уебсайт"
"Like";"Като"
"Unlike";"За разлика от"
"Rating";"Рейтинг"
"Your rating";"Вашата оценка"
"Raters";"Оценители"
"Search for companies...";"Търси за компании ..."
"Your search matched";"Вашето търсене съответстват"
"companies";"Дружества"
"You searched for:";"Сте търсили за:"
"Show Description";"Покажи описание"
"Hide Description";"Скриване Описание"
"Developers";"Строителните предприемачи"
"Publishers";"Издателите"
"Info";"Инфо"
"There is no description for this company at the moment.";"Няма описание за тази компания в момента."
"Game";"Игра"
"Search Companies...";"Търси компании ..."
"There are no companies here. Yet!";"Има още няма фирми тук!"
"Total: [_1]";"Общо: [_1]"
"Information";"Информация"
"Forum Posts";"Форум пощи"
"Edit company info";"Редактиране на информация"
"Show more";"Показване на повече"
"Hide";"Скриване"
"There are no games here. Yet!";"Има още няма игри тук!"
"Top Companies";"Най-добрите компании"
"Developer Companies";"Developer компании"
"There are no media here. Yet!";"Има още няма медиите тук.!"
"Articles: [_1]";"Членове: [_1]"
"Page: [_1] of [_2]";"Страница: [_1] [_2] "
"Search News...";"Търсене на новини ..."
"Search Results";"Резултати от търсенето"
"Searched for: ";"Търсене на:"
"There are no news here. Yet!";"Има още няма новини тук.!"
"Show Pop Companies";"Покажи Поп фирми"
"Hide Pop Companies";"Скрий Поп компанията"
"All Companies";"Всички фирми"
"Total Matches";"Брой мачове"
"Show Top Companies" Покажи най-големите компании "
"Hide Top Companies";"Скриване на най-големите компании"
"Search...";"Търсене ..."
"Invite";"Покани"
"Calendar";"Календар"
"Wall";"Стена"
"Event Info";"Информация за събитието"
"Start date";"Начална дата"
"End date";"Крайна дата"
"Location";"Местоположение"
"Privacy";"Privacy"
"Public";"Общественост"
"Private";"Private"
"Invitations";"Покани"
"Invite People";"Покани на хората"
"Attend";"Посетя"
"groups";"Групи"
"Found";"Намерено"
"There are no events at this moment";"Има Няма събития в този момент"
"Create event";"Създаване на събитие"
"Event Title";"Наименование на събитието"
"Event Type";"Тип на събитието"
"Choose Type";"Избор на тип"
"Date & Time";"Дата & Време"
"Time";"Време"
"Add end time";"Добавяне на времето на края"
"Make recurring";"Извършват многократни"
"End Date";"Крайна дата"
"Recurrence";"Повторение"
"Recurring Schedule";"Повтарящо график"
"Select friends";"Изберете приятели"
"Make the event public";"Направете публично събитие"
"Let invited people invite more people";"Нека поканени хора да покани повече хора"
"Invite friend";"Покани приятел"
"Recurrence limited by";"Повторение ограничени от"
"Starting time";"От време"
"Ending time";"Прекратяване време"
"Select All";"Избиране на всички"
"Deselect All";"Отстранете всички"
"User Info";"Информация за потребителя"
"Age";"Възраст"
"Posts";"Пощи"
"Threads";"Нишки"
"There are no invitees here. Yet!";"Има още няма поканените тук!"
"Create New Event +";"Създаване на нова събитие +"
"There are no participants here. Yet!";"Има още няма участници тук!"
"Search here...";"Търсене тук ..."
"Write on Event Wall...";"Пишете на събитие стена ..."
"Write on Group Wall...";"Пишете на Група стена ..."
"Post by";"Мнение от"
"View All Comments";"Виж всички коментари"
"No Comments";"Няма коментари"
"Hide comments";"Скриване коментари"
"Comment >";"Коментар>"
"Comment";"Коментар"
"Add Board";"Добави съвет"
"Board name";"Име"
"Create";"Създаване"
"Add Category";"Добавяне на категория"
"Edit Board";"Edit съвет"
"Edit Category";"Редактиране на категория"
"Child boards";"Подфоруми"
"Delete";"Изтриване"
"Topics";"Теми"
"By";"С"
"In";"В"
"modified";"Модифицирани"
"[_1] at [_2] said";"[_1] [_2] Каза:"
"Quote";"Сметни"
"Reply";"Отговор"
"Text for the post";"Текст за поста"
"Re";"Re"
"Search for forums...";"Търсене за форуми ..."
"forums";"Форуми"
"Create new thread";"Създаване на нова тема"
"Subject";"Тема"
"Subject...";"Тема ..."
"Views";"Мнения"
"Replies";"Отговори"
"Unknown";"Неизвестен"
"There are no forum topics at this moment";"Няма теми от форума в този момент"
"Create New Topic";"Създаване на нова тема"
"Title of the new topic";"Заглавие на новата тема"
"Create New Category +";"Създаване на нова категория +"
"All Forums";"Всички форуми"
"Thread";"Тема"
"There are no forums at this moment";"Няма форуми в този момент"
"Thread title";"Заглавие на тема"
"Statistics";"Статистика"
"Last Post";"Последно мнение"
"All Platforms";"Всички платформи"
"Edit Game Info";"Edit Информация за играта"
"All Downloads";"Всички файлове за изтегляне"
"Search Downloads...";"Търсене Downloads ..."
"Order games:";"Разред игри:"
"By Release Date";"До Дата на издаване"
"Select a genre";"Изберете жанр"
"Game Info";"Информация за играта"
"Released";"Освободена"
"Distributors";"Дистрибутори"
"Image Dimensions: 200x300px";"Размери на изображението: 200x300px"
"Game Events";"Игра Събития"
"games";"Игри"
"All Games";"Всички игри"
"Popular";"Популярна"
"Recently Added";"Последно добавени"
"Download Info";"Изтегляне на информация"
"Size";"Размер"
"Date";"Дата"
"Download file";"Изтегляне на файла"
"Delete download";"Изтриване изтеглите"
"There are no downloads at this moment";"Няма сваляния в този момент"
"Download";"Изтегляне"
"There is no description at this moment";"Няма описание в този момент"
"Edit game info";"Edit Информация за играта"
"Top Games";"Топ игри"
"Add Media +";"Добавяне на медиите +"
"There are no screenshots at this moment";"Има няма снимки на екрани в този момент"
"There are no videos at this moment";"Няма клипове в този момент"
"There are no concept art at this moment";"Няма концепция за изкуство в този момент"
"There are no wallpapers at this moment";"Няма тапети в този момент"
"There are no news at this moment";"Няма новини в този момент"
"Show Pop Games";"Покажи Поп игри"
"Hide Pop Games";"Скриване на поп игри"
"Recent Added Games";"Последните добавени игри"
"Show Top Games";"Игри"
"Hide Top Games";"Скрий Топ Игри"
"Add Affiliated Group";"Добавяне филиал Груп"
"Search groups";"Групи"
"Create Group";"Създаване на група"
"Group Name";"Име на група"
"Search game";"Търсене игра"
"Type 1";"Тип 1"
"Type 2";"Тип 2"
"Group Description";"Група Описание"
"You have reached your groups limit. To create more groups, please buy additional groups.";"Вие сте достигнали групи граница да създадете повече групи, моля да си закупите допълнителни групи."
"Invite Members";"Поканете членове"
"Search Player";"Търси Играч"
"Edit Affiliated Group";"Редактиране на филиал Груп"
"Edit Group Info";"Редактиране на информация за групата"
"Group Leader";"Група Лидер"
"Group Info";"Информация за групата"
"Leader";"Лидер"
"Created";"Създава"
"All Groups";"Всички групи"
"Create New Group +";"Създаване на нова група +"
"Recent";"Последните"
"Edit group info";"Редактиране на информация за групата"
"Affiliated groups";"Свързан групи"
"Add Affiliate";"Добави Affiliate"
"Invite Members +";"Поканете членове +"
"Applications";"Приложения"
"Recently Added Groups";"Неотдавна добавени групи"
"Request To Join [_1]";"Заявката за присъединяване [_1]"
"I want to join because";"Искам да се присъединят, защото"
"Symbols left";"Символи наляво"
"Send";"Изпрати"
"Are you sure you want to delete the cart item?";"Сигурни ли сте че искате да изтриете елемента количка?"
"Paste your video link here...";"Поставяне видео Вашата връзка тук ..."
"Post image";"Мнение изображение"
"Welcome to PlayNation!";"Добре дошли PlayNation!"
"PlayNation is a social network and news site targeted directly at gaming and gamers around the globe.";"PlayNation е социална мрежа и новинарски сайт, насочени директно към игрите и геймърите по целия свят."
"PlayNation aims to bring you all the relevant news from the global gaming scene. We do not just offer the latest top news. Our goal is to deliver the latest news about the gaming industry, games, gaming equipment, gaming events, gaming groups, players and everything else out there to satisfy your gaming needs.";"PlayNation има за цел да Ви донесе всички новини от световната сцена игри. Ние не само предлагаме най-новите топ новини. Нашата цел е да предоставяме последните новини около игралната индустрия, игри, игрални съоръжения, събития, игри, игрални групи, играчите и всичко останало там, за да отговарят на вашите геймърски нужди. "
"PlayNation offers a social network, e-sport, news, events and much more for gamers around the globe. We aim to combine all the features needed for the gamer in one complete package.";"PlayNation предлага социална мрежа, електронен спорт, новини, събития и много повече за геймърите по целия свят Нашата цел е да се съчетаят всички характеристики, необходими за геймър в един пълен пакет."
"Information and news from everything gaming related to every gamer in the world, without spending hours searching the internet.";"Информация и новини от всичко за игри, свързани с всеки геймър в света, без да харчите часа търсене в Интернет."
"Join the PlayNation Network with a personal profile and socialize in an environment that is directly tailored for gaming needs.";"Присъединете се към на мрежата PlayNation с личен профил и общуват в среда, която е пряко пригодена за геймърски нужди."
"Setup a complete group page for your guild, house, fraction or clan, with all the basic features right at your fingertips!" Msgstr "Настройка на група пълен страница за вашата гилдия, къща, фракция или клан, с всички основни функции в ръцете Ви!"
"Use our growing database of games to keep up with upgrades and add-ons, get the latest downloads and join the fanbase.";"Използвайте нашата разрастваща се база данни от игри, за да се справи с подобрения и добавки, вземете най-новите и да се присъединят към фенове."
"The forum is open to all registered users. Join the debate, share your experience and get help to solve that pesky mission!";"Форумът е отворен за всички регистрирани потребители Включете се в дебата, да споделите своя опит и да получите помощ, за да се реши този досадни мисия.!"
"PlayNation’s e-sport section allows players to face-off against other players in any skill based game they can imagine.";"Електронен спорт раздел PlayNation позволява на играчите да се изправят срещу други играчи в всяко умение, базирана игра, те могат да си представите."
"Use our growing database of developers, publishers and distributors to follow the latest news, coming titles and future plans.";"Използвайте нашата разрастваща се база данни от разработчици, издатели и разпространители, да следват най-новите новини, идващи заглавия и бъдещи планове."
"All";"Всички"
"Company";"Дружеството"
"Frontpage item look";"Frontpage т. поглед"
"List item look";"Външен вид на списък"
"Inside look";"Вътре изглежда"
"Top 5 Companies";"Топ 5 фирми"
"User Rating";"Оценка на читателите"
"Top 5 Games";"Топ 5 игри"
"Search Games...";"Търси в игрите ..."
"Show all companies";"Показване на всички фирми"
"Show all games";"Покажи всички игри"
"Show All Country News";"Покажи всички новини на страната"
"Show all countries";"Показване на всички страни"
"Dislike";"Не харесва"
"I want to share news with you:";"Искам да споделя новината с вас:"
"Comment...";"Коментар ..."
"Search news...";"Търсене на новини ..."
"Local";"Местен"
"Back to All Companies";"Обратно на всички дружества"
"Back to All Games";"Назад към Всички игри"
"Top News";"Топ Новини"
"Back to News";"Назад към Новини"
"View Comments";"Вижте Коментари"
"Edit in";"Редактиране"
"Show Platform List";"Показване на списък на платформа"
"Popularity";"Популярността"
"Hide Platform List";"Скрий Списък платформа"
"Popular Top 5";"Популярна Топ 5"
"Searched for";"Търсена за"
"Show ";"Покажи"
"Hide ";"Скриване"
"Contact";"Контакти"
"Password Recovery";"Password Recovery"
"Enter your e-mail address for password recovery";"Въведете вашия е-мейл адрес за възстановяване на парола"
"Recover";"Възстановяване"
"New Message";"Ново съобщение"
"To";"Да"
"Message >";"Съобщение>"
"E-mail";"E-поща"
"Password";"Парола"
"Forgot password?";"Забравена парола?"
"Log In";"Вход"
"Nickname";"Nickname"
"Confirm Password";"Потвърждение на паролата"
"I accept the Terms of Service";"Аз приемам Условията за ползване"
"Register";"Регистрация"
"Share news by message";"Сподели новини от съобщение"
"Post text";"Мнение текста"
"Cancel";"Отказ"
"Send message";"Изпращане на съобщение"
"Player suggestions are based on";"Играч предложения се основават на"
"My Friends";"Моите приятели"
"My Location";"Моето място"
"Paste your link here...";"Поставяне Вашата връзка тук ..."
"Share link";"Сподели връзка"
"players";"Играчите"
"Share video";"Споделяне на видео"
"Share your thoughts >";"Споделете вашите мисли>"
"Edit Description";"Редактиране Описание"
"Write Description";"Напиши Описание"
"Game Description >";"Описание на играта>"
"Friend";"Приятел"
"Accept";"Приемам"
"Reject";"Отхвърли"
"Delete Friend";"Изтриване на приятел"
"Delete Selected";"Изтриване"
"Delete All";"Изтриване на всички"
"Inbox";"Входящи"
"Sent";"Изпратени"
"New!";"Ново!"
"Read";"Read"
"Forward";"Напред"
"Sent Messages";"Изпратени съобщения"
"Message To";"Посланието към"
"My events";"Моите събития"
"You have no events at this moment";"Нямате събития в този момент"
"You have no friends at this moment";"Нямате приятели в този момент"
"My games";"Моите игри"
"You have no games at this moment";"Нямате игри в този момент"
"My groups";"Моите групи"
"You have no groups at this moment";"Нямате групи в този момент"
"My notifications";"Моите уведомление"
"Player(s) [_1] commented on your wall [_2]post[_3].";"Играч (и) [_1] коментира на стената ви [_2] мнение [_3]."
"Player [_1] posted on your wall [_2]post[_3].";"Player [_1] написали на стената ви [_2] мнение [_3]."
"Player(s) [_1] commented the [_2]post[_3] by [_4] on your wall.";"Играч (и) [_1] коментира [_2] след [_3] [_4] на стената ви."
"Player(s) [_1] commented your [_2]post[_3] on [_4] wall.";"Играч (и) [_1] коментира [_2] мнение [_3] [_4] стена"
"Player(s) [_1] also commented the [_2]post[_3] by [_4].";"Играч (и) [_1] коментира [_2] мнение [_3] [_4]."
"Player";"Играч"
"Group";"Групата"
"[_1][_2][_3], whom you subscribe to, has posted a new public [_4]post[_5].";"[_1] [_2] [_3], Които се абонирате, е публикуван на една нова публична [_4] мнение [_5]."
"Player(s) [_1] liked your [_2]post[_3].";"Играч (и) [_1] хареса [_2] след [_3]."
"Player(s) [_1] disliked your [_2]post[_3].";"Играч (и) [_1] не харесвал [_2] след [_3]."
"Player [_1] is now subscribed to you.";"Player [_1] вече е записан, за вас."
"Player [_1] has sent you a friend request.";"Player [_1] ви е изпратил молба за приятелство."
"Player [_1] has accepted your friend request.";"Player [_1] е приел молбата ти за приятелство."
"Player(s) [_1] has posted in a topic: [_2] in forum: [_3] - [_4].";"Играч (и) [_1] е публикувал в тема: [_2] във форума: [_3] - [_4]"
"Player [_1] has posted a new topic: [_2] in forum [_3] - [_4].";"Player [_1] публикува нова тема: [_2] във форума [_3] - [_4]"
"News from company [_1].";"Новини от компания [_1]."
"News from game [_1].";"Новини от игра [_1]."
"News from group [_1].";"Новини от група [_1]."
"Player(s) [_1] commented on a [_2]news item[_3], you subscribe to.";"Играч (и) [_1] коментира на [_2] новина [_3], можете да се абонирате за"
"Player [_1] has invited you to join the group [_2].";"Player [_1] е поканил да се присъедини към групата [_2]."
"Player [_1] has applied to join the group [_2].";"Player [_1] е подал молба да се присъедини към група [_2]."
"Notification_";"Notification_"
"There are no notifications at this moment";"Няма съобщения в този момент"
"[_1] has no events at this moment";"[_1] Няма събития в този момент"
"[_1] has no games at this moment";"[_1] Няма игри в този момент"
"[_1] has no groups at this moment";"[_1] Няма групи в този момент"
"You should recieve an activation email within a few minutes. Please check your spam folder if you cannot find the activation email in your inbox.";"Вие трябва да получите имейл за активиране в рамките на няколко минути Моля, проверете папката за спам, ако не можете да намерите имейл за активиране в пощенската си кутия."
"Your new password";"Вашата нова парола"
"Subscriptions";"Абонаменти"
"Number Of Subscriptions";"Брой на абонатите"
"All Subscriptions";"Всички абонаменти"
"Forums as Member";"Форуми като държавите-членки"
"Forums";"Форуми"
"Forum Boards";"Форум дъски"
"Forum Topics";"Теми"
"Recent Subscriptions";"Последните Абонаменти"
"Event";"Събитие"
"Forum Board";"Форум съвет"
"Forum Topic";"Форум тема"
"You have no subscriptions at this moment";"Нямате абонаменти в този момент"
"Account Settings";"Account Settings"
"Registered";"Регистрация"
"User information";"Информация за потребителя"
"First name";"Първо име"
"Last name";"Фамилия"
"Display name";"Дисплей име"
"Repeat password";"Повтори паролата"
"Usage information";"Използване на информация"
"Images";"Образи"
"Links";"Връзки"
"Nick";"Nick"
"Add friend";"Добави приятел"
"Username";"Потребителско име"
"Get Contacts";"Вземи Контакти"
"Invite Selected";"Покани"
"shared news:";"Споделена новина:"
"New message";"Ново съобщение"
"Page";"Страница"
"[_1] of [_2]";"[_1] [_2]"
"There are no messages at this moment";"Няма съобщения в този момент"
"My";"Моят"
"Players you might know";"Играчите може да се знае"
"Back to inbox";"Назад във входящата поща"
"Reply...";"Отговор ..."
"Attach video";"Прикачване видео"
"Home";"Home"
"Link";"Връзка"
"Video";"Video"
"Post images here...";"Пост снимки тук ..."
"Post link";"Мнение връзката"
"Write on Wall...";"Пишете на стената ..."
"Write on Friend Wall...";"Пишете на приятел стена ..."
"items";"Предмети"
"Credits";"Кредити"
"Payment Options";"Опции за плащане"
"PayPal";"PayPal"
"Billing Details";"Платежни детайли"
"Street Address";"Адрес"
"Postal Code";"Пощенски код"
"City/Town";"City / Град"
"You do not have enough PlayNation Dollars on your account. Please buy PlayNation Dollars now.";"Вие не достатъчно долари PlayNation на сметката си Моля, купуват PlayNation долари сега."
"You have already activated this feature. It will renew on [_1]. If you wish to extend it now, [_2] will get deducted from your account.";"Вие сте активирали тази функция ще поднови [_1] Ако желаете да го удължи, [_2] ще се приспада от сметката си."
"This will grant you access to [_1] Free Game per Month. [_2] will get deducted from your account.";"Това ще ви предостави достъп до [_1] Безплатна игра на месец [_2] ще се приспада от сметката си."
"This will allow you to create additional [_1] group(s). [_2] will get deducted from your account.";"Това ще ви позволи да се създаде допълнителна [_1] група (и) [_2] ще се приспада от сметката си."
"This will increase your image limit to [_1]. [_2] PND will be deducted from your account.";"Това ще увеличи лимита си имидж [_1] [_2] на PND ще бъде приспадната от сметката ви."
"This will remove all ads and banners on the site. [_1] PND will be deducted from your account.";"Това ще премахне всички реклами и банери на сайта [_1] на PND ще бъде приспадната от сметката ви."
"Confirm";"Потвърди"
"Close";"Затваряне"
"This will upgrade your Basic membership to a [_1] membership. [_2] will be deducted from your account.";"Това ще подобрят основните си членство [_1] членство [_2] ще бъде приспадната от сметката си."
"This will extend your membership. [_1] will be deducted from your account.";"Това ще разшири членството си [_1] ще бъде приспадната от сметката си."
"This will change your [_1] ([_2] months) membership to a [_3] ([_4] months) membership. The change will happen when your membership renews on [_5].";"Това ще промени вашия [_1] ([_2] месеца) за членство [_3] ([_4] месеца) членството Промяната ще се случи, когато членството си подновява на [_5]."
"Memberships are non-refundable. You have [_1] month(s) and [_2] day(s) left of your membership and cannot upgrade to a [_3] ([_4] months) membership. You must choose another upgrade.";"Членството не се възстановява. Вие имате [_1] месеца (и) и [_2] ден (и) в ляво от членството си и не може да ъпгрейд на един [_3] ([_4] месеца) членство. Вие трябва да изберете друг ъпгрейд. "
"This will upgrade your [_1] ([_2] months) membership to a [_3] ([_4] months) membership. You have [_5] days left of your [_6] membership and this will reduce the price of your upgrade with [_7]. [_8] will be deducted from your account.";"Това ще надстрои вашия [_1] ([_2] месеца) за членство [_3] ([_4] месеца) членство. [_5] Дни ляво на вашия [_6] членство и това ще намали цената на надграждане с _7] [_8] ще бъдат приспаднати от вашата сметка ".
"You already have a downgrade to a [_1] ([_2] months) membership pending. It will happen automatically when your membership renews on [_3].";"Вие вече имате понижение [_1] ([_2] месеца) Членството висящи Това ще се случи автоматично, когато членството си подновява на [_3]."
"You already have a downgrade to a [_1] ([_2] months) membership pending. If you continue, you will replace that downgrade with a downgrade to a [_3] ([_4] months) membership. It will happen automatically when your membership renews on [_5].";"Вие вече имате понижение [_1] ([_2] месеца) Членството висящи. Ако продължите, ще замени че понижи с понижен [_3] ([_4] месеца) членство. Това ще се случи автоматично, когато членството си подновява на [_5] ".
"This will downgrade your [_1] ([_2] months) membership to a [_3] ([_4] months) membership. Memberships are non-refundable and your downgrade will happen when your membership renews on [_5].";"Това ще понижи [_1] ([_2] месеца) за членство [_3] ([_4] месеца) членството на членството не се възстановяват и понижаване ви ще стане, когато членството си подновява на [_5]."
"Canceled!";"Анулира!"
"Your payment has been canceled!";"Плащането Ви е отменен!"
"Quantity";"Количество"
"Complete Order Now";"Пълна Поръчайте сега"
"This will complete your order and your payments will be deducted from your account.";"Това ще завърши вашата поръчка и плащанията Ви ще бъдат приспаднати от сметката си."
"You do not have enough credits.";"Вие не разполагат с достатъчно кредити."
"Shopping cart is empty";"Количката е празна"
"History";"История"
"Search for Products...";"Търси продукти ..."
"All Products";"Всички продукти"
"Special Offers";"Специални оферти"
"Converter";"Конвертор"
"Amount of PD to convert";"Размер на PD да конвертирате"
"Convert";"Convert"
"Order History";"Ред история"
"Total Price";"Обща цена"
"Status";"Status"
"Order Nr.";"Заповед №."
"Completed";"Завършен"
"Shipped";"Доставят"
"Payed";"Платените"
"Ordered";"Заповядва"
"You have not made any transactions.";"Не са направени никакви сделки."
"Cash Out";"Cash Out"
"IBAN";"IBAN"
"SWIFT";"SWIFT"
"Amount";"Сума"
"Cash Out Now";"Кеш сега"
"This will complete your Cash Out and the amount will be transferred to your bank account.";"Това ще завърши в брой и стойността му ще бъдат прехвърлени към банковата си сметка."
"Notice! It is only possible to cash out PlayNation Dollars. The minimum Cash Out Amount is [_1] PlayNation Dollars. The Cash Out Fee is [_2] PlayNation Dollars and will be deducted from your Account. Read our [_3] to learn more about PlayNation’s Cash Out Policy.";"Известие! Това е възможно само за теглене PlayNation долари. Минималният Cash Out размер [_1] PlayNation долари. Cash Out таксата е [_2] PlayNation долари и ще бъде приспадната от сметката ви. [_3], За да научите повече за Cash PlayNation политика ".
"Terms of Service";"Условия за ползване"
"There are no products at this moment";"Няма нито един продукт в този момент"
"Basic";"Basic"
"Silver";"Сребърен"
"Gold";"Gold"
"Platinum";"Платинум"
"Months";"Месеци"
"Save [_1]%";"Save [_1]%"
"Free";"Свободен"
"Individual Features";"Индивидуалните особености"
"[_1]";"[_1]"
"[_1]/[_2] months";"[_1] / [_2] Месеца"
"You have reached your photo limit. To upload more photos, please buy additional photos.";"Вие сте достигнали своя лимит на снимки да качите повече снимки, моля да закупите допълнителни снимки."
"Order Nr. ";" "Заповед № ...";"
"Downloads left [_1] of [_2]";"Downloads оставяли [_1] [_2]"
"Order Details";"Разред детайли"
"Date of Order";"Дата на поръчка"
"Date of Order Complete";"Дата на Ред Complete"
"Date of Shipment";"Дата на експедиране"
"Date of Payment";"Дата на плащане"
"Success!";"Успех!"
"[_1] has been deducted from your account and your order has been completed. You will receive an e-mail with your receipt.";"[_1] Са били приспаднати от вашата сметка и поръчката ви е завършена Вие ще получите електронна поща с вашето получаване."
"You are now a [_1] member. Your membership will automatically renew every [_2] months unless you cancel or don`t have enough PD on your account. The first renewal date is [_3].";"Вие сте член [_1] Вашето членство ще бъде подновен автоматично на всеки [_2] месеца, освен ако не отмени или нямам достатъчно PD по сметката си първата дата за подновяване е _3 []."
"You can always check the status of your membership, upgrade, downgrade and cancel in your user settings.";"Винаги можете да проверите състоянието на вашето членство, надграждане, понижение и отменя във вашите потребителски настройки."
"Thank you for your order. We hope you enjoy your new membership.";"Благодаря ви за вашата поръчка Надяваме се да се радвате на ново членство."
"You will receive an e-mail with your receipt. You have succesfully extended your [_1] membership. The next renewal date is [_2].";"Вие ще получите електронна поща с вашето получаване Вие успешно удължен [_1] членство следващата дата за подновяване [_2]."
"Thank you for your order.";"Благодарим ви за вашата поръчка."
"You have scheduled a change to a [_1] ([_2] months) membership. It will happen when your membership renews on [_3]. [_4] will be deducted from your account when your order completes and you will receive an e-mail with your receipt.";"Вие сте планирали промяна [_1] ([_2] месеца) членство. Това ще се случи, когато членството си подновява [_3] [_4 ще бъде приспадната от сметката ви, когато поръчката си завърши и вие ще получите електронна поща с получаването си ".
"You have scheduled a downgrade to a [_1] membership. It will happen when your membership renews on [_2]. [_3] will be deducted from your account when your order completes and you will receive an e-mail with your receipt.";"Вие сте планирали понижен до [_1] членство. Това ще се случи, когато членството си подновява на [_2] [_3 ще бъде приспадната от сметката ви, когато поръчката ви се допълва и ще получите електронна поща с вашето получаване. "
"You have now increased your photo limit with [_1]. Your new limit is [_2].";"Вие сте сега нарасна снимката си лимит с [_1] Вашият нов срок [_2]."
"You have now increased your group limit with [_1]. Your new limit is [_2].";"Вие сте сега увеличава вашата група лимит с [_1] Вашият нов срок [_2]."
"You have now activated No Ads or Banners. The feature will automatically renew every [_1] months unless you cancel or don`t have enough PD on your account. The first renewal date is [_2].";"Вие сте активира не реклами или банери функция ще се подновява автоматично на всеки [_1] месеца, освен ако не отмени или нямам достатъчно PD по сметката си първата дата за подновяване [_2]."
"Best Regards,";"Най-добри пожелания"
"Customer Services";"Обслужване на клиенти"
"PlayNation.eu";"PlayNation.eu"
"Go to my profile page";"Преход към страницата с моя профил"
"Sign out";"Изход"
"Log in";"Вход"
"Loading...";"Зареждане ..."
"Read more »";"Прочетете повече";"
"Comments";"Коментари"
"Upcoming Event";"Предстоящо събитие"
"Share news on group wall";"Сподели новина на група стена"
"Post on group wall";"Мнение на група стена"
"Share news on your wall";"Сподели новина на стената ви"
"Post on wall";"Мнение на стена"
"Show comments";"Показване на коментари"
"Share";"Share"
