"Companies";"Companii"
"News";"Știri"
"Search results";"Rezultate căutare"
"Games";"Jocuri"
"Media";"Media"
"Upcoming events";"Evenimente viitoare"
"Current events";"Evenimente curente"
"Videos";"Clipuri"
"Screenshots";"Imagini de Ecran"
"Concept Art";"Artă Conceptuală"
"Wallpapers";"Imagini de Fundal"
"Add News";"Adaugă Știri"
"Edit News";"Editează Știri"
"Events";"Evenimente"
"All events";"Toate evenimentele"
"events";"evenimente"
"Edit event - ";"Editează eveniment - "
"Edit event";"Editează eveniment"
"Create new event";"Creează eveniment nou"
"Please choose the type of event";"Vă rugăm să alegeți tipul evenimentului"
"Event cannot start in the past";"Evenimentul nu poate începe în trecut"
"Event title cannot be shorter than 3 symbols";"Titlu evenimentului nu poate fi mai scurt de 3 simboluri"
"End date cannot be before start date";"Data de sfârșit nu poate fi în fața datei de început"
"Participants";"Participanți"
"Invited";"Invitat"
"Forum";"Forum"
"Create Thread";"Creează Subiect"
"Downloads";"Descărcări"
"Players";"Jucători"
"Groups";"Grupuri"
"Recent Groups";"Grupuri Recente"
"Group News";"Știri Grup"
"Members";"Membri"
"Member Applications";"Aplicații membru"
"Member Invitations";"Invitații membru"
"PlayNation";"PlayNation"
"This e-mail doest not excist in our system";"Acest e-mail nu există în baza noastră de date"
"Register on PlayNation";"Înregistreaza-te la PlayNation"
"Sign in to PlayNation";"Loghează-te la PlayNation"
"Referral";"Referal"
"Post";"Postare"
"Recent News";"Știri Recente"
"Popular News";"Știri Populare"
"Platform News";"Știri despre Platforma"
"Companies Search Results";"Rezultate Căutare Companii"
"Company News";"Știri Companii"
"Games Search Results";"Rezultate Căutare Jocuri"
"Game News";"Știri Jocuri"
"Countries";"Țări"
"Create News";"Creează Știre"
"All Players";"Toți Jucătorii"
"Edit profile";"Editează profil"
"Profile Page";"Pagină Profil"
"Login Required!";"Login Necesar!"
"Registration successful";"Înregistrat cu succes"
"Activation successful";"Activat cu succes"
"Password Reseted";"Parolă Resetată"
"Error: E-mail not found";"Eroare: E-mail-ul nu a fost găsit"
"Incorrect e-mail or password";"Parolă sau e-mail incorect"
"My friends";"Prietenii Mei"
"Friends";"Prieteni"
"My Subscriptions";"Abonările Mele"
"My Groups";"Grupurile Mele"
"My Games";"Jocurile Mele"
"Notification_Like";"Cuiva i-a placut postarea ta"
"Notification_Dislike";"Cuiva nu i-a placut postarea ta"
"Notification_SubscribePlayer";"Ai un nou abonat"
"Notification_FriendRequest";"Cerere nouă de prietenie"
"Notification_FriendReply";"Prieten nou"
"Notification_NewPM";"Mesaj personal nou"
"Notification_NewForumPost";"Postare nouă pe forum"
"Notification_NewForumTopic";"Subiect nou pe forum"
"Notification_CompanyNews";"Știri noi despre Companii"
"Notification_GameNews";"Știri noi despre Jocuri"
"Notification_GroupNews";"Știri noi pe grup"
"Notification_NewsReply";"Comentariu nou la Știre"
"Notification_GroupInvite";"Invitație grup"
"Notification_GroupApplication";"Aplicare grup"
"Notifications";"Notificări"
"Notification_ReplyMyWall";"Replică nouă la postarea ta de pe perete"
"Notification_PostOnMyWall";"Postare nouă pe peretele tău"
"Notification_ReplyPostMyWall";"Replică nouă pe peretele tău"
"Notification_ReplyPostOtherWall";"Replică nouă la postarea ta"
"Notification_ReplyMyReply";"Cineva a postat o replică la postarea ta"
"Notification_PublicBySubscribe";"Postare nouă pe peretele abonat"
"Messages";"Mesaje"
"My Events";"Evenimentele Mele"
"Invite Friends";"Invită Prieteni"
"Registration";"Înregistrare"
"Referral";"Referral"
"Shop";"Magazin"
"Buy Credits";"Cumpără Credite"
"Orders History";"Istoric Comenzi"
"Order View";"Vezi Comenzi"
"Memberships";"Abonamente de Membru"
"Shopping Cart";"Coș de Cumpărături"
"Cancel Payment";"Anulează Plata"
"Successful Payment";"Plătit cu Succes"
"Order Complete";"Comandă Completă"
"Unpublished News";"Știri Nepublicate"
"?;"?
"?;"?
"Are you sure want to delete the friend?";"Ești sigur că vrei să ștergi prietenul? "
"Are you sure want to delete the post?";"Ești sigur că vrei sa ștergi postarea? "
"Are you sure want to delete the reply?";"Ești sigur că vrei să ștergi replica?"
"Are you sure want to delete the board?";"Ești sigur că vrei să ștergi tabela?"
"Yes";"Da"
"No";"Nu"
"New";"Nou"
"Are you sure want to delete the message?";"Ești sigur că vrei să ștergi mesajul?"
"Are you sure want to delete all messages?";"Ești sigur că vrei să ștergi toate mesajele?"
"Are you sure want to delete the member from the group?";"Ești sigur că vrei să elimini membrul din grup?"
"Are you sure want to delete the tab?";"Ești sigur că vrei să ștergi fila?"
"Are you sure want to delete the media?";"Ești sigur că vrei să ștergi elementele media?"
"Are you sure want to delete the affiliate?";"Ești sigur că vrei să ștergi afiliatul?"
"Are you sure want to delete the group?";"Ești sigur că vrei să ștergi grupul?"
"Are you sure want to leave the group?";"Ești sigur că vrei să părăsești grupul?"
"Are you sure want to delete the news item?";"Ești sigur că vrei să ștergi elementul de știri?"
"Edit";"Editează"
"Loading Paypal, please wait.";"Încărcare Paypal, vă rugăm așteptați."
"Number of events";"Numărul evenimentelor"
"Show more posts";"Arată mai multe postări"
"Show more friends";"Arată mai mulți prieteni"
"Show more subscribtions";"Arată mai mulți abonați"
"Show more notifications";"Arată mai multe notificări"
"Show more messages";"Arată mai multe mesaje"
"change picture";"schimbă imaginea"
"add picture";"adaugă imagine"
"Show more companies";"Arată mai multe companii"
"Are you sure want to delete download?";"Ești sigur că vrei să ștergi descărcarea?"
"Show more games";"Arată mai multe jocuri "
"Paste your video link >";"Lipește legătura video >"
"Upload image";"Încarcă imagine"
"Symbols left:";"Simboluri rămase:"
"January";"Ianuarie"
"February";"Februarie"
"March";"Martie"
"May";"Mai"
"April";"Aprilie"
"June";"Iunie"
"July";"Iulie"
"August";"August"
"September";"Septembrie"
"October";"Octobrie"
"November";"Noiembrie"
"December";"Decembrie"
"Mon";"Lun"
"Tue";"Mar"
"Wed";"Mie"
"Thu";"Joi"
"Fri";"Vin"
"Sat";"Sâm"
"Sun";"Dum"
"Search here";"Caută aici"
"Languages";"Limbi"
"Get friends";"Preia prieteni"
"Invite friends by typing their e-mail addresses";"Invită prietenii introducând adresele lor de email"
"Send invitations";"Trimite invitatii"
"Please fill in your personal information";"Vă rugăm completați informatiile personale"
"First Name";"Nume"
"Last Name";"Prenume"
"Display Name";"Nume Afișat"
"Your display name is the name you choose to display on your profile. It can be your first name, full name, nickname or any combination. It can also be something completely different. If you do not choose a display name, your nickname will be displayed by default.";" Numele afișat este numele ales de tine pentru a fi arătat pe profil. Poate fi numele tau, prenumele, porecla sau orice alta combinatie. Poate, de asemenea, să fie ceva complet diferit. Dacă nu alegi un nume afișat, porecla ta va fi afișată în mod standard."
"City";"Oraș"
"Country";"Țară"
"Timezone";"Fus Orar"
"Daylight saving time";"Oră de Vară"
"Date of birth";"Data nașterii"
"Site Language";"Limbă site"
"Your site language is the language in which you want to view the site. The default is English. If any content has not been translated into your site language, the English version will be displayed.";"Limba site-ului aleasă de tine este limba în care vei putea viziona site-ul. Dacă orice conținut nu a fost tradus în limba ta, versiunea în limba engleză va fi afișată."
"Additional Content Languages";"Limbi adiționale de conținut"
"You have the option to select a number of additional content languages. If our content has not been translated into your site language, it may be available in other languages that you prefer. You will get the option to choose between the available languages that you have selected.";"Ai opțiunea de a alege un număr de limbi adiționale pentru conținut. Dacă nu a fost tradus conținutul în limba aleasă de tine, este posibil să fie disponibil în alte limbi. Vei avea opțiunea de a alege dintre numeroasele limbi selectate."
"Personal Avatar";"Avatar Personal"
"Use PNG, GIF or JPG format";"Folosește forumatul PNG, GIF sau JPG"
"Max. window size: 200x300px";"Marime max. fereastră: 200x300px"
"Upload Image";"Încarcă imagine"
"Next";"Următor"
"Find your friends on PlayNation";"Gasește-ti prietenii pe PlayNation "
"Search for players...";"Caută jucători..."
"Search";"Caută"
"No players found";"Niciun jucător găsit"
"Add Friends";"Adaugă Prieteni"
"Invite your friends to PlayNation";"Invită-ți prietenii pe PlayNation"
"Add more fields";"Adaugă mai multe câmpuri "
"Import contacts from your e-mail account";"Importează contacte de pe contul tău de e-mail"
"For each friend that registers on PlayNation, we will reward you with 100 PlayCoins";"Pentru fiecare prieten care se înregistrează pe PlayNation, vei primi 100 PlayCoins"
"PlayCoins is one of PlayNation抯 virtual currencies and can be used to buy certain products and services on the site.";"PlayCoins reprezinta una din monedele virtuale PlayNation și poate fi folosită pentru cumpărarea diverselor produse de pe site."
"Previous";"Anterior"
"Add your favorite games";"Adaugă jocurile tale favorite"
"Search for games...";"Caută jocuri..."
"No games found";"Niciun joc găsit"
"Add Games";"Adaugă Jocuri"
"Apply for groups";"Aplică la grupuri "
"Search for groups...";"Caută grupuriSearch for groups..."
"No groups found";"Niciun grup găsit"
"Welcome to PlayNation";"Bun venit la PlayNation"
"Finish";"Finalizează"
"Total";"Total"
"Continue Order";"Continuă Comanda"
"Remove event";"Elimină eveniment"
"There is no description for this event at the moment.";"Momentan nu există nicio descriere pentru acest eveniment."
"Read more";"Citește mai mult"
"Hide description";"Ascunde descrierea"
"Participant";"Participant"
"Options";"Opțiuni"
"Description";"Descriere"
"Stop playing";"Oprește-te din jucat"
"Add to my games";"Adaugă la jocurile mele"
"Remove";"Elimină"
"There is no description for this product at the moment.";"Nu există nicio descriere momentan pentru acest produs."
"Error. News could not be saved!";"Eroare. Știrile nu au putut fi salvate!"
"Media Items";"Elemente Media"
"Media item";"Element Media"
"Game Type";"Tip Joc"
"Release Date";"Data de Lansare"
"Platforms";"Platforme"
"ESRB Rating";"Evaluare ESRB"
"I play this";"Îl Joc"
"Leave Group";"Părăsește Grupul"
"Remove application";"Elimină aplicația"
"Edit affilliated group";"Editează grupul afiliat"
"Remove affilliated group";"Elimină grupul afiliat"
"There is no description for this group at the moment.";"Momentan nu există nicio descriere pentru acest grup"
"Member";"Membru"
"Request to join group";"Cere să te alături acestui grup"
"[_1] friend(s)";"[_1] prieten(i)"
"[_1] game(s)";"[_1] joc(uri)"
"[_1] group(s)";"[_1] grup(uri)"
"and";"and"
"Remove player";"Elimină jucător"
"Add player to group";"Adaugă jucător la grup"
"Remove player from group";"Elimină jucătorul din grup"
"Remove player suggestion";"Elimină sugestia jucatorului"
"Reason";"Motiv"
"Rank";"Rang"
"Lives in [_1]";"Trăiește în [_1]"
"You have [_1] in common.";"Ai [_1] în comun."
"Pending";"Așteptare"
"Add Friend";"Adaugă Prieten"
"Send Message";"Trimite Mesaj"
"Unsubscribe";"Dezabonare"
"Subscribe";"Abonare"
"Type";"Tip"
"Available for members for free";"Disponibil membrilor în mod gratuit"
"This product is available to Silver, Gold and Platinum Members for free. Upgrade now and get 1, 2 or 3 games for free every month.";"Acest produs este diponibil membrilor Silver, Gold și Platinum, în mod gratuit. Actualizează acum și primeste 1, 2 sau 3 jocuri gratuit în fiecare lună."
"read more";"citește mai mult"
"Add to Cart";"Adaugă în Coș "
"There are no wall posts at this moment";"Momentan nu există postări pe perete"
"You have no wall posts at this moment";"Momentan nu deții nicio postare pe perete"
"You have no photos at this moment";"Momentan nu ai nicio fotografie"
"You have no videos at this moment";"Momentan nu ai niciun video "
"You have no links at this moment";"Momentan nu ai nicio legătură"
"[_1] has no wall posts at this moment";"[_1] nu are momentan nicio postare pe perete"
"[_1] has no photos at this moment";"[_1] nu are momentan nicio fotografie"
"[_1] has no videos at this moment";"[_1] nu are momentan niciun video"
"[_1] has no links at this moment";"[_1] nu are momentan nicio legătura "
"Post video";"Postează video"
"Post as ";"Posteează ca"
"Add Download";"Adaugă Descărcare"
"Select Tab";"Selectează Filă"
"File Name";"Nume Fișier"
"File Size";"Mărime Fișier"
"File URL";"URL Fișier"
"Download Description";"Descriere Descărcare"
"Add";"Adaugă"
"Add New Tab";"Adaugă Filă Nouă "
"Name";"Nume"
"Add News +";"Adaugă Știri +"
"News Specifications";"Specificații Știri"
"Language";"Limbă"
"Switch to Translated Language";"Schimbă la Limba Tradusă"
"News Content";"Conținut Știri "
"Headline";"Titlu"
"Main Image";"Imagine Principală"
"Delete Image";"Șterge Imaginea"
"Short Description";"Scurtă Descriere"
"News Text";"Text Știri "
"Publish Language Article";"Publică Articolul în Limba"
"Publish Main Article";"Publică Articol Principal"
"Save";"Salvează"
"News Type";"Tip Știri"
"Search game...";"Caută joc..."
"Search company...";"Caută companie..."
"Image";"Imagine"
"Intro text";"Text introductiv"
"Body text";"Corp Text"
"Published";"Publicat"
"Save and Close";"Salvează și Închide"
"Add Game";"Adaugă Joc"
"Genre";"Gen"
"Platform";"Platformă"
"URL";"URL"
"Game Description";"Descriere Joc"
"Add Media";"Adaugă Media"
"Youtube link/upload files";"Legătură Youtube/încarcă fișiere "
"Edit Company Info";"Editează Informații Companie"
"Company Type";"Tip Companie"
"Headquarters";"Sediu"
"Founded";"Fondat"
"Ownership";"Proprietariat"
"Employees";"Angajați"
"Company Url";"URL Companie"
"Company Description";"Descriere Companie"
"Edit Download";"Editează Descărcarea"
"Edit Tab";"Editează Fila"
"Edit Media";"Editează Media"
"Order companies:";"Ordonează Companii:"
"Alphabetically";"Alfabetic"
"By Popularity";"După Popularitate"
"By Rating";"După Evaluare"
"By Date Added";"După Data Adaugării"
"upload picture";"încarcă imagine"
"Company Info";"Informații Companie "
"Joined";"Alăturat"
"Website";"Website"
"Like";"Like"
"Unlike";"Unlike"
"Rating";"Evaluare"
"Your rating";"Evaluarea ta "
"Raters";"Evaluatori"
"Your search matched [_1]";"Căutarea ta s-a potrivit cu [_1]"
"You searched for:";"Ai căutat după:"
"Show Description";"Arată Descrierea"
"Hide Description";"Ascunde Descrierea"
"Info";"Informații"
"There is no description for this company at the moment.";"Momentan nu există nicio descriere pentru această companie."
"Game";"Joc"
"Search for companies...";"Caută companii..."
"companies";"companii"
"There are no companies here. Yet!";"Nu există nicio companie aici. Încă! "
"Total: [_1]";"Total: [_1]"
"Search Companies...";"Caută Companii..."
"Information";"Informații"
"Forum Posts";"Postări Forum "
"Edit company info";"Editează informații companii"
"Show more";"Arată mai mult"
"Hide";"Ascunde"
"There are no games here. Yet!";"Nu există niciun joc aici. Încă!"
"There are no media here. Yet!";"Nu există niciun element media aici.Încă!"
"Search for news...";"Caută Știri..."
"news";"știri"
"There are no news here. Yet!";"Nu există nicio știre aici. Încă!"
"Show Pop Companies";"Arată Companii Populare"
"Hide Pop Companies";"Ascunde Companii Populare"
"Popular Companies";"Companii Populare"
"All Companies";"Toate Companiile"
"Developer Companies";"Companii Dezvoltatoare"
"Total Matches";"Potriviri Totale"
"Show Top Companies";"Arată Companii de Top"
"Hide Top Companies";"Ascunde Companii de Top"
"Search...";"Caută..."
"Invite";"Invită"
"Calendar";"Calendar"
"Order events:";"Ordonează evenimente:"
"Wall";"Perete"
"Event Info";"Info Eveniment"
"Start date";"Dată de început"
"End date";"Dată de sfârșit"
"Location";"Locație"
"Privacy";"Confidențialitate"
"Public";"Public"
"Private";"Privat"
"Invitations";"Invitații"
"Invite People";"Invită Persoane"
"Attend";"Participă"
"Search Results";"Rezultate Căutare"
"Searched for: ";"Căutat după:"
"Found";"Găsit"
"Search for events...";"Căutat după evenimente..."
"There are no events at this moment";"Momentan nu există niciun eveniment"
"Create event";"Creează eveniment"
"Event Title";"Titlu Eveniment"
"Event Type";"Tip Eveniment"
"Choose Type";"Alege Tipul"
"Date & Time";"Data & Timpul"
"Time";"Timp"
"Add end time";"Adaăuga timp de încheiere"
"Make recurring";"Creează recurență"
"End Date";"Dată de final"
"Recurrence";"Recuranță"
"Recurring Schedule";"Program Recurență"
"Select friends";"Selectează prieteni"
"Make the event public";"Fă public evenimentul"
"Let invited people invite more people";"Permite persoanelor invitate să invite la rândul lor"
"Invite friend";"Invită prieten"
"Recurrence limited by";"Recuranță limitată de"
"Starting time";"Timp de început"
"Ending time";"Timp de final"
"Select All";"Selectează Tot"
"Deselect All";"Deselectează Tot"
"User Info";"Info Utilizator"
"Age";"Vârstă"
"Posts";"Postări"
"Threads";"Subiecte"
"There are no invitees here. Yet!";"Nu există niciun invitat aici. Încă!"
"Create New Event +";"Creează Eveniment Nou +"
"There are no participants here. Yet!";"Nu există niciun participant aici. Încă!"
"Search here...";"Caută aici..."
"Write on Event Wall...";"Scrie pe Peretele Evenimentului..."
"Write on Group Wall...";"Scrie pe Peretele Grupului..."
"Post by";"Postat de"
"View All Comments";"Vezi Toate Comentariile"
"No Comments";"Niciun Comentariu"
"Hide comments";"Ascunde comentarii"
"Comment >";"Comentează >"
"Comment";"Comentează"
"Add Board";"Adaugă Tabelă"
"Board name";"Nume Tabelă"
"Create";"Creează"
"Add Category";"Adaugă Categorie"
"Edit Board";"Editează Tabelă"
"Edit Category";"Editează Categorie"
"Child boards";"Secțiuni tabelă"
"Delete";"Șterge"
"Topics";"Subiecte"
"By";"De"
"In";"În"
"modified";"modificat"
"[_1] at [_2] said";"[_1] la [_2] a zis"
"Quote";"Citez"
"Reply";"Replică"
"Text for the post";"Text pentru postare"
"Re";"Re"
"Create new thread";"Creează subiect nou"
"Subject";"Subiect"
"Subject...";"Suboect..."
"Views";"Vizualizări"
"Replies";"Replici"
"Unknown";"Necunoscut"
"There are no forum topics at this moment";"Momentan nu există niciun topic pe forum"
"Create New Topic";"Creează Topic Nou "
"Title of the new topic";"Titlul noului topic"
"Create New Category +";"Creează Categorie Nouă+"
"Search for forums...";"Caută forumuri..."
"forums";"forumuri"
"All Forums";"Toate Forumurile "
"Thread";"Subiect"
"There are no forums at this moment";"Momentan nu există niciun forum"
"Thread title";"Titlu Subiect"
"Statistics";"Statistici"
"Last Post";"Ultima Postare"
"All Platforms";"Toate Platformele"
"Edit Game Info";"Editează Info Joc "
"All Downloads";"Toate Descărcările"
"Search Downloads...";"Caută Descărcări..."
"Order games:";"Ordonează jocuri:"
"By Release Date";"După Data de Lansare"
"Select a genre";"Slectează un gen"
"All games";"Toate jocurile "
"Game Info";"Info Joc "
"Released";"Lansat"
"Developers";"Dezvoltatori"
"Distributors";"Distribuitori"
"Image Dimensions: 200x300px";"Dimensiuni Imagine: 200x300px"
"Game Events";"Evenimente Joc"
"All Games";"Toate Jocurile"
"Popular";"Popular"
"Recently Added";"Adăugat Recent"
"Download Info";"Info Descărcare"
"Size";"Mărime"
"Date";"Dată"
"Download file";"Descarcă fișier"
"Delete download";"Șterge descărcarea"
"Add Download +";"Adaugă Descărcare +"
"Add tab +";"Adaugă filă +"
"Edit tab +";"Editează filă +"
"There are no downloads at this moment";"Momentan nu există nicio descărcare"
"Download";"Descarcă"
"games";"jocuri"
"There is no description at this moment";"Momentan nu există nicio descriere"
"Edit game info";"Editează info joc"
"Add Media +";"Adaugă Media +"
"There are no screenshots at this moment";"Momentan nu exista nicio imagine de ecran"
"There are no videos at this moment";"Momentan nu exista niciun video"
"There are no concept art at this moment";"Momentan nu există nicio artă conceptuală"
"There are no wallpapers at this moment";"Momentan nu există nicio imagine de fundal"
"There are no players here. Yet!";"Nu există niciun jucător aici. Încă!"
"There are no news at this moment";"Momentan nu există nicio știre"
"Show Pop Games";"Arată Jocuri Populare"
"Hide Pop Games";"Ascunde Jocuri Populare"
"Popular Games";"Jocuri Populare"
"Recent Added Games";"Jocuri Recent Adăugate"
"Show Top Games";"Arată Jocuri de Top"
"Hide Top Games";"Ascunde Jocuri de Top"
"Add Affiliated Group";"Adaugă Grup Afiliat"
"Search groups";"Caută grupuri"
"Create Group";"Crează Grup"
"Group Name";"Nume Grup"
"Search game";"Caută Joc"
"Type 1";"Tip 1"
"Type 2";"Tip 2"
"Group Description";"Descriere Grup"
"You have reached your groups limit. To create more groups, please buy additional groups.";"Ai atins limita de grupuri. Pentru a crea mai mult, vă rugăm să cumpărați grupuri adiționale."
"Invite Members";"Invită Membri"
"Search Player";"Caută Jucător"
"Edit Affiliated Group";"Editează Grup Afiliat"
"Edit Group Info";"Editează Info Grup"
"Group Leader";"Lider Grup"
"Group Info";"Info Grup"
"Leader";"Lider"
"Created";"Creat"
"Request To Join Group";"Cere să te Alături Grupului"
"All Groups";"Toate Grupurile"
"Create New Group +";"Creează Grup Nou+"
"Recent";"Recent"
"groups";"grupuri"
"Edit group info";"Editează info grup"
"Affiliated groups";"Grupuri Afiliate"
"Add Affiliate";"Adaugă Afiliat"
"Invite Members +";"Invită Membri +"
"Upload Photo";"Încarcă Foto"
"E-mail";"E-mail"
"Forgot your password?";"Ai uitat parola? "
"Sign In";"Logare"
"Applications";"Aplicații"
"There are no ";"Nu există"
"Your search matched";"Căutarea ta s-a potrivit"
"Recently Added Groups";"Grupuri Recent Adăugate"
"Request To Join [_1]";"Cere să te alături [_1]"
"I want to join because";"Doresc să mă alătur, deparece"
"Symbols left";"Simboluri rămase"
"Send";"Trimite"
"Are you sure you want to delete the cart item?";"Ești sigur că vrei să ștergi obiectul din coș?"
"Paste your video link here...";"Lipește legătura video aici..."
"Post image";"Postează imagine"
"Welcome to PlayNation!";"Bun venit!"
"PlayNation is a [_1]social network[_2] and news site targeted directly at [_1]gaming[_2] and gamers around the globe.";"PlayNation este o [_1]rețea socială[_2] și portal de știri dedicat direct [_1]jocurilor[_2] și jucătorilor din întreaga lume."
"[_1]PlayNation[_2] aims to bring you all the relevant news from the global gaming scene. We do not just offer the latest top news. Our goal is to deliver the [_1]latest news[_2] about the gaming industry, [_1]games[_2], gaming [_1]equipment[_2], gaming [_1]events[_2], gaming [_1]groups[_2], players and everything else out there to satisfy your gaming needs.";"[_1]PlayNation[_2] are ca obiectiv de știri relevante de pe scena globală a gamingului. Noi nu oferim doar ultimele știri de top. Obiectivul nostru este de a aduce [_1]ultimele știri[_2] despre industria gaming, [_1]jocuri[_2], [_1]echipamente[_2] gaming, [_1]evenimente[_2] gaming, [_1]grupuri[_2] gaming, jucători și orice altceva ce îți poate satisface cerințele de jucator."
"Register Now";"Înregistrează-te acum"
"Or, you can watch our promotion video [_1]right here[_2], to learn more about PlayNation.";"Sau, vizionează clipul nostru promoțional [_1]aici[_2], pentru a învăța mai multe despre PlayNation."
"Here are 9 good reasons to join [_1]PlayNation[_2] today.";"Aici aveți 9 motive excelente pentru a vă alătura astăzi comunității [_1]PlayNation[_2]."
"Read the latest news";"Citește ultimele știri "
"Find your favourite games";"Găsește jocurile tale favorite "
"Follow your favourite companies";"Urmărește companiile tale favorite "
"Interact with other players";"Interacționează cu alți jucători"
"Debate with your fellow gamers";"Dezbate cu alți prieteni gameri."
"Create and attend events";"Creează și participă la evenimente."
"All the hottest, upcoming events in your area, just one click away. As an user on PlayNation you will also be able to create your own.";"Toate evenimentele, incluzându-le pe cele mai tari și viitoare din zona ta, la un click distanță. Drept un utilizator al PlayNation, vei putea să îți creezi propriul eveniment"
"Create and join groups";"Creează sau alătură-te grupurilor"
"Play e-sports";"Joacă e-sports"
"PlayNation offers a social network, e-sport, news, events and much more for gamers around the globe. We aim to combine all the features needed for the gamer in one complete package.";"PlayNation oferă o rețea socială, e-sports, știri, evenimente și multe altele pentru gamerii din întreaga lume. Dorim să combinăm toate caracteristicile necesare unui jucător într-un singur pachet complet."
"Information and news from everything gaming related to every gamer in the world, without spending hours searching the internet.";"Informații și știri despre orice legat de gaming către orice gamer din lume, fară a pierde ore căutând pe internet."
"Join the PlayNation Network with a personal profile and socialize in an environment that is directly tailored for gaming needs.";"Alătură-te Rețelei PlayNation cu un profil personal și socializează întrun mediu creat special după cerintele jucătorilor. "
"Setup a complete group page for your guild, house, fraction or clan, with all the basic features right at your fingertips!";"Creează o pagină de grup completă pentru breasla, casa, facțiunea sau clanul tău cu toate caracteristicile necesare, disponibile la vârful degetelor tale! "
"Use our growing database of games to keep up with upgrades and add-ons, get the latest downloads and join the fanbase.";"Folosește baza noastră de date în continuă expansiune pentru a fi la curent cu ultimele actualizări și addon-uri, ultimele descărcări disponibile, precum si informații de la fani. "
"The forum is open to all registered users. Join the debate, share your experience and get help to solve that pesky mission!";"Forumul este deschis tuturor utilizatorilor înregistrati. Alătura-te discuției, împarte experiența ta și primește ajutor în rezolvarea celor mai grele misiuni!"
"PlayNation’s e-sport section allows players to face-off against other players in any skill based game they can imagine.";"Secțiunea PlayNation de e-sport permite oricui să se întreacă cu jucători în orice joc pe care și-l pot imagina."
"Browse our shop";"Răsfoiește magazinul nostru"
"In our shop you can buy additional account features, memberships, games, mumble servers and a lot more. Go check it out!";"În magazinul nostru, poți cumpăra opțiuni adiționale pentru contul tău, calități de membru, jocuri, servere mumble și multe altele. Vizitează și convinge-te singur!"
"Use our growing database of developers, publishers and distributors to follow the latest news, coming titles and future plans.";"Folosește-te de baza noastră de editori, dezvoltatori și distribuitori pentru a urmări ultimele știri, titluri lansate precum și planuri viitoare. "
"All";"Tot"
"Company";"Companie"
"Frontpage item look";"Aspect obiect pagină principală "
"List item look";"Aspect obiect listă "
"Inside look";"Aspect interior "
"Top 5 Companies";"Top 5 Companii "
"User Rating";"Evaluare Utilizator "
"Top 5 Games";"Top 5 Jocuri"
"Search Games...";"Caută Jocuri..."
"Show all companies";"Arată toate companiile "
"Show all games";"Arată toate jocurile "
"Show All Country News";"Arată toate știrile țării"
"Show all countries";"Arată toate țările"
"Dislike";"Dislike"
"On my wall";"Pe peretele meu"
"With a group";"Cu un grup"
"By message";"Prin mesaj"
"By e-mail";"Prin e-mail"
"Facebook";"Facebook"
"Twitter";"Twitter"
"Google+";"Google+"
"Tumblr";"Tumblr"
"StumbleUpon";"StumbleUpon"
"Reddit";"Reddit"
"Digg";"Digg"
"MySpace";"MySpace"
"I want to share news with you:";"Doresc să împart știri cu tine:"
"Comment...";"Comentariu..."
"Search news...";"Caută știri..."
"Local";"Local"
"comments";"comentarii"
"comment";"comentariu"
"Back to All Companies";"Înapoi la Toate Companiile"
"Back to All Games";"Înapoi la Toate Jocurile"
"Top News";"Top Știri "
"Back to News";"Înapoi la Știri"
"Comments";"Comentarii"
"Edit in";"Editează în"
"View Comments";"Vezi Comentarii"
"Articles: [_1]";"Articole: [_1]"
"Page: [_1] of [_2]";"Pagina: [_1] of [_2]"
"Popularity";"Popularitate"
"Show Platform List";"Arată Listă Platforme "
"Hide Platform List";"Ascunde Listă Platforme "
"Popular Top 5";"Top 5 Popular"
"Searched for";"Căutat după "
"Show ";"Arată"
"Hide ";"Ascunde"
"Select Period";"Selectează Perioada "
"My Referal Codes";"Codurile mele Referal "
"Clicks";"Click-uri"
"Sign-ups";"Înscrieri"
"Upgrades";"Actualizări"
"Comission";"Comision"
"Voucher";"Voucher"
"Subreferal Codes";"Coduri Subreferal "
"Create Subreferal Code";"Creează Cod Subreferal "
"Contact";"Contact"
"Password Recovery";"Recuperare Parolă "
"Enter your e-mail address for password recovery";"Introdu adresa ta de e-mail pentru a recopera parola"
"Recover";"Recuperează"
"New Message";"Mesaj Nou "
"To";"Către"
"Message >";"Mesaj >"
"E-mail";"E-mail"
"Password";"Parolă"
"Forgot password?";"Ai uitat parola? "
"Log In";"Logare"
"Nickname";"Poreclă"
"Confirm Password";"Confirmă Parola"
"Referral Code";"Cod Referral"
"I accept the Terms of Service";"Accept Termenii Serviciului "
"Register";"Înregistrare"
"Share news by message";"Distribuie știri prin mesaj "
"Post text";"Postează text"
"Cancel";"Anulează"
"Send message";"Trimite mesaj"
"Player suggestions are based on";"Sugestiile jucătorului sunt bazate pe"
"My Friends";"Prietenii Mei "
"My Location";"Locația Mea "
"Paste your link here...";"Lipește legătura ta aici..."
"Share link";"Distribuie legătură "
"players";"jucători"
"Share video";"Distribuie video "
"Share your thoughts >";"Distribuie gândurile tale >"
"Edit Description";"Editează Descriere "
"Write Description";"Scrie Descriere "
"Game Description >";"Descriere Joc >"
"Friend";"Prieten"
"Accept";"Acceptă"
"Reject";"Respinge"
"Delete Friend";"Șterge Prieten"
"Delete Selected";"Șterge Selectat"
"Delete All";"Șterge Tot"
"Inbox";"Inbox"
"Sent";"Trimis"
"New!";"Nou!"
"Read";"Citit"
"Forward";"Înaintează"
"Sent Messages";"Mesaje Trimie"
"Message To";"Mesaj Către"
"Search for events";"Caută evenimente "
"My events";"Evenimentele Mele"
"You have no events at this moment";"Momentan nu ai niciun eveniment "
"You have no friends at this moment";"Momentan nu ai niciun prieten "
"Search for games";"Caută jocuri "
"My games";"Jocurile mele"
"You have no games at this moment";"Momentan nu ai niciun joc "
"Search for groups";"Caută grupuri "
"My groups";"Grupurile mele"
"You have no groups at this moment";"Momentan nu ai niciun grup"
"My notifications";"Notificările mele"
"Search for notifications";"Caută notificări "
"Player(s) [_1] commented on your wall [_2]post[_3].";"Jucătorul(rii) [_1] au comentat pe peretele tău [_2]postarea[_3]."
"Player [_1] posted on your wall [_2]post[_3].";"Jucătorul [_1] a postat pe peretele tău [_2]postarea[_3]."
"Player(s) [_1] commented the [_2]post[_3] by [_4] on your wall.";"Jucătorul(rii) [_1] au comentant [_2]postarea[_3] de la [_4] pe peretele tău."
"Player(s) [_1] commented your [_2]post[_3] on [_4] wall.";" Jucătorul(rii) [_1] au comentat a ta[_2]postare[_3]pe peretele lui [_4]."
"Player(s) [_1] also commented the [_2]post[_3] by [_4].";" Jucătorul(rii) [_1] au comentat de asemenea [_2]postarea[_3] de la [_4]."
"Player";"Jucător"
"Group";"Grup"
"Event";"Eveniment"
"[_1][_2][_3], whom you subscribe to, has posted a new public [_4]post[_5].";"[_1][_2][_3], la care te-ai abonat, au postat o nouă [_4]postare publică[_5]."
"Player(s) [_1] liked your [_2]post[_3].";" Jucătorul(rii) [_1] i-a/le-a plăcut [_2]postarea[_3]."
"Player(s) [_1] disliked your [_2]post[_3].";" Jucătorul(rii) [_1] nu i-a/le-a plăcut [_2]postarea[_3]."
"Player [_1] is now subscribed to you.";"Jucătorul [_1] este acum abonat la tine."
"Player [_1] has sent you a friend request.";"Jucătorul[_1] ți-a trimis o cerere de prietenie."
"Player [_1] has accepted your friend request.";"Jucătorul [_1] a acceptat cererea ta de prietenie."
"Player(s) [_1] has posted in a topic: [_2] in forum: [_3] - [_4].";"Jucătorul(ii) [_1] au postat într-un topic: [_2] în forumul: [_3] - [_4]."
"Personal information";"Informații personale"
"Change your personal information.";"Schimbă informațiile tale personale."
"Timezone settings";"Setări fus orar"
"Change your timezone and daylight saving time settings.";"Schimbă setările fusului orar."
"Language settings";"Setări limbă"
"Change your language settings.";"Schimbă setările tale pentru limbă."
"Site language";"Limbă site"
"Additional languages";"Limbi adiționale"
"Profile photo";"Foto profil"
"Change your profile photo. Use PNG, GIF or JPG with a max. window size at 200x300px.";"Schimba fotografia ta de profil. Folosește PNG, GIF sau JPG la o mărime maxima de 200x300px."
"Use PNG, GIF or JPG.";"Folosește PNG, GIF sau JPG."
"Max. window size at 200x300px.";"Dimensiune maximă de 200x300px."
"Save Settings";"Salvează Setările"
"Player [_1] has posted a new topic: [_2] in forum [_3] - [_4].";"Jucătorul [_1] a postat un nou topic: [_2] pe forum [_3] - [_4]."
"News from company [_1].";"Știri de la compania [_1]."
"News from game [_1].";"Știri pentru jocul [_1]."
"News from group [_1].";"Știri de la grupul [_1]."
"Player(s) [_1] commented on a [_2]news item[_3], you subscribe to.";" Jucătorul(rii) [_1] au comentant o [_2] știre [_3],la care te-ai abonat."
"Player [_1] has invited you to join the group [_2].";"Jucătorul [_1] te-a invitat să te alături grupului [_2]."
"Player [_1] has applied to join the group [_2].";"Jucătorul [_1] a aplicat să se alăture grupului [_2]."
"Notification_";"Notificare_"
"There are no notifications at this moment";"Momentan nu există nicio notificare "
"[_1] has no events at this moment";"[_1] momentan nu are niciun eveniment "
"[_1] has no games at this moment";"[_1] momentan nu are niciun joc "
"[_1] has no groups at this moment";"[_1] momentan nu are niciun grup "
"You should recieve an activation email within a few minutes. Please check your spam folder if you cannot find the activation email in your inbox.";"Vei primi un e-mail de activare în următoarele minute. Vă rugăm să verificați dosarul spam, dacă e-mail-ul nu este în inbox. "
"Your new password";"Noua ta parolă "
"Subscriptions";"Abonări"
"Number Of Subscriptions";"Număr de Abonări "
"All Subscriptions";"Toate Abonările "
"Forums as Member";"Forumuri ca Membru "
"Forums";"Forumuri"
"Forum Boards";"Tabele Forum "
"Forum Topics";"Topicuri Forum "
"Search for subscriptions";"Caută abonări "
"Recent Subscriptions";"Abonări Recente "
"Forum Board";"Tabelă Forum "
"Forum Topic";"Topic Forum "
"You have no subscriptions at this moment";"Momentan nu ai nicio abonare "
"Membership Settings";"Setări Abonare"
"Registered";"Înregistrat"
"User information";"Informații utilizator "
"First name";"Nume "
"Last name";"Prenume"
"Display name";"Nume afișat"
"Repeat password";"Repetă parola"
"Basic";"Standard"
"Silver";"Silver"
"Gold";"Gold"
"Platinum";"Platinum"
"Current membership";"Abonare curentă"
"Change or upgrade your current membership.";"Schimbă sau actualizează abonarea ta curentă."
"Membership type";"Tip abonare"
"Membership Information";"Informații despre calitatea de Membru "
"Membership Type";"Tip calitate de Membru"
"Change";"Schimbă"
"Start Date";"Dată de Început"
"Next update";"Următoarea actualizare"
"Update type";"Tip actualizare"
"Additional site features";"Opțiuni site adiționale"
"This is an overview of the additional site features you have purchased.";"Aceasta este o vedere generală asupra opțiunilor adiționale ale site-ului ce tocmai le-ai achiziționat."
"Feature type";"Tip opțiuni"
"You can buy more additional site features in our shop right [_1]here[_2].";"Poți cumpăra mai multe opțiuni adiționale în magazinul nostru chiar de [_1]aici[_2]."
"Affiliate Program";"Program Afiliere"
"Already have an account? Sign in [_1]right here[_2]";"Ai deja un cont? Loghează-te [_1]aici[_2]"
"Additional Site Features";"Caracteristici Adiționale Site "
"Usage information";"Informații folosire "
"Images";"Imagini"
"Links";"Legături"
"Nick";"Poreclă"
"Add friend";"Adaugă prieten"
"Username";"Nume Utilizator"
"Get Contacts";"Preia Contacte"
"Invite Selected";"Invită Selectați"
"shared news:";"știri distribuite:"
"New message";"mesaj nou"
"Page";"Pagină"
"[_1] of [_2]";"[_1] din [_2]"
"There are no messages at this moment";"Momentan nu există niciun mesaj "
"My";"Ale mele"
"Players you might know";"Jucători ce este posibil să îi cunoști"
"Players who play the same games as you";"Jucătorii care joacă aceleași jocuri ca și tine "
"Players who are members of the same groups as you";"Jucătorii care sunt membri la aceleasi grupuri ca și tine "
"Players who live in your area";"Jucătorii care locuiesc în zona ta "
"Back to inbox";"Înapoi la inbox"
"Reply...";"Replică..."
"Attach video";"Atașează vide "
"Email";"E-mail"
"Confirm password";"Confirmă parola "
"Home";"Acasă"
"Link";"Legătură"
"Video";"Video"
"Filter";"Filtru"
"Referral Codes";"Coduri Referal"
"Voucher";"Voucher"
"Create Referral Code";"Creează Cod Referal"
"Subreferral Codes";"Coduri Subreferal"
"Post images here...";"Postează imagini aici..."
"Post link";"Postează legătură"
"Write on Wall...";"Scrie pe Perete..."
"Write on Friend Wall...";"Scrie pe Peretele Prietenului..."
"Totals";"Total"
"Create Subreferral Code";"Creează Cod Subreferal"
"Create New Referral";"Creează Referal Nou"
"Voucher code";"Cod voucher"
"Save Referral Code";"Salvează Codul Referal"
"Create New Subreferral";"Creează Subreferal Nou"
"User e-mail";"E-mail utilizator"
"Commision";"Comision"
"Save Subreferral Code";"Salvează Codul Subreferral"
"Label";"Etichetă"
"items";"Obiecte"
"Price";"Preț"
"Credits";"Credite"
"Payment Options";"Opțiuni Plată "
"PayPal";"PayPal"
"Billing Details";"Detalii Facturare"
"Street Address";"Adresă"
"Postal Code";"Cod Poștal"
"City/Town";"Oraș"
"You do not have enough PlayNation Dollars on your account. Please buy PlayNation Dollars now.";"Nu ai destui Dolari PlayNation în contul tău. Vă rugăm să cumpărați acum Dolari PlayNation."
"You have already activated this feature. It will renew on [_1]. If you wish to extend it now, [_2] will get deducted from your account.";"Ai activat deja această caracteristică. Se va reîmnoi pe [_1]. Dacă vrei să extinzi acum, [_2] vor fi deduși din contul tău."
"This will grant you access to [_1] Free Game per Month. [_2] will get deducted from your account.";"Această opțiune îți va oferi acces la [_1] Joc Gratuit pe Lună. [_2] vor fi deduși din contul tău."
"This will allow you to create additional [_1] group(s). [_2] will get deducted from your account.";"Această opțiune îți va permite să creezi [_1] grup(uri) adițional(e). [_2] vor fi deduși din contul tău."
"This will increase your image limit by [_1]. [_2] will be deducted from your account.";"Această opțiune va mări limita de imagini cu [_1]. [_2] vor fi deduși din contul tău."
"This will remove all ads and banners on the site. [_1] will be deducted from your account.";"Această opțiune va elimina reclamele și bannerele de pe site. [_1] vor fi deduși din contul tău."
"Confirm";"Confirmă"
"Close";"Închide"
"This will upgrade your Basic membership to a [_1] membership. [_2] will be deducted from your account.";"Această opțiune va actualiza apartenența Standard la una [_1]. [_2] vor fi deduși din contul tău."
"This will extend your membership. [_1] will be deducted from your account.";"Această opțiune va extinde apartenența ta. [_1] vor fi deduși din contul tău."
"This will change your [_1] ([_2] months) membership to a [_3] ([_4] months) membership. The change will happen when your membership renews on [_5].";"Această opțiune va schimba apartenența ta [_1] ([_2] luni) cu una [_3] ([_4] luni). Schimbarea va avea loc la reînnoirea apartenenței pe [_5]."
"Memberships are non-refundable. You have [_1] month(s) and [_2] day(s) left of your membership and cannot upgrade to a [_3] ([_4] months) membership. You must choose another upgrade.";"Apartenențele nu sunt rambursabile. ai [_1] lună(i) si [_2] zi(le) rămase și nu poți actualiza la o apartenență [_3] ([_4] luni). Trebuie să alegi o altă actualizare."
"This will upgrade your [_1] ([_2] months) membership to a [_3] ([_4] months) membership. You have [_5] days left of your [_6] membership and this will reduce the price of your upgrade with [_7]. [_8] will be deducted from your account.";"Această opțiune va actualiza apartenența ta [_1] ([_2] luni) cu una [_3] ([_4] luni). Ai [_5] zile rămase [_6] din apartenența curentă și acest lucru va reduce actualizarea cu [_7]. [_8] vor fi deduși din contul tău."
"You already have a downgrade to a [_1] ([_2] months) membership pending. It will happen automatically when your membership renews on [_3].";"Ai deja o actualizare inversă la o apartenență [_1] ([_2] luni) în așteptare. Se va actualiza automat cănd apartenența se reînnoiește pe [_3]."
"You already have a downgrade to a [_1] ([_2] months) membership pending. If you continue, you will replace that downgrade with a downgrade to a [_3] ([_4] months) membership. It will happen automatically when your membership renews on [_5].";" Ai deja o actualizare inversă la o apartenență [_1] ([_2] luni) în așteptare. Dacă dorești să continui vei înlocui actualizarea curentă cu una [_3] ([_4] luni). Se va actualiza automat cănd apartenența se reînnoiește pe [_5]."
"This will downgrade your [_1] ([_2] months) membership to a [_3] ([_4] months) membership. Memberships are non-refundable and your downgrade will happen when your membership renews on [_5].";"Această opțiune va actualiza invers apartenența ta [_1] ([_2] luni) cu una [_3] ([_4] luni). Apartenențele nu sunt rambursabile iar actualizarea inversă va avea loc cănd cea curentă se reînnoiește pe [_5]."
"Canceled!";"Anulat!"
"Select a category";"Selectează o categorie"
"All products";"Toate produsele"
"Your payment has been canceled!";"Plata a fost anulată!!"
"Complete Order Now";"Finalizează Comanda Acum "
"This will complete your order and your payments will be deducted from your account.";"Această opțiune va completa comanda iar plata va fi dedusă din contul tău."
"You do not have enough credits.";"Nu deții destule credite."
"Shopping cart is empty";"Coșul de cumpărături este gol "
"Quantity";"Cantitate"
"History";"Istoric"
"Search for products...";"Caută un produs..."
"products";"produse"
"Products";"Produse"
"All Products";"Toate Produsele "
"Special Offers";"Oferte Speciale "
"Converter";"Convertor"
"Amount of PD to convert";"Suma PD de convertit "
"Convert";"Convertește"
"Order History";"Istoric Comenzi "
"Total Price";"Preț Total "
"Status";"Statut"
"Order Nr.";"Nr. Comandă"
"Completed";"Completat"
"Shipped";"Livrat"
"Payed";"Plătit"
"Ordered";"Comandat"
"You have not made any transactions.";"Nu ai facăt nicio tranzacție."
"Cash Out";"Încasează "
"IBAN";"IBAN"
"SWIFT";"SWIFT"
"Amount";"Sumă"
"Cash Out Now";"Încasează Acum"
"This will complete your Cash Out and the amount will be transferred to your bank account.";"Această opțiune ăți permite să încasezi, iar banii vor fi transferați în contul tău bancar."
"Notice! It is only possible to cash out PlayNation Dollars. The minimum Cash Out Amount is [_1] PlayNation Dollars. The Cash Out Fee is [_2] PlayNation Dollars and will be deducted from your Account. Read our [_3] to learn more about PlayNation’s Cash Out Policy.";"Notă! Este posibilă doar retragerea de Dolari PlayNation. Suma Minimă de Retragere este [_1] Dolari PlayNation. Taxa de retragere este [_2] Dolari PlayNation și va fi dedusă din contul tău. Citește [_3] pentru a afla mai multe depsre politica noastră de retragere."
"Terms of Service";"Termenii și Condițiile de Utilizare"
"There are no products at this moment";"Momentan nu există niciun produs "
"Months";"Luni"
"Save [_1]%";"Economisește [_1]%"
"Free";"Gratuit"
"Individual Features";"Caracteristici Individuale "
"[_1]";"[_1]"
"[_1]/[_2] months";"[_1]/[_2] luni"
"You have reached your photo limit. To upload more photos, please buy additional photos.";"Ai atins limita pentru fotografii. Pentru a încărca mai multe, compără fotografii adiționale."
"Order Nr. ";"Comandă Nr. "
"Downloads left [_1] of [_2]";"Descărcări rămase [_1] din [_2]"
"Order Details";"Detalii Comandă "
"Date of Order";"Data Comenzii "
"Date of Order Complete";"Data Completării Comenzii "
"Date of Shipment";"Data Livrării "
"Date of Payment";"Data Plății "
"Success!";"Succes!"
"[_1] has been deducted from your account and your order has been completed. You will receive an e-mail with your receipt.";"[_1] au fost deduși din contul tău iar comanda a fost finalizată. Vei primi un e-mail cu factura. "
"You are now a [_1] member. Your membership will automatically renew every [_2] months unless you cancel or don`t have enough PD on your account. The first renewal date is [_3].";"Acum ești un membru [_1] member. Calitatea ta de membru va fi automat reînnoită la fiecare [_2] luni, dacă nu anulezi, sau nu ai destui PD în contul tău. Prima dată de reînnoire este [_3]."
"You can always check the status of your membership, upgrade, downgrade and cancel in your user settings.";"Poți verifica mereu statutul apartenenței tale, actualiza, schimba sau anula calitatea de membru din setările de utilizator."
"Thank you for your order. We hope you enjoy your new membership.";"Mulțumim pentru comanda facută. Sperăm să te bucuri de noua calitate de membru."
"You will receive an e-mail with your receipt. You have succesfully extended your [_1] membership. The next renewal date is [_2].";"Vei primi un e-mail cu factura. Ai extins cu succes calitatea ta de membru [_1]. Următoarea reînnoire este pe [_2]."
"Thank you for your order.";"Multumim pentru comanda făcută."
"You have scheduled a change to a [_1] ([_2] months) membership. It will happen when your membership renews on [_3]. [_4] will be deducted from your account when your order completes and you will receive an e-mail with your receipt.";"Ai programat o schimbare la caltitatea de membru [_1] ([_2] luni). Va avea loc cănd apartenența se reînnoiește pe [_3]. [_4] vor fi dedusi din contul tău cănd comanda va fi finalizată și vei primi un e-mail cu factura. "
"You have scheduled a downgrade to a [_1] membership. It will happen when your membership renews on [_2]. [_3] will be deducted from your account when your order completes and you will receive an e-mail with your receipt.";"Ai programat o schimbare a calității de membru la una [_1]. Va avea loc cănd aparteneța se reînnoiește pe [_2]. [_3] vor fi deduși din contul tău cănd comanda va fi finalizată și vei primi un e-mail cu factura."
"You have now increased your photo limit with [_1]. Your new limit is [_2].";"Ți-ai mărit limita foto cu [_1]. Noua ta limită este [_2]."
"You have now increased your group limit with [_1]. Your new limit is [_2].";"Ți-ai mărit limita de grupuri cu [_1]. Noua ta limită este [_2]."
"You have now activated No Ads or Banners. The feature will automatically renew every [_1] months unless you cancel or don`t have enough PD on your account. The first renewal date is [_2].";"Ai activat acum opțiunea de eliminare a Reclamelor și Bannerelor. Această opțiune va fi automat reînnoită la fiecare [_1] luni, dacă nu anulezi sau dacă nu ai destui PD în contul tău. Prima dată de reînnoire este [_2]."
"Best Regards,";"Salutări,"
"Customer Services";"Serviciu Clienți"
"PlayNation.eu";"PlayNation.eu"
"Advertisements";"Anunțuri"
"Go to my profile page";"Mergi la pagina de profil "
"Sign out";"Delogare"
"new notifications";"notificări noi"
"new notification";"notificare nouă"
"new messages";"mesaje noi"
"new message";"mesaj nou"
"free games";"jocuri gratuite"
"free game";"joc gratuit"
"Log in";"Logare"
"Loading...";"Încărcare..."
"Read more »";"Citește mai mult »"
"Upcoming Event";"Eveniment Viitor"
"Share news on group wall";"Distribuie știri pe peretele grupului "
"Post on group wall";"Postează pe peretele grupului "
"Share news on your wall";"Distribuie știri pe peretele tău "
"Post on wall";"Postează pe perete "
"Show comments";"Arată comentarii "
"Share";"Distribuie"