"Companies"; "Bedrijven"
"Recent Companies"; "Recente bedrijven"
"Popular Companies"; "Populaire bedrijven"
"News"; "Nieuws"
"Search results"; "Zoekresultaten"
"Games"; "Games"
"Media"; "Media"
"Videos"; "Video's"
"Screenshots"; "Screenshots"
"Concept Art"; "Concept Art"
"Wallpapers"; "Wallpapers"
"Add News"; "Toevoegen Nieuws"
"Edit News"; "Bewerk Nieuws"
"Events"; "Evenementen"
"All events"; "Alle evenementen"
"events"; "Events"
"Edit event - "; "Edit event -"
"Edit event"; "Bewerk gebeurtenis"
"Create new event"; "Maak nieuwe gebeurtenis "
"Please choose the type of event"; "Kies het type gebeurtenis"
"Event cannot start in the past"; "Event kan niet worden gestart in het verleden"
"Event title cannot be shorter than 3 symbols"; "Event titel kan niet korter zijn dan 3 symbolen"
"End date cannot be before start date"; "Einddatum kan niet voor aanvang datum"
"Participants"; "Deelnemers"
"Invited"; "Uitgenodigd"
"Forum"; "Forum"
"Create Thread"; "Create Thread"
"Recent Games"; "Recente Games"
"Popular Games"; "Populaire Games"
"Downloads"; "Downloads"
"Players"; "Players"
"Groups"; "Groepen"
"Recent Groups"; "Recente groepen"
"Group News"; "Groep Nieuws"
"Members"; "Leden"
"Member Applications"; "Lid Toepassingen"
"Member Invitations"; "Lid Uitnodigingen"
"Playnation"; "Playnation"
"Post"; "Post"
"Recent News"; "Recent Nieuws"
"Popular News"; "Popular Nieuws"
"Platform News"; "Platform Nieuws"
"Companies Search Results"; "Bedrijven Zoekresultaten"
"Company News"; "Bedrijf Nieuws"
"Games Search Results"; "Games Zoekresultaten"
"Game News"; "Game Nieuws"
"Countries"; "Landen"
"Create News"; "Create Nieuws"
"All Players"; "Alle spelers"
"Edit profile"; "Bewerk profiel"
"Profile Page"; "Profiel Pagina"
"Login Required!"; "Login Verplicht!"
"Registration successful"; "Registratie succesvol"
"Activation successful"; "Activering succesvol"
"Password Reseted"; "Wachtwoord gereset"
"Error: E-mail not found"; "Fout: E-mail niet gevonden"
"Error: incorect E-mail or Password!"; "Fout: incorect E-mail of wachtwoord"
"My friends"; "Mijn vrienden"
"Friends"; "Vrienden"
"My Subscriptions"; "Mijn abonnementen"
"My Groups"; "Mijn groepen"
"My Games"; "Mijn Games"
"Notification_ReplyMyWall"; "Notification_ReplyMyWall"
"Notification_PostOnMyWall"; "Notification_PostOnMyWall"
"Notification_ReplyPostMyWall"; "Notification_ReplyPostMyWall"
"Notification_ReplyPostOtherWall"; "Notification_ReplyPostOtherWall"
"Notification_ReplyMyReply"; "Notification_ReplyMyReply"
"Notification_PublicBySubscribe"; "Notification_PublicBySubscribe"
"Notification_Like"; "Notification_Like"
"Notification_Dislike"; "Notification_Dislike"
"Notification_SubscribePlayer"; "Notification_SubscribePlayer"
"Notification_FriendRequest"; "Notification_FriendRequest"
"Notification_FriendReply"; "Notification_FriendReply"
"Notification_NewForumPost"; "Notification_NewForumPost"
"Notification_NewForumTopic"; "Notification_NewForumTopic"
"Notification_CompanyNews";" "Notification_CompanyNews"; "
"Notification_GameNews"; "Notification_GameNews"
"Notification_GroupNews"; "Notification_GroupNews"
"Notification_NewsReply"; "Notification_NewsReply"
"Notifications"; "Meldingen"
"Messages"; "Berichten"
"My Events"; "Mijn Evenementen"
"Invite Friends"; "Vrienden uitnodigen"
"Registration"; "Registratie"
"Shop"; "Winkel"
"Buy Credits"; "Koop Credits"
"Orders History"; "Orders geschiedenis"
"Order View"; "Order View"
"Memberships"; "Lidmaatschap"
"Shopping Cart"; "Shopping Cart"
"Cancel Payment"; "Annuleren betaling"
"Successful Payment"; "Succesvolle betaling"
"Order Complete"; "Bestelling af te ronden"
"Unpublished News"; "Niet-gepubliceerde Nieuws"
"«";"«" "« "," «"
"»";"»" "» "," »"
"Are you sure want to delete the friend?"; "Weet u zeker wilt de vriend wilt verwijderen?"
"Are you sure want to delete the post?"; "Weet u zeker wilt het bericht wilt verwijderen?"
"Are you sure want to delete the reply?"; "Weet u zeker wilt het antwoord wilt verwijderen?"
"Are you sure want to delete the board?"; "Weet u zeker wilt het forum wilt verwijderen?"
"Yes"; "Ja"
"No"; "Nee"
"New"; "Nieuw"
"Are you sure want to delete the message?"; "Weet u zeker dat het bericht wilt verwijderen?"
"Are you sure want to delete all messages?"; "Weet u zeker dat alle berichten wilt verwijderen?"
"Are you sure want to delete the member from the group?"; "Weet u zeker wilt het lid te verwijderen uit de groep?"
"Are you sure want to delete the tab?"; "Weet u zeker dat de tab wilt verwijderen?"
"Are you sure want to delete the media?"; "Weet u zeker wilt de media wilt verwijderen?"
"Are you sure want to delete the affiliate?"; "Weet u zeker wilt de affiliate verwijderen?"
"Are you sure want to delete the group?"; "Weet u zeker dat de groep wilt verwijderen?"
"Are you sure want to leave the group?"; "Weet u zeker dat de groep wilt verlaten?"
"Are you sure want to delete the news item?"; "Weet u zeker wilt het nieuws item wilt verwijderen?"
"Edit"; "Edit"
"Loading Paypal, please wait."; "Loading Paypal, even geduld."
"Number of events"; "Aantal gebeurtenissen"
"Show more posts"; "Toon meer berichten"
"Show more friends"; "Toon meer vrienden"
"Show more subscribtions"; "Toon meer abonnementen"
"Show more notifications"; "Toon meer meldingen"
"Show more messages"; "Toon meer berichten"
"change picture"; "Change beeld"
"add picture"; "Foto toevoegen"
"Show more companies"; "Toon meer bedrijven"
"Are you sure want to delete download?"; "Weet u zeker wilt downloaden wilt verwijderen?"
"Show more games"; "Toon meer games"
"Paste your video link >"; "Plakken uw video link>"
"Upload image"; "Upload image"
"Symbols left:"; "Symbolen links:"
"January"; "Januari"
"February"; "Februari"
"March"; "Maart"
"May"; "Mei"
"April"; "April"
"June"; "June"
"July"; "Juli"
"August"; "August"
"September"; "September"
"October"; "Oktober"
"November"; "November"
"December"; "December"
"Mon"; "Mon"
"Tue"; "Dins"
"Wed"; "Mon"
"Thu"; "Don"
"Fri"; "Vrij"
"Sat"; "Sat"
"Sun"; "Zon"
"Search here"; "Zoek hier"
"Languages"; "Talen"
"Get friends"; "Get vrienden"
"Invite friends by typing their e-mail addresses"; "Nodig vrienden uit door te typen hun e-mail adressen"
"Send invitations"; "Stuur uitnodigingen"
"Please fill in your personal information"; "Vul uw persoonlijke gegevens "
"First Name"; "Voornaam"
"Last Name"; "Achternaam"
"Display Name"; "Display Name"
"Your display name is the name you choose to display on your profile. It can be your first name, full name, nickname or any combination. It can also be something completely different. If you do not choose a display name, your nickname will be displayed by default."; "Uw weergavenaam is de naam die u kiest om te laten zien op je profiel. Het kan je voornaam, volledige naam, bijnaam of een combinatie daarvan. Het kan ook iets heel anders. Als u niet kiezen voor een weergave naam, je nickname zal worden standaard weergegeven. "
"City"; "City"
"Country"; "Land"
"Timezone"; "Tijdzone"
"Date of birth"; "Geboortedatum"
"Site Language"; "Site Taal"
"Your site language is the language in which you want to view the site. The default is English. If any content has not been translated into your site language, the English version will be displayed."; "Uw site is de taal waarin u de site te kunnen bekijken De standaard is Engels Als een inhoud is niet vertaald naar uw site taal, het Engels versie zal worden weergegeven..."
"Additional Content Languages"; "Verder talen"
"You have the option to select a number of additional content languages. If our content has not been translated into your site language, it may be available in other languages that you prefer. You will get the option to choose between the available languages that you have selected."; "Je hebt de mogelijkheid om een ??aantal extra content talen te kiezen. Als onze inhoud is niet vertaald naar uw site taal, kan het zijn beschikbaar in andere talen van uw voorkeur. U krijgt de mogelijkheid om te kiezen tussen de beschikbare talen te krijgen dat je hebben geselecteerd ".
"Personal Avatar"; "Persoonlijke Avatar"
"Use PNG, GIF or JPG format"; "Gebruik PNG-, GIF-of JPG-formaat"
"Max. window size: 200x300px"; "Max venstergrootte: 200x300px."
"Upload Image"; "Upload afbeelding"
"Next"; "Volgende"
"Find your friends on PlayNation"; "Vind je vrienden op PlayNation"
"Search for players..."; "Zoeken naar spelers ..."
"Search"; "Zoeken"
"No players found"; "Geen spelers gevonden "
"Add Friends"; "Voeg Vrienden"
"Invite your friends to playnation"; "Nodig je vrienden uit om playnation"
"Add more fields"; "Voeg meer velden"
"Import contacts from your e-mail account"; "Contactpersonen importeren uit uw e-mail account"
"For each friend that registers on PlayNation, we will reward you with 100 PlayCoins"; "Voor elke vriend die zich registreert op PlayNation, zullen wij u belonen met 100 PlayCoins"
"PlayCoins is one of PlayNation’s virtual currencies and can be used to buy certain products and services on the site."; "PlayCoins een virtuele munten PlayNation en kan worden gebruikt om bepaalde producten of diensten op de plaats."
"Previous"; "Vorige"
"Add your favorite games"; "Voeg je favoriete games "
"Search for games..."; "Zoek voor games ..."
"No games found"; "Geen spelletjes gevonden"
"Add Games"; "Voeg Games"
"Apply for groups"; "Van toepassing voor groepen"
"Search for groups..."; "Zoek voor groepen ..."
"No groups found"; "Geen groepen gevonden"
"Welcome to PlayNation"; "Welkom bij PlayNation"
"Finish"; "Finish"
"Total"; "Totaal"
"Continue Order"; "Doorgaan Order"
"There is no description for this event at the moment."; "Er is geen omschrijving voor dit evenement op dit moment."
"Read more"; "Lees meer"
"Hide description"; "Verberg beschrijving"
"Participant"; "Deelnemer"
"Remove event"; "Verwijder gebeurtenis"
"Description"; "Beschrijving"
"There is no description for this game at the moment."; "Er is geen beschrijving voor deze game op dit moment."
"Media Items"; "Media Items"
"Media item"; "Media item"
"Stop playing"; "Stop met spelen"
"Add to my games"; "Voeg toe aan Mijn Games"
"Remove"; "Verwijderen"
"Game Type"; "Game Type"
"Release Date"; "Release Date"
"Platforms"; "Platforms"
"ESRB Rating"; "ESRB-waarderingscijfer"
"I play this"; "Ik speel dit"
"There is no description for this group at the moment."; "Er is geen beschrijving voor deze groep op dit moment."
"Member"; "Lid"
"Leave Group"; "Leave Group"
"Remove application"; "Verwijder toepassing"
"Edit affilliated group"; "Edit affilliated groep"
"Remove affilliated group"; "Verwijder affilliated groep"
"Request To Join Group"; "Verzoek tot Group Join"
"[_1] friend(s)"; "[_1] Vriend (en)"
"[_1] game(s)"; "[_1] Spel (len)"
"[_1] group(s)"; "[_1] Groep (en)"
"and"; "En"
"Remove player"; "Verwijder speler"
"Add player to group"; "Voeg speler die groep"
"Remove player from group"; "Verwijder speler uit de groep "
"Remove player suggestion"; "Verwijder speler suggestie"
"Lives in [_1]"; "Woont in [_1]"
"Reason"; "Reden"
"Rank"; "Rank"
"You have [_1] in common."; "Je hebt [_1] met elkaar gemeen."
"Pending"; "In afwachting van"
"Add Friend"; "Vriend toevoegen"
"Send Message"; "Bericht verzenden"
"Unsubscribe"; "Afmelden"
"Subscribe"; "Inschrijven"
"Options"; "Opties"
"Product info"; "Product info"
"Price"; "Prijs"
"Type"; "Type"
"D/L"; "D / L"
"Add to Cart"; "In winkelwagen"
"There are no wall posts at this moment"; "Er zijn geen muur berichten op dit moment"
"You have no wall posts at this moment"; "Je hebt geen muur berichten op dit moment"
"You have no photos at this moment"; "Je hebt geen foto's op dit moment"
"You have no videos at this moment"; "Je hebt geen video's op dit moment"
"You have no links at this moment"; "Je hebt geen links op dit moment"
"[_1] has no wall posts at this moment"; "[_1] Heeft geen muur berichten op dit moment"
"[_1] has no photos at this moment"; "[_1] Heeft geen foto's op dit moment"
"[_1] has no videos at this moment"; "[_1] Heeft geen video's op dit moment"
"[_1] has no links at this moment"; "[_1] Heeft geen banden op dit moment"
"Post video"; "Post video"
"Post as "; "Post als"
"Add Download"; "Download toevoegen"
"Select Tab"; "Kies Tab"
"File Name"; "File Name"
"File Size"; "File Size"
"File URL"; "File URL"
"Download Description"; "Download Beschrijving"
"Add"; "Toevoegen"
"Add New Tab"; "Nieuwe Tab"
"Name"; "Naam"
"Add News +"; "Toevoegen Nieuws +"
"News Specifications"; "Nieuws Specificaties"
"Language"; "Taal"
"Switch to Translated Language"; "Schakel over naar Vertaald Taal"
"News Content"; "Inhoud van het nieuws"
"Headline"; "Kop"
"Main Image"; "Main Image"
"Delete Image"; "Verwijder afbeelding"
"Short Description"; "Korte beschrijving"
"News Text"; "Nieuws Tekst"
"Publish Language Article"; "Publish Language artikel"
"Publish Main Article"; "Publish Main artikel"
"Save"; "Opslaan"
"News Type"; "Nieuws Type"
"Search game..."; "Zoeken spel ..."
"Search company..."; "Zoeken bedrijf ..."
"Image"; "Beeld"
"Intro text"; "Intro tekst"
"Body text"; "Platte tekst"
"Published"; "Gepubliceerd"
"Save and Close"; "Opslaan en sluiten"
"Add Game"; "Add Game"
"Genre"; "Genre"
"Platform"; "Platform"
"URL"; "URL"
"Game Description"; "Game Beschrijving"
"Add Media"; "Media toevoegen"
"Youtube link/upload files"; "Youtube link / upload-bestanden"
"Edit Company Info"; "Edit Company Info"
"Company Type"; "Soort bedrijf"
"Headquarters"; "Hoofdkwartier"
"Founded"; "Opgericht"
"Ownership"; "Eigendom"
"Employees"; "Werknemers"
"Company Url"; "Bedrijf Url"
"Company Description"; "Beschrijving van de onderneming"
"Edit Download"; "Edit Download"
"Edit Tab"; "Tabblad bewerken "
"Edit Media"; "Edit Media"
"Order companies:"; "Bestel bedrijven:"
"Alphabetically"; "Alfabetisch"
"By Popularity"; "Door Populariteit"
"By Rating"; "Door Rating"
"By Date Added"; "Door Datum toegevoegd"
"upload picture"; "Upload bestand"
"Company Info"; "Bedrijfsgegevens"
"Joined"; "Geregistreerd"
"Website"; "Website"
"Like"; "Like"
"Unlike"; "In tegenstelling tot"
"Rating"; "Rating"
"Your rating"; "Uw cijfer"
"Raters"; "Raters"
"Search for companies..."; "Zoek een bedrijf ..."
"Your search matched"; "Je zoekopdracht"
"companies"; "Bedrijven"
"You searched for:"; "U heeft gezocht naar: "
"Show Description"; "Toon Beschrijving"
"Hide Description"; "Verberg Beschrijving"
"Developers"; "Ontwikkelaars"
"Publishers"; "Uitgevers"
"Info"; "Info"
"There is no description for this company at the moment."; "Er is geen beschrijving voor dit bedrijf op dit moment."
"Game"; "Game"
"Search Companies..."; "Zoeken Bedrijven ..."
"There are no companies here. Yet!"; "Er zijn geen bedrijven er nog niet.!"
"Total: [_1]"; "Totaal: [_1]"
"Information"; "Informatie"
"Forum Posts"; "Forum Berichten"
"Edit company info"; "Edit bedrijf info"
"Show more"; "Toon meer"
"Hide"; "Hide"
"There are no games here. Yet!"; "Er zijn geen spellen hier toch.!"
"Top Companies"; "Top Companies"
"Developer Companies"; "Developer bedrijven"
"There are no media here. Yet!"; "Er zijn geen media er nog niet.!"
"Articles: [_1]"; "Artikelen: [_1]"
"Page: [_1] of [_2]"; "Pagina: [_1] van [_2]"
"Search News..."; "Search News ..."
"Search Results"; "Zoekresultaten"
"Searched for: "; "Gezocht op:"
"There are no news here. Yet!"; "Er zijn geen nieuws er nog niet.!"
"Show Pop Companies"; "Toon Pop bedrijven"
"Hide Pop Companies"; "Verberg Pop bedrijven"
"All Companies"; "Alle bedrijven"
"Total Matches"; "Totaal gevonden"
"Show Top Companies"; "Geef Top Companies"
"Hide Top Companies"; "Verberg Top Companies"
"Search..."; "Zoeken ..."
"Invite"; "Nodig"
"Calendar"; "Kalender"
"Wall"; "Wall"
"Event Info"; "Event Info"
"Start date"; "Start datum"
"End date"; "Einddatum"
"Location"; "Location"
"Privacy"; "Privacy"
"Public"; "Openbaar"
"Private"; "Prive"
"Invitations"; "Uitnodigingen"
"Invite People"; "Mensen uitnodigen"
"Attend"; "Woon"
"groups"; "Groepen"
"Found"; "Gevonden"
"There are no events at this moment"; "Er zijn geen agendapunten op dit moment"
"Create event"; "Afspraak maken"
"Event Title"; "Event titel"
"Event Type"; "Event Type"
"Choose Type"; "Kies Type"
"Date & Time"; "Datum & tijd"
"Time"; "Tijd"
"Add end time"; "Voeg eindtijd"
"Make recurring"; "Maak terugkerende"
"End Date"; "Einddatum"
"Recurrence"; "Herhaling"
"Recurring Schedule"; "Terugkerende Schema"
"Select friends"; "Selecteer vrienden"
"Make the event public"; "Maak het evenement publiek"
"Let invited people invite more people"; "Laat nodigde mensen uit te nodigen meer mensen"
"Invite friend"; "Nodig vriend"
"Recurrence limited by"; "Herhaling beperkt "
"Starting time"; "Vanaf de tijd"
"Ending time"; "Eindtijd"
"Select All"; "Alles selecteren"
"Deselect All"; "Alles deselecteren"
"User Info"; "User Info"
"Age"; "Leeftijd"
"Posts"; "Berichten"
"Threads"; "Threads"
"There are no invitees here. Yet!"; "Er zijn geen genodigden er nog niet.!"
"Create New Event +"; "Create New Event +"
"There are no participants here. Yet!"; "Er zijn geen deelnemers er nog niet.!"
"Search here..."; "Zoek hier ..."
"Write on Event Wall..."; "Schrijven op Event muur ..."
"Write on Group Wall..."; "Schrijven op Groep muur ..."
"Post by"; "Bericht door"
"View All Comments"; "Alles bekijken commentaar"
"No Comments"; "No Comments"
"Hide comments"; "Verberg opmerkingen"
"Comment >"; "Commentaar>"
"Comment"; "Comment"
"Add Board"; "Voeg Board"
"Board name"; "Board naam"
"Create"; "Create"
"Add Category"; "Toevoegen Categorie"
"Edit Board"; "Edit Board"
"Edit Category"; "Categorie bewerken"
"Child boards"; "Kind boards"
"Delete"; "Verwijderen"
"Topics"; "Onderwerpen"
"By"; "Door"
"In"; "In"
"modified"; "Gewijzigd"
"[_1] at [_2] said"; "[_1] In [_2] zei:"
"Quote"; "Quote"
"Reply"; "Antwoorden"
"Text for the post"; "Tekst voor de post"
"Re"; "Re "
"Search for forums..."; "Zoeken naar forums ..."
"forums"; "Forums"
"Create new thread"; "Creëer nieuwe thread"
"Subject"; "Onderwerp"
"Subject..."; "Onderwerp ..."
"Views"; "Views"
"Replies"; "Antwoorden"
"Unknown"; "Onbekend"
"There are no forum topics at this moment"; "Er zijn geen forum onderwerpen op dit moment"
"Create New Topic"; "Create New Topic"
"Title of the new topic"; "Titel van het nieuwe onderwerp"
"Create New Category +"; "Create New Categorie +"
"All Forums"; "Alle Forums"
"Thread"; "Thread"
"There are no forums at this moment"; "Er zijn geen forums op dit moment"
"Thread title"; "Thread titel"
"Statistics"; "Statistieken"
"Last Post"; "Last Post"
"All Platforms"; "Alle Platforms"
"Edit Game Info"; "Edit Game Info"
"All Downloads"; "Alle downloads"
"Search Downloads..."; "Zoeken Downloads ..."
"Order games:"; "Order games:"
"By Release Date"; "Door Release Date"
"Select a genre"; "Selecteer een genre"
"Game Info"; "Game Info"
"Released"; "Vrijgegeven"
"Distributors"; "Distributeurs"
"Image Dimensions: 200x300px"; "Image Afmetingen: 200x300px"
"Game Events"; "Game Events"
"games"; "Games"
"All Games"; "Alle Games"
"Popular"; "Popular"
"Recently Added"; "Onlangs toegevoegd"
"Download Info"; "Download Info"
"Size"; "Size"
"Date"; "Datum"
"Download file"; "Download bestand"
"Delete download"; "Delete downloaden"
"There are no downloads at this moment"; "Er zijn geen downloads op dit moment"
"Download"; "Download"
"There is no description at this moment"; "Er is geen beschrijving op dit moment"
"Edit game info"; "Edit game info"
"Top Games"; "Top Games"
"Add Media +"; "Media toevoegen +"
"There are no screenshots at this moment"; "Er zijn geen screenshots op dit moment"
"There are no videos at this moment"; "Er zijn geen video's op dit moment"
"There are no concept art at this moment"; "Er zijn geen concept art op dit moment"
"There are no wallpapers at this moment"; "Er zijn geen wallpapers op dit moment"
"There are no news at this moment"; "Er zijn geen nieuws op dit moment"
"Show Pop Games"; "Toon Pop Games"
"Hide Pop Games"; "Verberg Pop Games"
"Recent Added Games"; "Recente Toegevoegd Games"
"Show Top Games"; "Geef Top Games"
"Hide Top Games"; "Verberg Top Games"
"Add Affiliated Group"; "Toevoegen Aangesloten Group"
"Search groups"; "Groepen zoeken"
"Create Group"; "Groep maken"
"Group Name"; "Group Name"
"Search game"; "Zoeken spel"
"Type 1"; "Type 1"
"Type 2"; "Type 2"
"Group Description"; "Groep Beschrijving"
"You have reached your groups limit. To create more groups, please buy additional groups."; "U heeft uw groepen te beperken Om meer groepen aan te maken, dan koopt u extra groepen.."
"Invite Members"; "Nodig leden"
"Search Player"; "Zoeken Player"
"Edit Affiliated Group"; "Edit Aangesloten Group"
"Edit Group Info"; "Edit Group Info"
"Group Leader"; "Groep Leader"
"Group Info"; "Groep Info"
"Leader"; "Leader"
"Created"; "Gemaakt"
"All Groups"; "Alle groepen"
"Create New Group +"; "Create New Group +"
"Recent"; "Recent"
"Edit group info"; "Groep bewerken info"
"Affiliated groups"; "Aangesloten groepen"
"Add Affiliate"; "Voeg Affiliate"
"Invite Members +"; "Nodig leden +"
"Applications"; "Toepassingen"
"Recently Added Groups"; "Onlangs toegevoegd groepen"
"Request To Join [_1]"; "Verzoek om [_1] Join"
"I want to join because"; "Ik wil mee, omdat"
"Symbols left"; "Symbolen links"
"Send"; "Verzenden"
"Are you sure you want to delete the cart item?"; "Weet u zeker dat u de kar item wilt verwijderen?"
"Paste your video link here..."; "Plak hier uw video-link ..."
"Post image"; "Post beeld"
"Welcome to PlayNation!"; "Welkom bij PlayNation!"
"PlayNation is a social network and news site targeted directly at gaming and gamers around the globe."; "PlayNation is een sociaal netwerk en nieuwssite gericht direct aan gamen en gamers over de hele wereld."
"PlayNation aims to bring you all the relevant news from the global gaming scene. We do not just offer the latest top news. Our goal is to deliver the latest news about the gaming industry, games, gaming equipment, gaming events, gaming groups, players and everything else out there to satisfy your gaming needs."; "PlayNation heeft tot doel om u alle relevante nieuws van de globale gaming scene. We hebben gewoon niet bieden de nieuwste top nieuws. Ons doel is het leveren van het laatste nieuws over de gaming industrie, games, gaming-apparatuur, gaming events, gaming groepen, spelers en al het andere die er zijn om uw gaming behoeften te voldoen. "
"PlayNation offers a social network, e-sport, news, events and much more for gamers around the globe. We aim to combine all the features needed for the gamer in one complete package."; "PlayNation biedt een sociaal netwerk, e-sport, nieuws, evenementen en nog veel meer voor gamers over de hele wereld Wij streven ernaar om alle functies die nodig zijn voor de gamer in een compleet pakket te combineren.".
"Information and news from everything gaming related to every gamer in the world, without spending hours searching the internet."; "Informatie en nieuws van alles gaming gerelateerd aan iedere gamer in de wereld, zonder urenlang zoeken op het internet."
"Join the PlayNation Network with a personal profile and socialize in an environment that is directly tailored for gaming needs."; "Word lid van het PlayNation netwerk met een persoonlijk profiel en een praatje maken in een omgeving die direct is afgestemd voor gaming behoeften."
"Setup a complete group page for your guild, house, fraction or clan, with all the basic features right at your fingertips!"; "Stel een hele groep pagina voor je gilde, huis, fractie of clan, met alle basisfuncties binnen handbereik!"
"Use our growing database of games to keep up with upgrades and add-ons, get the latest downloads and join the fanbase."; "Maak gebruik van onze groeiende database van games bij te houden upgrades en add-ons, de meest actuele downloads en lid worden van de fans."
"The forum is open to all registered users. Join the debate, share your experience and get help to solve that pesky mission!"; "Het forum is toegankelijk voor alle geregistreerde gebruikers deel aan de discussie, deel je ervaring en hulp krijgen om die vervelende missie op te lossen.!"
"PlayNation’s e-sport section allows players to face-off against other players in any skill based game they can imagine."; "PlayNation de e-sport gedeelte kunnen spelers face-off tegen andere spelers in een skill based spel dat ze zich kan voorstellen."
"Use our growing database of developers, publishers and distributors to follow the latest news, coming titles and future plans."; "Maak gebruik van onze groeiende database van ontwikkelaars, uitgevers en distributeurs om het laatste nieuws te volgen, komende titels en toekomstige plannen."
"All"; "Alle"
"Company"; "Vennootschap"
"Frontpage item look"; "Voorpagina item geselecteerd"
"List item look"; "Lijst item look"
"Inside look"; "Binnen kijken"
"Top 5 Companies"; "Top 5 bedrijven"
"User Rating"; "Gebruikers score"
"Top 5 Games"; "Top 5 Games"
"Search Games..."; "Zoeken Games ..."
"Show all companies"; "Toon alle bedrijven"
"Show all games"; "Toon alle games"
"Show All Country News"; "Laat alle Country News"
"Show all countries"; "Toon alle landen"
"Dislike"; "Afkeer"
"I want to share news with you:"; "Ik wil nieuws met jullie delen:"
"Comment..."; "Comment ..."
"Search news..."; "Zoek nieuws ..."
"Local"; "Lokaal"
"Back to All Companies"; "Terug naar Alle bedrijven"
"Back to All Games"; "Terug naar All Games"
"Top News"; "Top Nieuws"
"Back to News"; "Terug naar Nieuws"
"View Comments"; "Bekijk Reacties"
"Edit in"; "Bewerken in"
"Show Platform List"; "Toon Platform List"
"Popularity"; "Populariteit"
"Hide Platform List"; "Verberg Platform List"
"Popular Top 5"; "Populaire Top 5"
"Searched for"; "Gezocht op"
"Show "; "Show"
"Hide "; "Hide"
"Contact"; "Contact"
"Password Recovery"; "Password Recovery"
"Enter your e-mail address for password recovery"; "Voer uw e-mail adres voor herstellen van het wachtwoord"
"Recover"; "Recover"
"New Message"; "New Message"
"To"; "Aan"
"Message >"; "Message>"
"E-mail"; "E-mail"
"Password"; "Wachtwoord"
"Forgot password?"; "Wachtwoord vergeten? "
"Log In"; "Log In"
"Nickname"; "Nickname"
"Confirm Password"; "Bevestig wachtwoord"
"I accept the Terms of Service"; "Ik accepteer de Terms of Service "
"Register"; "Registreer"
"Share news by message"; "Share nieuws door bericht"
"Post text"; "Bericht tekst"
"Cancel"; "Annuleren"
"Send message"; "Stuur bericht"
"Player suggestions are based on"; "Player suggesties zijn gebaseerd op"
"My Friends"; "Mijn vrienden"
"My Location"; "Mijn locatie"
"Paste your link here..."; "Plak hier de link ..."
"Share link"; "Share link"
"players"; "Spelers"
"Share video"; "Video delen"
"Share your thoughts >"; "Deel je gedachten>"
"Edit Description"; "Edit Beschrijving"
"Write Description"; "Schrijf Beschrijving"
"Game Description >"; "Game Description>"
"Friend"; "Vriend"
"Accept"; "Accepteren"
"Reject"; "Weigeren"
"Delete Friend"; "Vriend verwijderen"
"Delete Selected"; "Delete Selected"
"Delete All"; "Alles verwijderen"
"Inbox"; "Inbox"
"Sent"; "Verzonden"
"New!"; "Nieuw!"
"Read"; "Lees"
"Forward"; "Vooruit"
"Sent Messages"; "Verzonden berichten"
"Message To"; "Message To"
"My events"; "Mijn evenementen"
"You have no events at this moment"; "Je hebt geen agendapunten op dit moment"
"You have no friends at this moment"; "Je hebt geen vrienden op dit moment"
"My games"; "Mijn Games"
"You have no games at this moment"; "Je hebt geen spellen op dit moment"
"My groups"; "Mijn groepen"
"You have no groups at this moment"; "Je hebt geen groepen op dit moment"
"My notifications"; "Mijn meldingen"
"Player(s) [_1] commented on your wall [_2]post[_3]."; "Speler (s) [_1] commentaar op uw muur [_2] post [_3]."
"Player [_1] posted on your wall [_2]post[_3]."; "Player [_1] geplaatst op uw muur [_2] post [_3]."
"Player(s) [_1] commented the [_2]post[_3] by [_4] on your wall."; "Speler (s) [_1] commentaar van de [_2] post [_3] door [_4] op uw muur."
"Player(s) [_1] commented your [_2]post[_3] on [_4] wall."; "Speler (s) [_1] commentaar van uw [_2] post [_3] op [_4] muur."
"Player(s) [_1] also commented the [_2]post[_3] by [_4]."; "Speler (s) [_1] ook commentaar van de [_2] post [_3] door [_4]."
"Player"; "Player"
"Group"; "Groep"
"[_1][_2][_3], whom you subscribe to, has posted a new public [_4]post[_5]."; "[_1] [_2] [_3], Met wie u zich abonneren op, heeft een nieuwe openbare [_4] post [_5]."
"Player(s) [_1] liked your [_2]post[_3]."; "Speler (s) [_1] vond je [_2] post [_3]."
"Player(s) [_1] disliked your [_2]post[_3]."; "Speler (s) [_1] hekel aan je [_2] post [_3]."
"Player [_1] is now subscribed to you."; "Player [_1] is nu geabonneerd op je."
"Player [_1] has sent you a friend request."; "Player [_1] heeft u een vriend verzoek."
"Player [_1] has accepted your friend request."; "Player [_1] heeft aanvaard je vriend verzoek."
"Player(s) [_1] has posted in a topic: [_2] in forum: [_3] - [_4]."; "Speler (s) [_1] heeft nog een bericht in een onderwerp: [_2] in forum:. [_3] - [_4]"
"Player [_1] has posted a new topic: [_2] in forum [_3] - [_4]."; "Player [_1] heeft een nieuwe onderwerp:. [_2] In forum [_3] - [_4]"
"News from company [_1]."; "Nieuws van bedrijf [_1]."
"News from game [_1]."; "Nieuws van spel [_1]."
"News from group [_1]."; "Nieuws uit groep [_1]."
"Player(s) [_1] commented on a [_2]news item[_3], you subscribe to."; "Speler (s) [_1] reageerde op een [_2] nieuws [_3], u zich abonneren op."
"Player [_1] has invited you to join the group [_2]."; "Player [_1] heeft u uitgenodigd om de groep aan te sluiten [_2]."
"Player [_1] has applied to join the group [_2]."; "Player [_1] heeft toegepast op de groep aan te sluiten [_2]."
"Notification_"; "Notification_"
"There are no notifications at this moment"; "Er zijn geen meldingen op dit moment"
"[_1] has no events at this moment"; "[_1] Heeft geen evenementen op dit moment"
"[_1] has no games at this moment"; "[_1] Heeft geen spelletjes op dit moment"
"[_1] has no groups at this moment"; "[_1] Heeft geen groepen op dit moment"
"You should recieve an activation email within a few minutes. Please check your spam folder if you cannot find the activation email in your inbox."; "Je moet ontvangt een activatie e-mail binnen een paar minuten Controleer uw spam map als u niet kunt vinden de activatie e-mail in uw inbox.."
"Your new password"; "Je nieuwe wachtwoord"
"Subscriptions"; "Abonnementen"
"Number Of Subscriptions"; "Aantal abonnementen"
"All Subscriptions"; "Alle abonnementen"
"Forums as Member"; "Forums als lid"
"Forums"; "Forum"
"Forum Boards"; "Forum Boards"
"Forum Topics"; "Forum Topics"
"Recent Subscriptions"; "Recente Abonnementen"
"Event"; "Event"
"Forum Board"; "Forum Board"
"Forum Topic"; "Forum"
"You have no subscriptions at this moment"; "Je hebt geen abonnementen op dit moment"
"Account Settings"; "Account Settings"
"Registered"; "Geregistreerd"
"User information"; "Gebruikersinformatie"
"First name"; "Voornaam"
"Last name"; "Achternaam"
"Display name"; "Display name"
"Repeat password"; "Herhaal wachtwoord"
"Usage information"; "Informatie over het gebruik"
"Images"; "Afbeeldingen"
"Links"; "Links"
"Nick"; "Nick"
"Add friend"; "Vriend toevoegen"
"Username"; "Gebruikersnaam"
"Get Contacts"; "Get Contacten"
"Invite Selected"; "Nodig Selected"
"shared news:"; "Gedeelde nieuws:"
"New message"; "Nieuw bericht"
"Page"; "Pagina"
"[_1] of [_2]"; "[_1] Van [_2]"
"There are no messages at this moment"; "Er zijn geen berichten op dit moment"
"My"; "Mijn"
"Players you might know"; "Spelers je misschien wel weet"
"Back to inbox"; "Terug naar Postvak IN"
"Reply..."; "Antwoord ..."
"Attach video"; "Bevestig video"
"Home"; "Home"
"Link"; "Link"
"Video"; "Video"
"Post images here..."; "Post foto's hier ..."
"Post link"; "Bericht link"
"Write on Wall..."; "Schrijf op Wall ..."
"Write on Friend Wall..."; "Schrijven op Vriend muur ..."
"items"; "Items"
"Credits"; "Credits"
"Payment Options"; "Betalingsopties"
"PayPal"; "PayPal"
"Billing Details"; "Billing Details"
"Street Address"; "Street Address"
"Postal Code"; "Postcode"
"City/Town"; "City / Town"
"You do not have enough PlayNation Dollars on your account. Please buy PlayNation Dollars now."; "Je hebt niet genoeg PlayNation Dollars op uw account kunt u nu kopen PlayNation Dollars.."
"You have already activated this feature. It will renew on [_1]. If you wish to extend it now, [_2] will get deducted from your account."; "U hebt al geactiveerd deze functie zal vernieuwen op [_1] Als u nu uit te breiden, [_2] zal in mindering gebracht op uw account..."
"This will grant you access to [_1] Free Game per Month. [_2] will get deducted from your account."; "Dit zal je toegang hebben tot [_1] gratis spel per maand [_2] zal in mindering gebracht op uw account.."
"This will allow you to create additional [_1] group(s). [_2] will get deducted from your account."; "Dit zal u toelaten om u extra [_1] groep (en) [_2] zal in mindering gebracht op uw account.."
"This will increase your image limit to [_1]. [_2] PND will be deducted from your account."; "Dit zal uw afbeelding limiet te verhogen naar [_1] [_2] PND zal worden afgetrokken van uw rekening.."
"This will remove all ads and banners on the site. [_1] PND will be deducted from your account."; "Dit zal alle advertenties en banners op de site [_1] PND zal worden afgetrokken van uw rekening.."
"Confirm"; "Bevestigen"
"Close"; "Sluiten"
"This will upgrade your Basic membership to a [_1] membership. [_2] will be deducted from your account."; "Dit zal een upgrade van uw Basic lidmaatschap van een [_1] lidmaatschap [_2] zal worden afgetrokken van uw rekening.."
"This will extend your membership. [_1] will be deducted from your account."; "Dit zal verlengen je lidmaatschap [_1] zal worden afgetrokken van uw rekening.."
"This will change your [_1] ([_2] months) membership to a [_3] ([_4] months) membership. The change will happen when your membership renews on [_5]."; "Dit zal je [_1] ([_2] maanden) lidmaatschap van een [_3] ([_4] maanden) lidmaatschap van De verandering zal er gebeuren wanneer uw lidmaatschap hernieuwt op [_5].."
"Memberships are non-refundable. You have [_1] month(s) and [_2] day(s) left of your membership and cannot upgrade to a [_3] ([_4] months) membership. You must choose another upgrade."; "Lidmaatschap worden niet terugbetaald. Je hebt [_1] maand (en) en [_2] dag (en) links van je lidmaatschap en kan niet upgraden naar een [_3] ([_4] maanden) lidmaatschap. U moet nog een upgrade te kiezen. "
"This will upgrade your [_1] ([_2] months) membership to a [_3] ([_4] months) membership. You have [_5] days left of your [_6] membership and this will reduce the price of your upgrade with [_7]. [_8] will be deducted from your account."; "Dit zal een upgrade van uw [_1] ([_2] maanden) lidmaatschap van een [_3] ([_4] maanden) lidmaatschap. Je hebt [_5] resterende dagen van je [_6] lidmaatschap en dit zal de prijs van uw upgrade te verminderen met [_7] [_8] zal worden afgetrokken van uw rekening. ".
"You already have a downgrade to a [_1] ([_2] months) membership pending. It will happen automatically when your membership renews on [_3]."; "U heeft al een downgrade naar een [_1] ([_2] maanden) in afwachting van het lidmaatschap Het zal automatisch gebeuren wanneer uw lidmaatschap hernieuwt op [_3].."
"You already have a downgrade to a [_1] ([_2] months) membership pending. If you continue, you will replace that downgrade with a downgrade to a [_3] ([_4] months) membership. It will happen automatically when your membership renews on [_5]."; "U heeft al een downgrade naar een [_1] ([_2] maanden) op het lidmaatschap aangevraagd. Als u doorgaat, zul je dat downgrade vervangen door een downgrade naar een [_3] ([_4] maanden) lidmaatschap. Het zal automatisch gebeuren wanneer uw lidmaatschap hernieuwt op [_5] ".
"This will downgrade your [_1] ([_2] months) membership to a [_3] ([_4] months) membership. Memberships are non-refundable and your downgrade will happen when your membership renews on [_5]."; "Dit zal downgrade uw [_1] ([_2] maanden) lidmaatschap van een [_3] ([_4] maanden) lidmaatschap Lidmaatschap worden niet terugbetaald en uw downgrade zal er gebeuren wanneer uw lidmaatschap hernieuwt op [_5].."
"Canceled!"; "Geannuleerd!"
"Your payment has been canceled!"; "Uw betaling is geannuleerd!"
"Quantity"; "Aantal"
"Complete Order Now"; "Nu Compleet Order"
"This will complete your order and your payments will be deducted from your account."; "Dit zal uw bestelling en uw betaling zal worden afgetrokken van uw rekening."
"You do not have enough credits."; "Je hebt niet genoeg credits."
"Shopping cart is empty"; "Uw winkelwagen is leeg"
"History"; "Geschiedenis"
"Search for Products..."; "Zoek naar producten ..."
"All Products"; "Alle producten"
"Special Offers"; "Aanbiedingen"
"Converter"; "Converter"
"Amount of PD to convert"; "Bedrag van de PD om te zetten"
"Convert"; "Convert"
"Order History"; "Order History"
"Total Price"; "Totale prijs"
"Status"; "Status"
"Order Nr."; "Order Nr."
"Completed"; "Completed"
"Shipped"; "Verzonden"
"Payed"; "Betaald"
"Ordered"; "Besteld"
"You have not made any transactions."; "Je hebt nog geen transacties."
"Cash Out"; "Kassa"
"IBAN"; "IBAN"
"SWIFT"; "SWIFT"
"Amount"; "Bedrag"
"Cash Out Now"; "Nu Uitbetalen"
"This will complete your Cash Out and the amount will be transferred to your bank account."; "Dat zal uw Cash Out en het bedrag zal worden overgemaakt op uw bankrekening."
"Notice! It is only possible to cash out PlayNation Dollars. The minimum Cash Out Amount is [_1] PlayNation Dollars. The Cash Out Fee is [_2] PlayNation Dollars and will be deducted from your Account. Read our [_3] to learn more about PlayNation’s Cash Out Policy."; "Let op! Het is alleen mogelijk om uitbetaald te worden PlayNation Dollars. De minimale totale uitbetaling is [_1] PlayNation Dollars. De Cash Out Fee is [_2] PlayNation Dollars en zullen worden afgetrokken van uw rekening. Lees onze [_3] om te leren Meer informatie over Cash PlayNation's Out beleid ".
"Terms of Service"; "Terms of Service"
"There are no products at this moment"; "Er zijn geen producten op dit moment"
"Basic"; "Basic"
"Silver"; "Silver"
"Gold"; "Gold"
"Platinum"; "Platinum"
"Months"; "Maanden"
"Save [_1]%"; "Save [_1]%"
"Free"; "Free"
"Individual Features"; "Individuele eigenschappen"
"[_1]"; "[_1]"
"[_1]/[_2] months"; "[_1] / [_2] Maanden"
"You have reached your photo limit. To upload more photos, please buy additional photos."; "U heeft uw foto limiet voor meer foto's te uploaden, dan koopt u extra foto's.."
"Order Nr. "; " "Order Nr."; "
"Downloads left [_1] of [_2]"; "Downloads left [_1] van [_2]"
"Order Details"; "Order Details"
"Date of Order"; "Datum van de orde"
"Date of Order Complete"; "Datum van de bestelling af te ronden"
"Date of Shipment"; "Datum van verzending"
"Date of Payment"; "Datum van betaling"
"Success!"; "Succes!"
"[_1] has been deducted from your account and your order has been completed. You will receive an e-mail with your receipt."; "[_1] Is in mindering gebracht op uw account en uw bestelling is voltooid U ontvangt een e-mail met uw aankoopbon.."
"You are now a [_1] member. Your membership will automatically renew every [_2] months unless you cancel or don`t have enough PD on your account. The first renewal date is [_3]."; "Je bent nu een [_1] lid Uw lidmaatschap wordt automatisch verlengd elke [_2] maanden, tenzij u annuleren of don` t genoeg PD op uw account de eerste verlenging datum is [_3]... "
"You can always check the status of your membership, upgrade, downgrade and cancel in your user settings."; "Je kunt altijd de status van uw lidmaatschap, upgraden, downgraden en annuleren in uw gebruikersinstellingen."
"Thank you for your order. We hope you enjoy your new membership."; "Bedankt voor uw bestelling Wij wensen u veel plezier met uw nieuwe lidmaatschap.."
"You will receive an e-mail with your receipt. You have succesfully extended your [_1] membership. The next renewal date is [_2]."; "Je ontvangt een e-mail met uw ontvangst U heeft met succes uitgebreid uw [_1] lidmaatschap De volgende vervaldag is [_2]..."
"Thank you for your order."; "Bedankt voor uw bestelling."
"You have scheduled a change to a [_1] ([_2] months) membership. It will happen when your membership renews on [_3]. [_4] will be deducted from your account when your order completes and you will receive an e-mail with your receipt."; "U heeft gepland een wijziging in een [_1] ([_2] maanden) lidmaatschap. Het zal gebeuren wanneer uw lidmaatschap hernieuwt op [_3]. [_4] Zal worden afgetrokken van uw rekening wanneer uw bestelling is voltooid en ontvangt u een e ontvangen -mail met uw ontvangst. "
"You have scheduled a downgrade to a [_1] membership. It will happen when your membership renews on [_2]. [_3] will be deducted from your account when your order completes and you will receive an e-mail with your receipt."; "U heeft gepland een downgrade naar een [_1] lidmaatschap. Het zal gebeuren wanneer uw lidmaatschap hernieuwt op [_2]. [_3] Zal worden afgetrokken van uw rekening wanneer uw bestelling is voltooid en ontvangt u een e-mail met uw aankoopbewijs. "
"You have now increased your photo limit with [_1]. Your new limit is [_2]."; "Je hebt nu meer uw foto limiet met [_1] Uw nieuwe grens is [_2].."
"You have now increased your group limit with [_1]. Your new limit is [_2]."; "Je hebt nu meer uw groep limiet met [_1] Uw nieuwe grens is [_2].."
"You have now activated No Ads or Banners. The feature will automatically renew every [_1] months unless you cancel or don`t have enough PD on your account. The first renewal date is [_2]."; "Je hebt nu geactiveerd geen advertenties of banners De functie wordt automatisch verlengd elke [_1] maanden, tenzij u annuleren of don` t genoeg PD op uw account de eerste verlenging datum is [_2]... "
"Best Regards,"; "Met vriendelijke groet,"
"Customer Services"; "Customer Services"
"PlayNation.eu"; "PlayNation.eu"
"Go to my profile page"; "Ga naar mijn profiel pagina"
"Sign out"; "Afmelden"
"Log in"; "Log in"
"Loading..."; "Laden ..."
"Read more »"; "Lees meer» "
"Comments"; "Opmerkingen"
"Upcoming Event"; "Komende Event"
"Share news on group wall"; "Share nieuws over de groep muur"
"Post on group wall"; "Post op de groep muur"
"Share news on your wall"; "Share nieuws op je muur"
"Post on wall"; "Bericht aan de muur"
"Show comments"; "Show comments"
"Share"; "Delen"
