"Companies";"Las empresas"
"Recent Companies";"Las empresas recientes"
"Popular Companies";"Las empresas populares"
"News";"Noticias"
"Search results";"Resultados de la búsqueda"
"Games";"Juegos"
"Media";"Media"
"Videos";"Videos"
"Screenshots";"Imágenes"
"Concept Art";"Concept Art"
"Wallpapers";"Fondos"
"Add News";"Añadir noticias"
"Edit News";"Edición de Noticias"
"Events";"Eventos"
"All events";"Todos los eventos"
"events";"Eventos"
"Edit event - ";"Editar evento -"
"Edit event";"Editar evento"
"Create new event";"Crear nuevo evento"
"Please choose the type of event";"Por favor, elija el tipo de evento"
"Event cannot start in the past";"Evento no se puede iniciar en el pasado"
"Event title cannot be shorter than 3 symbols";"Título del evento no puede ser de menos de 3 símbolos"
"End date cannot be before start date";"Fecha de finalización no puede ser antes de la fecha de inicio"
"Participants";"Los participantes"
"Invited";"Invitado"
"Forum";"Forum"
"Create Thread";"Crear Tema"
"Recent Games";"Los juegos recientes"
"Popular Games";"Juegos populares"
"Downloads";"Descargas"
"Players";"Jugadores"
"Groups";"Grupos"
"Recent Groups";"Grupos recientes"
"Group News";"Grupo Noticias"
"Members";"Miembros"
"Member Applications";"Aplicaciones miembros"
"Member Invitations";"Invitaciones miembros"
"Playnation";"Playnation"
"Post";"Mensaje"
"Recent News";"Noticias recientes"
"Popular News";"Noticias Populares"
"Platform News";"Plataforma de Noticias"
"Companies Search Results";"Compañías de Resultados de la búsqueda"
"Company News";"Noticias de la compañía"
"Games Search Results";"Juegos de Resultados de la búsqueda"
"Game News";"Juego de Noticias"
"Countries";"Países"
"Create News";"Crear Noticias"
"All Players";"Todos los jugadores"
"Edit profile";"Editar perfil"
"Profile Page";"Perfil de la página"
"Login Required!";"Conexión necesaria"
"Registration successful";"Registro exitoso"
"Activation successful";"La activación de éxito"
"Password Reseted";"Contraseña reseteado"
"Error: E-mail not found";"Error: No se encontró e-mail"
"Error: incorect E-mail or Password!";"Error: incorrecto se E-mail o contraseña"
"My friends";"Mis amigos"
"Friends";"Amigos"
"My Subscriptions";"Mis Suscripciones"
"My Groups";"Mis grupos"
"My Games";"Mis Juegos"
"Notification_ReplyMyWall";"Notification_ReplyMyWall"
"Notification_PostOnMyWall";"Notification_PostOnMyWall"
"Notification_ReplyPostMyWall";"Notification_ReplyPostMyWall"
"Notification_ReplyPostOtherWall";"Notification_ReplyPostOtherWall"
"Notification_ReplyMyReply";"Notification_ReplyMyReply"
"Notification_PublicBySubscribe";"Notification_PublicBySubscribe"
"Notification_Like";"Notification_Like"
"Notification_Dislike";"Notification_Dislike"
"Notification_SubscribePlayer";"Notification_SubscribePlayer"
"Notification_FriendRequest";"Notification_FriendRequest"
"Notification_FriendReply";"Notification_FriendReply"
"Notification_NewForumPost";"Notification_NewForumPost"
"Notification_NewForumTopic";"Notification_NewForumTopic"
"Notification_CompanyNews";"Notification_CompanyNews";"
"Notification_GameNews";"Notification_GameNews"
"Notification_GroupNews";"Notification_GroupNews"
"Notification_NewsReply";"Notification_NewsReply"
"Notifications";"Notificaciones"
"Messages";"Mensajes"
"My Events";"Mis eventos"
"Invite Friends";"Invitar amigos"
"Registration";"Registro"
"Shop";"Shop"
"Buy Credits";"Comprar créditos"
"Orders History";"Órdenes de la Historia"
"Order View";"Ver pedido"
"Memberships";"Participación"
"Shopping Cart";"Compras"
"Cancel Payment";"Cancelar Pago"
"Successful Payment";"Pago con éxito"
"Order Complete";"Completar Orden"
"Unpublished News";"Las noticias no publicado"
"«""«";"« "," «"
"»""»";"» "," »"
"Are you sure want to delete the friend?";"¿Estás seguro que quieres eliminar el amigo?"
"Are you sure want to delete the post?";"¿Estás seguro que quieres eliminar el mensaje?"
"Are you sure want to delete the reply?";"¿Estás seguro que quieres eliminar la respuesta?"
"Are you sure want to delete the board?";"¿Estás seguro que quieres eliminar la placa?"
"Yes";"Sí"
"No";"No"
"New";"Nuevo"
"Are you sure want to delete the message?";"¿Estás seguro que quieres eliminar el mensaje?"
"Are you sure want to delete all messages?";"¿Estás seguro que quieres eliminar todos los mensajes?"
"Are you sure want to delete the member from the group?";"¿Estás seguro que quieres eliminar el miembro del grupo?"
"Are you sure want to delete the tab?";"¿Estás seguro que quieres eliminar la cuenta?"
"Are you sure want to delete the media?";"¿Estás seguro que quieres eliminar los medios de comunicación?"
"Are you sure want to delete the affiliate?";"¿Estás seguro que quieres eliminar el afiliado?"
"Are you sure want to delete the group?";"¿Estás seguro que quieres eliminar el grupo?"
"Are you sure want to leave the group?";"¿Estás seguro quieren dejar el grupo?"
"Are you sure want to delete the news item?";"¿Estás seguro que quieres eliminar la noticia?"
"Edit";"Editar"
"Loading Paypal, please wait.";"Carga de Paypal, por favor espere."
"Number of events";"El número de eventos"
"Show more posts";"Mostrar más puestos de trabajo"
"Show more friends";"Mostrar más amigos"
"Show more subscribtions";"Mostrar más inscritos a"
"Show more notifications";"Mostrar más notificaciones"
"Show more messages";"Muestra más mensajes"
"change picture";"El cambio de imagen"
"add picture";"Añadir imagen"
"Show more companies";"Ver más empresas"
"Are you sure want to delete download?";"¿Estás seguro que quieres eliminar descarga?"
"Show more games";"Mostrar más juegos"
"Paste your video link >";"Pegar el enlace de vídeo>"
"Upload image";"Cargar la imagen"
"Symbols left:";"Los símbolos a la izquierda:"
"January";"Enero"
"February";"Febrero"
"March";"Marzo"
"May";"Mayo"
"April";"Abril"
"June";"Junio"
"July";"Julio"
"August";"Agosto"
"September";"Septiembre"
"October";"Octubre"
"November";"Noviembre"
"December";"Diciembre"
"Mon";"Mon"
"Tue";"Mar"
"Wed";"Mar"
"Thu";"Jueves"
"Fri";"Viernes"
"Sat";"Sat"
"Sun";"Sol"
"Search here";"Busque aquí"
"Languages";"Idiomas"
"Get friends";"Get amigos"
"Invite friends by typing their e-mail addresses";"Invitar a los amigos, simplemente introduciendo sus direcciones de correo electrónico"
"Send invitations";"Enviar invitaciones"
"Please fill in your personal information";"Por favor, rellene sus datos personales"
"First Name";"Nombre"
"Last Name";"Apellido"
"Display Name";"Display Name"
"Your display name is the name you choose to display on your profile. It can be your first name, full name, nickname or any combination. It can also be something completely different. If you do not choose a display name, your nickname will be displayed by default.";"Tu nombre para mostrar es el nombre que elija para mostrar en tu perfil. Puede ser su nombre de pila, nombre completo, apodo o cualquier combinación. También puede ser algo completamente diferente. Si usted no elige un nombre para mostrar, a su apodo se muestra por defecto ".;
"City";"Ciudad"
"Country";"País"
"Timezone";"Zona horaria"
"Date of birth";"Fecha de nacimiento"
"Site Language";"El idioma del sitio"
"Your site language is the language in which you want to view the site. The default is English. If any content has not been translated into your site language, the English version will be displayed.";"El idioma del sitio es el idioma en que desea ver el sitio El valor por defecto es el Inglés Si algún contenido no ha sido traducido a su idioma del sitio, la versión en Inglés será mostrado..."
"Additional Content Languages";"Las lenguas de contenido adicional"
"You have the option to select a number of additional content languages. If our content has not been translated into your site language, it may be available in other languages that you prefer. You will get the option to choose between the available languages that you have selected.";"Usted tiene la opción de seleccionar un número de idiomas de contenido adicional. Si nuestro contenido no se ha traducido a su idioma del sitio, puede estar disponible en otros idiomas que prefiera. Usted tendrá la opción de elegir entre los idiomas disponibles que ha seleccionado ".;
"Personal Avatar";"Avatar personal"
"Use PNG, GIF or JPG format";"Usar PNG, GIF o JPG"
"Max. window size: 200x300px";"Max tamaño de la ventana: 200x300px."
"Upload Image";"Cargar imágenes"
"Next";"Siguiente"
"Find your friends on PlayNation";"Encuentra a tus amigos en la PlayNation"
"Search for players...";"Búsqueda de jugadores ..."
"Search";"Búsqueda"
"No players found";"No hay jugadores encontrado"
"Add Friends";"Agregar amigos"
"Invite your friends to playnation";"Invita a tus amigos para playnation"
"Add more fields";"Añadir más campos"
"Import contacts from your e-mail account";"Importar contactos de su cuenta de correo electrónico"
"For each friend that registers on PlayNation, we will reward you with 100 PlayCoins";"Por cada amigo que se registra en PlayNation, se le recompensará con 100 PlayCoins"
"PlayCoins is one of PlayNation’s virtual currencies and can be used to buy certain products and services on the site.";"PlayCoins es una de las monedas virtuales PlayNation y se puede usar para comprar ciertos productos y servicios en el sitio."
"Previous";"Anterior"
"Add your favorite games";"Añade a tus juegos favoritos"
"Search for games...";"Buscar juegos ..."
"No games found";"No hay juegos encontrado"
"Add Games";"Añadir Juegos"
"Apply for groups";"Aplicar a los grupos"
"Search for groups...";"Buscar a los grupos ..."
"No groups found";"No se encontraron grupos"
"Welcome to PlayNation";"Bienvenido a PlayNation"
"Finish";"Finalizar"
"Total";"Total"
"Continue Order";"Continuar pedido"
"There is no description for this event at the moment.";"No hay descripción para este evento en este momento."
"Read more";"Leer más"
"Hide description";"Ocultar la descripción"
"Participant";"Participante"
"Remove event";"Eliminar evento"
"Description";"Descripción"
"There is no description for this game at the moment.";"No hay descripción para este juego en este momento."
"Media Items";"Los productos que los medios de comunicación"
"Media item";"Medios de Comunicación tema"
"Stop playing";"Detener la reproducción"
"Add to my games";"Añadir a mis juegos"
"Remove";"Eliminar"
"Game Type";"Tipo de juego"
"Release Date";"Fecha de Publicación"
"Platforms";"Plataformas"
"ESRB Rating";"Clasificación ESRB"
"I play this";"Yo interpreto esto"
"There is no description for this group at the moment.";"No hay descripción para este grupo en este momento."
"Member";"Miembro"
"Leave Group";"Dejar grupo"
"Remove application";"Eliminar aplicaciones"
"Edit affilliated group";"Editar grupo affilliated"
"Remove affilliated group";"Eliminar grupo de affilliated"
"Request To Join Group";"Solicitar a unirse al grupo"
"[_1] friend(s)";"[_1] Amigo (s)"
"[_1] game(s)";"[_1] Juego (s)"
"[_1] group(s)";"[_1] Grupo (s)"
"and";"Y"
"Remove player";"Quitar jugador"
"Add player to group";"Añadir jugador al grupo"
"Remove player from group";"Quitar jugador de grupo"
"Remove player suggestion";"Eliminar sugerencia de jugador"
"Lives in [_1]";"Vive en [_1]"
"Reason";"La Razón"
"Rank";"Rango"
"You have [_1] in common.";"Usted tiene [_1] en común."
"Pending";"Pendiente"
"Add Friend";"Agregar amigo"
"Send Message";"Enviar mensaje"
"Unsubscribe";"Darse de baja"
"Subscribe";"Suscribirse"
"Options";"Opciones"
"Product info";"Información sobre el producto"
"Price";"Precio"
"Type";"Tipo"
"D/L";"D / L"
"Add to Cart";"Añadir al carro"
"There are no wall posts at this moment";"No hay publicaciones en el muro en este momento"
"You have no wall posts at this moment";"No tiene publicaciones en el muro, en este momento"
"You have no photos at this moment";"Usted no tiene fotos en este momento"
"You have no videos at this moment";"No tiene vídeos en este momento"
"You have no links at this moment";"No tiene enlaces en este momento"
"[_1] has no wall posts at this moment";"[_1] No tiene publicaciones en el muro en este momento"
"[_1] has no photos at this moment";"[_1] No tiene fotos en este momento"
"[_1] has no videos at this moment";"[_1] No tiene videos en este momento"
"[_1] has no links at this moment";"[_1] No tiene ningún vínculo en este momento"
"Post video";"Publicar vídeo"
"Post as ";"Publicar como"
"Add Download";"Añadir descarga"
"Select Tab";"Seleccione la ficha"
"File Name";"Nombre de archivo"
"File Size";"Tamaño de Archivo"
"File URL";"Archivo URL"
"Download Description";"Descargar Descripción"
"Add";"Añadir"
"Add New Tab";"Añadir una nueva pestaña"
"Name";"Nombre"
"Add News +";"Añadir Noticias +"
"News Specifications";"Especificaciones de Noticias"
"Language";"lenguaje"
"Switch to Translated Language";"Cambiar a la lengua traducida"
"News Content";"Contenido de las Noticias"
"Headline";"Título"
"Main Image";"Imagen"
"Delete Image";"Eliminar imagen"
"Short Description";"Descripción corta"
"News Text";"Las noticias de texto"
"Publish Language Article";"Publicar artículo de idioma"
"Publish Main Article";"Publicar artículo principal"
"Save";"Guardar"
"News Type";"Las noticias de tipo"
"Search game...";"Búsqueda de juego ..."
"Search company...";"Búsqueda de la empresa ..."
"Image";"Imagen"
"Intro text";"Introducción de texto"
"Body text";"Cuerpo de texto"
"Published";"Publicado"
"Save and Close";"Guardar y Cerrar"
"Add Game";"Añadir juego"
"Genre";"Género"
"Platform";"Plataforma"
"URL";"URL"
"Game Description";"Descripción del juego"
"Add Media";"Add Media"
"Youtube link/upload files";"Enlace de Youtube / subir archivos"
"Edit Company Info";"Editar Información de la empresa"
"Company Type";"Tipo de la compañía"
"Headquarters";"Cuartel general"
"Founded";"Fundado"
"Ownership";"La propiedad"
"Employees";"Empleados"
"Company Url";"URL de la empresa"
"Company Description";"Descripción de la empresa"
"Edit Download";"Editar Descargar"
"Edit Tab";"Editar ficha"
"Edit Media";"Edición de Medios"
"Order companies:";"Las compañías de pedido:"
"Alphabetically";"Alfabéticamente"
"By Popularity";"Por popularidad"
"By Rating";"Por Categoría"
"By Date Added";"Por Fecha Alta"
"upload picture";"Añadir fichero"
"Company Info";"Quiénes Somos"
"Joined";"Registrado"
"Website";"Sitio Web"
"Like";"Me gusta"
"Unlike";"A diferencia de"
"Rating";"Rating"
"Your rating";"Su voto"
"Raters";"Los evaluadores"
"Search for companies...";"Búsqueda de empresas ..."
"Your search matched";"Su búsqueda coincide"
"companies";"Las compañías"
"You searched for:";"Ha buscado por:"
"Show Description";"Mostrar descripción"
"Hide Description";"Ocultar Descripción"
"Developers";"Desarrolladores"
"Publishers";"Los editores"
"Info";"Información"
"There is no description for this company at the moment.";"No hay una descripción de esta empresa en el momento."
"Game";"Juego"
"Search Companies...";"Las empresas de la búsqueda ..."
"There are no companies here. Yet!";"No hay empresas de aquí todavía."
"Total: [_1]";"Total: [_1]"
"Information";"Información"
"Forum Posts";"Mensajes del Foro"
"Edit company info";"Editar información de la empresa"
"Show more";"Mostrar más"
"Hide";"Hide"
"There are no games here. Yet!";"No hay juegos aquí todavía."
"Top Companies";"Mejores Compañías"
"Developer Companies";"Las compañías de desarrollo"
"There are no media here. Yet!";"No hay medios de comunicación ha llegado todavía."
"Articles: [_1]";"Los artículos: [_1]"
"Page: [_1] of [_2]";"De la página: [_1] de [_2]"
"Search News...";"Búsqueda de noticias ..."
"Search Results";"Resultados de la búsqueda"
"Searched for: ";"Resultado de la búsqueda:"
"There are no news here. Yet!";"No hay noticias aún."
"Show Pop Companies";"Mostrar las empresas Pop"
"Hide Pop Companies";"Ocultar las empresas Pop"
"All Companies";"Todas las empresas"
"Total Matches";"Partidos Total"
"Show Top Companies";"Mostrar las Mejores Compañías"
"Hide Top Companies";"Ocultar las Mejores Compañías"
"Search...";"Buscar ..."
"Invite";"Invitar"
"Calendar";"Calendario"
"Wall";"Muro"
"Event Info";"Datos del evento"
"Start date";"Fecha de inicio"
"End date";"Fecha de finalización"
"Location";"Ubicación"
"Privacy";"Privacidad"
"Public";"Público"
"Private";"Privado"
"Invitations";"Invitaciones"
"Invite People";"Invitar a la gente"
"Attend";"Asistir"
"groups";"Grupos"
"Found";"Encontrado"
"There are no events at this moment";"No hay eventos en este momento"
"Create event";"Crear evento"
"Event Title";"Título del evento"
"Event Type";"Tipo de evento"
"Choose Type";"Elija el tipo"
"Date & Time";"Fecha y hora"
"Time";"Tiempo"
"Add end time";"Añadir tiempo del fin"
"Make recurring";"Hacer recurrente"
"End Date";"Fecha de finalización"
"Recurrence";"Recurrencia"
"Recurring Schedule";"Programación periódica"
"Select friends";"Seleccionar amigos"
"Make the event public";"Hacer público el evento"
"Let invited people invite more people";"Que la gente invitó a invitar a más gente"
"Invite friend";"Invitar a un amigo"
"Recurrence limited by";"La recurrencia limitada por"
"Starting time";"Hora de inicio"
"Ending time";"Terminar con el tiempo"
"Select All";"Seleccionar todo"
"Deselect All";"Deseleccionar todo"
"User Info";"Información del usuario"
"Age";"Edad"
"Posts";"Mensajes"
"Threads";"Temas"
"There are no invitees here. Yet!";"No hay invitados aquí todavía."
"Create New Event +";"Crear Nuevo Evento +"
"There are no participants here. Yet!";"No hay participantes ha llegado todavía."
"Search here...";"Busque aquí ..."
"Write on Event Wall...";"Escribir en el muro de eventos ..."
"Write on Group Wall...";"Escribir en el Grupo de la pared ..."
"Post by";"Publicado por"
"View All Comments";"Ver todos los comentarios"
"No Comments";"Sin comentarios"
"Hide comments";"Ocultar comentarios"
"Comment >";"Comentario>"
"Comment";"Comentario"
"Add Board";"Añadir la Junta"
"Board name";"Junta de nombre"
"Create";"Crear"
"Add Category";"Añadir categoría"
"Edit Board";"Editar la Junta"
"Edit Category";"Editar Categoría"
"Child boards";"Las juntas del niño"
"Delete";"Eliminar"
"Topics";"Temas"
"By";"Por"
"In";"En"
"modified";"Modificado"
"[_1] at [_2] said";"[_1] En [_2] dijo:"
"Quote";"Cita"
"Reply";"Responder"
"Text for the post";"Texto para el puesto"
"Re";"Re"
"Search for forums...";"Búsqueda de foros ..."
"forums";"Foros"
"Create new thread";"Crear nuevo hilo"
"Subject";"Asunto"
"Subject...";"Sin perjuicio ..."
"Views";"Vistas"
"Replies";"Respuestas"
"Unknown";"Desconocido"
"There are no forum topics at this moment";"No hay temas en el foro en este momento"
"Create New Topic";"Crear nuevo tema"
"Title of the new topic";"Título del nuevo tema"
"Create New Category +";"Crear una nueva categoría +"
"All Forums";"En todos los foros"
"Thread";"Hilo"
"There are no forums at this moment";"No hay foros en este momento"
"Thread title";"Título de la discusión"
"Statistics";"Estadísticas"
"Last Post";"Último Mensaje"
"All Platforms";"Todas las plataformas"
"Edit Game Info";"Editar Información del juego"
"All Downloads";"Todas las descargas"
"Search Downloads...";"Descargas de la búsqueda ..."
"Order games:";"Los juegos de pedido:"
"By Release Date";"Por Fecha De Lanzamiento"
"Select a genre";"Seleccione un género"
"Game Info";"Información del juego"
"Released";"Lanzado"
"Distributors";"Distribuidores"
"Image Dimensions: 200x300px";"La imagen Dimensiones: 200x300px"
"Game Events";"Los eventos del juego"
"games";"Juegos"
"All Games";"Todos los Juegos"
"Popular";"Popular"
"Recently Added";"Recientemente se agregó"
"Download Info";"Descargar Información"
"Size";"Tamaño"
"Date";"Fecha"
"Download file";"Descargar archivo"
"Delete download";"Eliminar descarga"
"There are no downloads at this moment";"No hay descargas en este momento"
"Download";"Descargar"
"There is no description at this moment";"No hay una descripción en este momento"
"Edit game info";"Editar información del juego"
"Top Games";"Los mejores Juegos"
"Add Media +";"Añadir Media +"
"There are no screenshots at this moment";"No hay capturas de pantalla en este momento"
"There are no videos at this moment";"No hay videos en este momento"
"There are no concept art at this moment";"No hay arte conceptual en este momento"
"There are no wallpapers at this moment";"No hay fondos de pantalla en este momento"
"There are no news at this moment";"No hay noticias en este momento"
"Show Pop Games";"Mostrar Juegos Pop"
"Hide Pop Games";"Ocultar Juegos Pop"
"Recent Added Games";"Los juegos recientes añadido"
"Show Top Games";"Mostrar Top Games"
"Hide Top Games";"Ocultar Top Games"
"Add Affiliated Group";"Añadir grupo afiliado"
"Search groups";"Los grupos de búsqueda"
"Create Group";"Crear grupo"
"Group Name";"Nombre del grupo"
"Search game";"Búsqueda de juego"
"Type 1";"Tipo 1"
"Type 2";"Tipo 2"
"Group Description";"Descripción del Grupo"
"You have reached your groups limit. To create more groups, please buy additional groups.";"Usted ha llegado al límite de los grupos a crear más grupos, por favor, compre otros grupos.".;
"Invite Members";"Invitar a miembros"
"Search Player";"Buscar Jugador"
"Edit Affiliated Group";"Editar grupo afiliado"
"Edit Group Info";"Editar información del Grupo"
"Group Leader";"Grupo Líder"
"Group Info";"Grupo de Información"
"Leader";"Líder"
"Created";"Creado"
"All Groups";"Todos los grupos"
"Create New Group +";"Crear nuevo grupo +"
"Recent";"Reciente"
"Edit group info";"Editar información sobre el grupo"
"Affiliated groups";"Los grupos de afiliados"
"Add Affiliate";"Añadir Afiliado"
"Invite Members +";"Invitar a los Miembros +"
"Applications";"Aplicaciones"
"Recently Added Groups";"Recientemente se agregó Grupos"
"Request To Join [_1]";"Solicitud de asociación [_1]"
"I want to join because";"Quiero unirme porque"
"Symbols left";"Los símbolos a la izquierda"
"Send";"Enviar"
"Are you sure you want to delete the cart item?";"¿Está seguro que desea eliminar el elemento de carro?"
"Paste your video link here...";"Pegar el enlace del video aquí ..."
"Post image";"Mensaje de la imagen"
"Welcome to PlayNation!";"Bienvenido a PlayNation!"
"PlayNation is a social network and news site targeted directly at gaming and gamers around the globe.";"PlayNation es una red social y sitio de noticias destinadas directamente a los juegos de azar y los jugadores de todo el mundo."
"PlayNation aims to bring you all the relevant news from the global gaming scene. We do not just offer the latest top news. Our goal is to deliver the latest news about the gaming industry, games, gaming equipment, gaming events, gaming groups, players and everything else out there to satisfy your gaming needs.";"PlayNation objetivo es ofrecer todas las noticias relevantes de la escena global del juego. No sólo ofrece las últimas noticias de la parte superior. Nuestro objetivo es ofrecer las últimas noticias sobre la industria del juego, juegos, equipos de juego, los eventos de juegos, grupos de juego, los jugadores y todo lo demás por ahí para satisfacer sus necesidades de juego ".;
"PlayNation offers a social network, e-sport, news, events and much more for gamers around the globe. We aim to combine all the features needed for the gamer in one complete package.";"PlayNation ofrece una red social, e el deporte, noticias, eventos y mucho más para los jugadores de todo el mundo Nuestro objetivo es combinar todas las características necesarias para el jugador en un paquete completo.".;
"Information and news from everything gaming related to every gamer in the world, without spending hours searching the internet.";"La información y noticias de juegos de todo lo relacionado con todos los jugadores en el mundo, sin pasar horas buscando en Internet."
"Join the PlayNation Network with a personal profile and socialize in an environment that is directly tailored for gaming needs.";"Únete a la Red de PlayNation con un perfil personal y socializar en un ambiente que está directamente adaptadas a las necesidades de juego."
"Setup a complete group page for your guild, house, fraction or clan, with all the basic features right at your fingertips!";"Configuración de una página del grupo completo de tu clan, casa, fracción o del clan, con todas las características básicas a su alcance"
"Use our growing database of games to keep up with upgrades and add-ons, get the latest downloads and join the fanbase.";"Utilice nuestra base de datos cada vez mayor de juegos para mantenerse al día con las actualizaciones y add-ons, obtener las últimas descargas y unirse al grupo de fans."
"The forum is open to all registered users. Join the debate, share your experience and get help to solve that pesky mission!";"El foro está abierto a todos los usuarios registrados Participa en el debate, compartir su experiencia y obtener ayuda para resolver esa misión molestos."
"PlayNation’s e-sport section allows players to face-off against other players in any skill based game they can imagine.";"PlayNation de e-sport sección permite a los jugadores se enfrentarán a otros jugadores en cualquier juego basado en la habilidad que puedan imaginar."
"Use our growing database of developers, publishers and distributors to follow the latest news, coming titles and future plans.";"Utilice nuestra base de datos cada vez mayor de desarrolladores, editores y distribuidores a seguir las últimas noticias, próximos títulos y planes futuros."
"All";"Todo"
"Company";"Compañía"
"Frontpage item look";"Inicio mirada elemento"
"List item look";"Lista de mirada elemento"
"Inside look";"Dentro de mirar"
"Top 5 Companies";"Top 5 empresas"
"User Rating";"Valoración del usuario"
"Top 5 Games";"Top 5 de juegos"
"Search Games...";"Buscar en Juegos ..."
"Show all companies";"Mostrar todas las empresas"
"Show all games";"Mostrar todos los juegos"
"Show All Country News";"Mostrar Todas las noticias del país"
"Show all countries";"Mostrar todos los países"
"Dislike";"No me gusta"
"I want to share news with you:";"Quiero compartir con ustedes las noticias:"
"Comment...";"Comentario ..."
"Search news...";"Búsqueda de noticias ..."
"Local";"Local"
"Back to All Companies";"Volver a todas las empresas"
"Back to All Games";"Volver a Todos los Juegos"
"Top News";"Top News"
"Back to News";"Volver a las noticias"
"View Comments";"Ver Comentarios"
"Edit in";"Editar en"
"Show Platform List";"Mostrar la lista de la plataforma"
"Popularity";"Popularidad"
"Hide Platform List";"Ocultar la lista de la plataforma"
"Popular Top 5";"Popular Top 5"
"Searched for";"Resultado de la búsqueda"
"Show ";"Show"
"Hide ";"Hide"
"Contact";"Contacto"
"Password Recovery";"Password Recovery"
"Enter your e-mail address for password recovery";"Introduzca su dirección de correo electrónico para recuperar la contraseña"
"Recover";"Recuperar"
"New Message";"Nuevo Mensaje"
"To";"A"
"Message >";"Mensaje>"
"E-mail";"Correo electrónico"
"Password";"Password"
"Forgot password?";"¿Has olvidado tu contraseña?"
"Log In";"Iniciar Sesión"
"Nickname";"Alias"
"Confirm Password";"Confirm Password"
"I accept the Terms of Service";"Acepto los Términos de Servicio"
"Register";"Registro"
"Share news by message";"Compartir las noticias a través de mensajes"
"Post text";"Mensaje de texto"
"Cancel";"Cancelar"
"Send message";"Enviar mensaje"
"Player suggestions are based on";"Reproductor de sugerencias se basan en"
"My Friends";"Mis Amigos"
"My Location";"Mi ubicación"
"Paste your link here...";"Pegar el enlace de aquí ..."
"Share link";"Compartir enlace"
"players";"Jugadores"
"Share video";"Compartir video"
"Share your thoughts >";"Comparte tu opinión>"
"Edit Description";"Editar descripción"
"Write Description";"Escribir Descripción"
"Game Description >";"Descripción del juego>"
"Friend";"Amigo"
"Accept";"Aceptar"
"Reject";"Rechazar"
"Delete Friend";"Eliminar Amigo"
"Delete Selected";"Borrar selección"
"Delete All";"Eliminar todo"
"Inbox";"Bandeja de entrada"
"Sent";"Enviado"
"New!";"Nueva"
"Read";"Leer"
"Forward";"Adelante"
"Sent Messages";"Mensajes enviados"
"Message To";"Mensaje a"
"My events";"Mis eventos"
"You have no events at this moment";"No tiene eventos en este momento"
"You have no friends at this moment";"Usted no tiene amigos en este momento"
"My games";"Mis juegos"
"You have no games at this moment";"No tiene juegos en este momento"
"My groups";"Mis grupos"
"You have no groups at this moment";"No tiene grupos en este momento"
"My notifications";"Mis notificaciones"
"Player(s) [_1] commented on your wall [_2]post[_3].";"Jugador (s) [_1] comentó en la pared [_2] después de [_3]."
"Player [_1] posted on your wall [_2]post[_3].";"Reproductor de [_1] publicado en la pared [_2] después de [_3]."
"Player(s) [_1] commented the [_2]post[_3] by [_4] on your wall.";"Jugador (s) [_1], comentó el [_2] después de [_3] por [_4] en la pared."
"Player(s) [_1] commented your [_2]post[_3] on [_4] wall.";"Jugador (s) [_1] comentó el [_2] después de [_3] en [_4] de la pared."
"Player(s) [_1] also commented the [_2]post[_3] by [_4].";"Jugador (s) [_1] también comentó el [_2] después de [_3] por [_4]."
"Player";"Jugador"
"Group";"Grupo"
"[_1][_2][_3], whom you subscribe to, has posted a new public [_4]post[_5].";"[_1] [_2] [_3], A quien usted se suscribe a, ha publicado un nuevo público [_4] después de [_5]."
"Player(s) [_1] liked your [_2]post[_3].";"Jugador (s) [_1] ha gustado tu [_2] después de [_3]."
"Player(s) [_1] disliked your [_2]post[_3].";"Jugador (s) [_1] no le gustaba su [_2] después de [_3]."
"Player [_1] is now subscribed to you.";"Reproductor de [_1] está suscrito a usted."
"Player [_1] has sent you a friend request.";"Reproductor de [_1] te ha enviado una solicitud de amistad."
"Player [_1] has accepted your friend request.";"Reproductor de [_1] ha aceptado tu solicitud de amistad."
"Player(s) [_1] has posted in a topic: [_2] in forum: [_3] - [_4].";"Jugador (s) [_1] ha publicado en un tema: [_2] en el foro:. [_3] - [_4]"
"Player [_1] has posted a new topic: [_2] in forum [_3] - [_4].";"Reproductor de [_1] ha publicado un nuevo tema:. [_2] En el foro [_3] - [_4]"
"News from company [_1].";"Noticias de la compañía de [_1]."
"News from game [_1].";"Noticias del juego de [_1]."
"News from group [_1].";"Noticias de un grupo de [_1]."
"Player(s) [_1] commented on a [_2]news item[_3], you subscribe to.";"Jugador (s) [_1] ha comentado una [_2] noticia [_3], usted se suscribe a."
"Player [_1] has invited you to join the group [_2].";"Reproductor de [_1] ha invitado a formar parte del grupo [_2]."
"Player [_1] has applied to join the group [_2].";"Reproductor de [_1] ha solicitado su ingreso en el grupo [_2]."
"Notification_";"Notification_"
"There are no notifications at this moment";"No hay notificaciones en este momento"
"[_1] has no events at this moment";"[_1] No tiene eventos en este momento"
"[_1] has no games at this moment";"[_1] No tiene juegos en este momento"
"[_1] has no groups at this moment";"[_1] No tiene ningún grupo en este momento"
"You should recieve an activation email within a few minutes. Please check your spam folder if you cannot find the activation email in your inbox.";"Usted debe recibir un correo electrónico de activación dentro de unos minutos por favor revise su carpeta de correo no deseado si no puede encontrar el email de activación en su bandeja de entrada.".;
"Your new password";"Su nueva contraseña"
"Subscriptions";"Suscripciones"
"Number Of Subscriptions";"Número de suscripciones"
"All Subscriptions";"Todas las suscripciones"
"Forums as Member";"Foros como miembro"
"Forums";"Foros"
"Forum Boards";"Los consejos del foro"
"Forum Topics";"Los temas del foro"
"Recent Subscriptions";"Suscripciones recientes"
"Event";"Evento"
"Forum Board";"Foro de la Junta"
"Forum Topic";"Tema del foro"
"You have no subscriptions at this moment";"Usted no tiene suscripciones en este momento"
"Account Settings";"Configuración de la cuenta"
"Registered";"Registrado"
"User information";"Información del usuario"
"First name";"Nombre"
"Last name";"Apellido"
"Display name";"Mostrar nombre"
"Repeat password";"Repetir contraseña"
"Usage information";"Uso de la información"
"Images";"Imágenes"
"Links";"Enlaces"
"Nick";"Nick"
"Add friend";"Añadir amigo"
"Username";"Nombre de usuario"
"Get Contacts";"Obtener contactos"
"Invite Selected";"Invitar seleccionados"
"shared news:";"Compartida de prensa:"
"New message";"Nuevo mensaje"
"Page";"Página"
"[_1] of [_2]";"[_1] De [_2]"
"There are no messages at this moment";"No hay ningún mensaje en este momento"
"My";"Mi"
"Players you might know";"Los jugadores puede saber"
"Back to inbox";"Volver a la bandeja de entrada"
"Reply...";"Respuesta ..."
"Attach video";"Adjuntar vídeo"
"Home";"Home"
"Link";"Link"
"Video";"Video"
"Post images here...";"Post fotos aquí ..."
"Post link";"Link"
"Write on Wall...";"Escribir en el muro ..."
"Write on Friend Wall...";"Escribir en el muro amigo ..."
"items";"Elementos"
"Credits";"Créditos"
"Payment Options";"Opciones de pago"
"PayPal";"PayPal"
"Billing Details";"Datos de facturación"
"Street Address";"Dirección"
"Postal Code";"Código Postal"
"City/Town";"Ciudad / Pueblo"
"You do not have enough PlayNation Dollars on your account. Please buy PlayNation Dollars now.";"Usted no tiene suficientes dólares PlayNation en su cuenta por favor comprar dólares PlayNation ahora.".;
"You have already activated this feature. It will renew on [_1]. If you wish to extend it now, [_2] will get deducted from your account.";"Usted ya ha activado esta función se renovará en [_1] Si desea que se extienden ahora, [_2] conseguirá deducido de su cuenta..."
"This will grant you access to [_1] Free Game per Month. [_2] will get deducted from your account.";"Esto le permitirá el acceso a [_1] Juego gratis por mes [_2] conseguirá deducido de su cuenta.".;
"This will allow you to create additional [_1] group(s). [_2] will get deducted from your account.";"Esto le permitirá crear más [_1] grupo (s) [_2] conseguirá deducido de su cuenta.".;
"This will increase your image limit to [_1]. [_2] PND will be deducted from your account.";"Esto va a aumentar el límite de la imagen a [_1] [_2] PND será deducido de su cuenta.".;
"This will remove all ads and banners on the site. [_1] PND will be deducted from your account.";"Esto eliminará todos los anuncios e imágenes en el sitio de [_1] PND será deducido de su cuenta.".;
"Confirm";"Confirmar"
"Close";"Cerrar"
"This will upgrade your Basic membership to a [_1] membership. [_2] will be deducted from your account.";"Esto va a mejorar su calidad de miembro de base a un [_1] miembros [_2] será deducido de su cuenta.".;
"This will extend your membership. [_1] will be deducted from your account.";"Esto va a ampliar su membresía [_1] se deducirá de su cuenta.".;
"This will change your [_1] ([_2] months) membership to a [_3] ([_4] months) membership. The change will happen when your membership renews on [_5].";"Esto va a cambiar sus [_1] [_2] (mes) la afiliación a un [] ([_3 _4 meses) en los miembros El cambio va a suceder cuando se renueva su membresía en [_5].".;
"Memberships are non-refundable. You have [_1] month(s) and [_2] day(s) left of your membership and cannot upgrade to a [_3] ([_4] months) membership. You must choose another upgrade.";"Participación no son reembolsables. Usted tiene [_1] mes (s) y [_2] día (s) a la izquierda de su membresía y no se puede actualizar a un [_3] ([_4 meses) en los miembros. Usted debe elegir otra actualización. "
"This will upgrade your [_1] ([_2] months) membership to a [_3] ([_4] months) membership. You have [_5] days left of your [_6] membership and this will reduce the price of your upgrade with [_7]. [_8] will be deducted from your account.";"Esto va a actualizar sus [_1] [_2] (mes) la afiliación a un [] ([_3 _4 meses) en los miembros. Tiene [_5] días que quedan de [_6] miembros, lo que reducirá el precio de la actualización con [_7] [_8] será deducido de su cuenta "..;
"You already have a downgrade to a [_1] ([_2] months) membership pending. It will happen automatically when your membership renews on [_3].";"Usted ya tiene una rebaja de unos [_1] [_2] (mes) de membresía pendientes que va a suceder automáticamente cuando renueva su membresía en [_3].".;
"You already have a downgrade to a [_1] ([_2] months) membership pending. If you continue, you will replace that downgrade with a downgrade to a [_3] ([_4] months) membership. It will happen automatically when your membership renews on [_5].";"Usted ya tiene una rebaja de unos [_1] [_2] (mes) de membresía pendientes. Si continúa, se reemplazará la pendiente con una rebaja de unos [_3] ([_4 meses) en los miembros. Esto sucederá de forma automática cuando renueva su membresía en [_5] ".;
"This will downgrade your [_1] ([_2] months) membership to a [_3] ([_4] months) membership. Memberships are non-refundable and your downgrade will happen when your membership renews on [_5].";"Esta rebaja se los [_1] [_2] (mes) la afiliación a un [_3] ([_4] meses) Participación en los miembros no son reembolsables y su rebaja va a pasar cuando renueva su membresía en [_5].".;
"Canceled!";"Cancelado"
"Your payment has been canceled!";"Su pago ha sido cancelada!"
"Quantity";"Cantidad"
"Complete Order Now";"Complete Order Now"
"This will complete your order and your payments will be deducted from your account.";"Esto va a completar su pedido y sus pagos serán deducidos de su cuenta."
"You do not have enough credits.";"Usted no tiene suficientes créditos."
"Shopping cart is empty";"Cesta de la compra está vacía"
"History";"Historia"
"Search for Products...";"Búsqueda de Productos ..."
"All Products";"Todos los productos"
"Special Offers";"Ofertas Especiales"
"Converter";"Convertidor"
"Amount of PD to convert";"La cantidad de PD para convertir"
"Convert";"Convertir"
"Order History";"Orden de la Historia"
"Total Price";"Precio Total"
"Status";"Estado"
"Order Nr.";"Orden n º."
"Completed";"Completo"
"Shipped";"Enviado"
"Payed";"Pagamos"
"Ordered";"Pedido"
"You have not made any transactions.";"Usted no ha hecho ninguna transacción."
"Cash Out";"Cash Out"
"IBAN";"IBAN"
"SWIFT";"SWIFT"
"Amount";"Cantidad"
"Cash Out Now";"Cash Out Now"
"This will complete your Cash Out and the amount will be transferred to your bank account.";"Esto completará tu retiro y el monto será transferido a su cuenta bancaria."
"Notice! It is only possible to cash out PlayNation Dollars. The minimum Cash Out Amount is [_1] PlayNation Dollars. The Cash Out Fee is [_2] PlayNation Dollars and will be deducted from your Account. Read our [_3] to learn more about PlayNation’s Cash Out Policy.";"Aviso! Sólo es posible un retiro de dólares PlayNation. La cantidad de efectivo mínimo de salida es [_1] Dólares PlayNation. El dinero en efectivo El costo es de [_2] Dólares PlayNation y será deducido de su cuenta. Lea nuestro [_3] para aprender Más información acerca de Cash Out PlayNation Política ".;
"Terms of Service";"Términos de Servicio"
"There are no products at this moment";"No hay productos en este momento"
"Basic";"Básico"
"Silver";"Plata"
"Gold";"Oro"
"Platinum";"Platinum"
"Months";"Meses"
"Save [_1]%";"Guardar [_1]%"
"Free";"Libre"
"Individual Features";"Las características individuales"
"[_1]";"[_1]"
"[_1]/[_2] months";"[_1] / [_2] Meses"
"You have reached your photo limit. To upload more photos, please buy additional photos.";"Ha llegado a su límite de fotos Para cargar más fotos, por favor, comprar fotos adicionales.".;
"Order Nr. ";" "Orden n º.";"
"Downloads left [_1] of [_2]";"Descargas a la izquierda [_1] de [_2]"
"Order Details";"Detalles de orden"
"Date of Order";"Fecha de la orden"
"Date of Order Complete";"Fecha de la orden completa"
"Date of Shipment";"Fecha de envío"
"Date of Payment";"Fecha de Pago"
"Success!";"El éxito"
"[_1] has been deducted from your account and your order has been completed. You will receive an e-mail with your receipt.";"[_1] Ha sido deducido de su cuenta y su pedido se ha completado usted recibirá un e-mail con su recibo.".;
"You are now a [_1] member. Your membership will automatically renew every [_2] months unless you cancel or don`t have enough PD on your account. The first renewal date is [_3].";"Ahora eres un miembro de [_1] Su suscripción se renovará automáticamente cada [_2] meses, a menos que usted cancele o don` t tiene suficiente en su cuenta de EP La fecha de la primera renovación es [_3]... "
"You can always check the status of your membership, upgrade, downgrade and cancel in your user settings.";"Siempre se puede comprobar el estado de su membresía, mejorar, reducir y cancelar en la configuración del usuario."
"Thank you for your order. We hope you enjoy your new membership.";"Gracias por su pedido Esperamos que disfrute de su nueva composición.".;
"You will receive an e-mail with your receipt. You have succesfully extended your [_1] membership. The next renewal date is [_2].";"Usted recibirá un e-mail con el recibo Usted ha extendido su éxito [_1] La membresía de la siguiente fecha de renovación es [_2]..."
"Thank you for your order.";"Gracias por su pedido."
"You have scheduled a change to a [_1] ([_2] months) membership. It will happen when your membership renews on [_3]. [_4] will be deducted from your account when your order completes and you will receive an e-mail with your receipt.";"Se ha programado un cambio a un [_1] [_2] (mes) de membresía. Se va a pasar cuando se renueva su membresía en [_3]. [_4] Será deducido de su cuenta cuando su orden completa y usted recibirá un correo electrónico con su recibo ".;
"You have scheduled a downgrade to a [_1] membership. It will happen when your membership renews on [_2]. [_3] will be deducted from your account when your order completes and you will receive an e-mail with your receipt.";"Se ha programado un downgrade a un [_1] miembros. Se va a pasar cuando se renueva su membresía en [_2]. [_3] Será deducido de su cuenta cuando su orden completa y usted recibirá un e-mail con el recibo. "
"You have now increased your photo limit with [_1]. Your new limit is [_2].";"Ahora ha aumentado su límite de fotos con [_1] El nuevo límite es [_2].".;
"You have now increased your group limit with [_1]. Your new limit is [_2].";"Ahora ha aumentado su límite con el grupo de [_1] El nuevo límite es [_2].".;
"You have now activated No Ads or Banners. The feature will automatically renew every [_1] months unless you cancel or don`t have enough PD on your account. The first renewal date is [_2].";"Ahora se ha activado No hay anuncios o banners La función se renovará automáticamente cada [_1] meses, a menos que usted cancele o don` t tiene suficiente en su cuenta de EP La fecha de la primera renovación es [_2]... "
"Best Regards,";"Atentamente,"
"Customer Services";"Servicio al Cliente"
"PlayNation.eu";"PlayNation.eu"
"Go to my profile page";"Ir a mi página de perfil"
"Sign out";"Cerrar sesión"
"Log in";"Log in"
"Loading...";"Cargando ..."
"Read more »";"Leer más» "
"Comments";"Comentarios"
"Upcoming Event";"Evento actual"
"Share news on group wall";"Compartir noticias sobre el grupo de la pared"
"Post on group wall";"Nota sobre el grupo de la pared"
"Share news on your wall";"Compartir las noticias en tu muro"
"Post on wall";"Publicar en la pared"
"Show comments";"Mostrar comentarios"
"Share";"Compartir"
