"Companies";"Εταιρείες"
"Recent Companies";"Οι πρόσφατες επιχειρήσεις"
"Popular Companies";"Λαϊκή Εταιρείες"
"News";"Νέα"
"Search results";"Αποτελέσματα αναζήτησης"
"Games";"Παιχνίδια"
"Media";"Μέσα"
"Videos";"Βίντεο"
"Screenshots";"Στιγμιότυπα"
"Concept Art";"Τέχνη Έννοια"
"Wallpapers";"Wallpapers"
"Add News";"Προσθήκη Νέων"
"Edit News";"Επεξεργασία Νέα"
"Events";"Γεγονότα"
"All events";"Όλες οι εκδηλώσεις"
"events";"Γεγονότα"
"Edit event - ";"Επεξεργασία συμβάντος -"
"Edit event";"Επεξεργασία συμβάντος"
"Create new event";"Δημιουργία νέου συμβάντος"
"Please choose the type of event";"Παρακαλώ επιλέξτε το είδος της εκδήλωσης"
"Event cannot start in the past"; «Γεγονός που δεν μπορεί να ξεκινήσει κατά το παρελθόν"
"Event title cannot be shorter than 3 symbols";"Εκδήλωση τίτλος δεν μπορεί να είναι μικρότερη από 3 σύμβολα"
"End date cannot be before start date";"Η ημερομηνία λήξης δεν μπορεί να είναι πριν την ημερομηνία έναρξης"
"Participants";"Συμμετέχοντες"
"Invited";"Προσκεκλημένος"
"Forum";"Φόρουμ"
"Create Thread";"Δημιουργία Θέματος"
"Recent Games";"Πρόσφατα παιχνίδια"
"Popular Games"; «Δημοφιλή παιχνίδια"
"Downloads";"Λήψεις"
"Players";"Παίκτες"
"Groups";"Ομάδες"
"Recent Groups";"Πρόσφατες Ομάδες"
"Group News";"Νέα ομάδα"
"Members";"Μέλη"
"Member Applications";"Εφαρμογές μέλη"
"Member Invitations";"Προσκλήσεις μέλη"
"Playnation";"Playnation"
"Post";"Δημοσίευση"
"Recent News";"Πρόσφατα Νέα"
"Popular News";"Δημοφιλέστερα"
"Platform News";"Νέα Πλατφόρμα"
"Companies Search Results";"Αποτελέσματα αναζήτησης Επιχειρήσεις"
"Company News"; «Νέα Εταιρεία»?
"Games Search Results";"Αποτελέσματα αναζήτησης Παιχνίδια"
"Game News";"Νέα παιχνίδι"
"Countries";"Οι χώρες"
"Create News"; «Δημιουργία Νέων"
"All Players";"Όλοι οι παίκτες"
"Edit profile";"Επεξεργασία προφίλ"
"Profile Page";"Προφίλ"
"Login Required!";"Πρέπει πρώτα να συνδεθείτε!"
"Registration successful";"Εγγραφή επιτυχία"
"Activation successful";"Ενεργοποίηση επιτυχία"
"Password Reseted";"Κωδικός Reseted"
"Error: E-mail not found";"Σφάλμα: E-mail δεν βρέθηκε"
"Error: incorect E-mail or Password!";"Σφάλμα! Incorect E-mail ή τον κωδικό πρόσβασης"
"My friends";"Οι φίλοι μου"
"Friends";"Φίλοι"
"My Subscriptions";"Συνδρομές μου"
"My Groups";"Οι ομάδες μου"
"My Games";"Παιχνίδια μου"
"Notification_ReplyMyWall";"Notification_ReplyMyWall"
"Notification_PostOnMyWall";"Notification_PostOnMyWall"
"Notification_ReplyPostMyWall";
"Notification_ReplyPostOtherWall";"Notification_ReplyPostOtherWall"
"Notification_ReplyMyReply";"Notification_ReplyMyReply"
"Notification_PublicBySubscribe";"Notification_PublicBySubscribe"
"Notification_Like";"Notification_Like"
"Notification_Dislike";"Notification_Dislike"
"Notification_SubscribePlayer";"Notification_SubscribePlayer"
"Notification_FriendRequest";"Notification_FriendRequest"
"Notification_FriendReply";"Notification_FriendReply"
"Notification_NewForumPost";"Notification_NewForumPost"
"Notification_NewForumTopic";"Notification_NewForumTopic"
"Notification_CompanyNews";" "Notification_CompanyNews" "
"Notification_GameNews";"Notification_GameNews"
"Notification_GroupNews";"Notification_GroupNews"
"Notification_NewsReply";"Notification_NewsReply"
"Notifications";"Ειδοποιήσεις"
"Messages";"Μηνύματα"
"My Events";"Εκδηλώσεις μου"
"Invite Friends";"Προσκαλέστε τους φίλους"
"Registration";"Εγγραφή"
"Shop";"Κατάστημα"
"Buy Credits"; «Αγορά Credits"
"Orders History";"Ιστορία Παραγγελίες"
"Order View";"Προβολή Παραγγελία"
"Memberships";"Μέλος"
"Shopping Cart";"Καλάθι"
"Cancel Payment";"Ακύρωση Πληρωμής"
"Successful Payment";"Η επιτυχής πληρωμής"
"Order Complete"; «Εντολή Συμπληρώστε"
"Unpublished News";"Ανέκδοτα Ειδήσεις"
"«";"«" "« "" ""
"»";"»" "» "" »"
"Are you sure want to delete the friend?";"Είστε σίγουρος ότι θέλετε να διαγράψετε το φίλο;"
"Are you sure want to delete the post?";"Είστε σίγουρος ότι θέλετε να διαγράψετε το μήνυμα;"
"Are you sure want to delete the reply?";"Είστε σίγουρος ότι θέλετε να διαγράψετε την απάντηση;"
"Are you sure want to delete the board?";"Είστε σίγουρος ότι θέλετε να διαγράψετε το διοικητικό συμβούλιο;"
"Yes";"Ναι"
"No";"Όχι"
"New";"Νέο"
"Are you sure want to delete the message?";"Είστε σίγουρος ότι θέλετε να διαγράψετε το μήνυμα;"
"Are you sure want to delete all messages?";"Είστε σίγουρος ότι θέλετε να διαγράψετε όλα τα μηνύματα;"
"Are you sure want to delete the member from the group?";"Είστε σίγουρος ότι θέλετε να διαγράψετε το μέλος από την ομάδα;"
"Are you sure want to delete the tab?";"Είστε σίγουρος ότι θέλετε να διαγράψετε την καρτέλα;"
"Are you sure want to delete the media?";"Είστε σίγουρος ότι θέλετε να διαγράψετε τα μέσα μαζικής ενημέρωσης;"
"Are you sure want to delete the affiliate?";"Είστε σίγουρος ότι θέλετε να διαγράψετε τη θυγατρική;"
"Are you sure want to delete the group?";"Είστε σίγουρος ότι θέλετε να διαγράψετε την ομάδα;"
"Are you sure want to leave the group?";"Είστε σίγουρος ότι θέλετε να αποχωρήσετε από την ομάδα;"
"Are you sure want to delete the news item?";"Είστε σίγουρος ότι θέλετε να διαγράψετε την είδηση;"
"Edit";"Επεξεργασία"
"Loading Paypal, please wait.";"Φόρτωση Paypal, παρακαλώ περιμένετε."
"Number of events";"Αριθμός των γεγονότων"
"Show more posts";"Εμφάνιση περισσότερων μηνυμάτων"
"Show more friends";"Εμφάνιση περισσότερους φίλους"
"Show more subscribtions"; »Εμφάνιση περισσότερων subscribtions"
"Show more notifications";"Εμφάνιση περισσότερες κοινοποιήσεις"
"Show more messages";"Εμφάνιση περισσότερων μηνυμάτων"
"change picture";"Εικόνα αλλαγή"
"add picture";"Προσθήκη εικόνας"
"Show more companies"; »Εμφάνιση περισσότερων εταιρειών"
"Are you sure want to delete download?";"Είστε σίγουρος ότι θέλετε να διαγράψετε λήψη;"
"Show more games";"Δείτε περισσότερα παιχνίδια"
"Paste your video link >";"Επικόλληση σύνδεσης βίντεο σας>"
"Upload image";"Ανεβάστε εικόνα"
"Symbols left:";"Σύμβολα αριστερά:"
"January";"Ιανουάριος"
"February";"Φεβρουάριος"
"March";"Μαρτίου"
"May";"Μαΐου"
"April";"Απρίλιος"
"June";"Ιούνιος"
"July";"Ιούλιος"
"August";"Αύγουστος"
"September";"Σεπτεμβρίου"
"October";"Οκτωβρίου"
"November";"Νοέμβριος"
"December";"Δεκέμβριος"
"Mon";"Δευ"
"Tue";"Τρι"
"Wed";"Τετ"
"Thu"; «Πέμ"
"Fri";"Παρ"
"Sat";"Παρ"
"Sun";"Sun"
"Search here";"Αναζήτηση εδώ"
"Languages";"Γλώσσες"
"Get friends";"Πάρτε τους φίλους"
"Invite friends by typing their e-mail addresses";"Προσκαλέστε τους φίλους πληκτρολογώντας τις διευθύνσεις ηλεκτρονικού ταχυδρομείου τους"
"Send invitations";"Αποστολή προσκλήσεων"
"Please fill in your personal information";"Παρακαλώ συμπληρώστε τα προσωπικά σας στοιχεία"
"First Name";"Όνομα"
"Last Name";"Επώνυμο"
"Display Name";"Εμφανιζόμενο όνομα"
"Your display name is the name you choose to display on your profile. It can be your first name, full name, nickname or any combination. It can also be something completely different. If you do not choose a display name, your nickname will be displayed by default."; «Το όνομά σου είναι το όνομα που θα επιλέξετε να εμφανίσετε στο προφίλ σας. Μπορεί να είναι το όνομα σας, το ονοματεπώνυμο, ψευδώνυμο ή οποιοδήποτε συνδυασμό. Μπορεί επίσης να είναι κάτι εντελώς διαφορετικό. Εάν δεν θέλετε να επιλέξετε ένα εμφανιζόμενο όνομα, το ψευδώνυμό σας θα να εμφανίζονται από προεπιλογή ".?
"City";"Πόλη"
"Country";"Χώρα"
"Timezone";"Χρονική ζώνη"
"Date of birth";"Ημερομηνία γέννησης"
"Site Language";"Γλώσσα Site"
"Your site language is the language in which you want to view the site. The default is English. If any content has not been translated into your site language, the English version will be displayed."; «Τη γλώσσα της ιστοσελίδας σας είναι η γλώσσα στην οποία θέλετε να προβάλετε την τοποθεσία Η προεπιλογή είναι η αγγλική Αν κάποιο περιεχόμενο δεν έχει μεταφραστεί σε γλώσσα της ιστοσελίδας σας, η αγγλική έκδοση θα εμφανιστεί..."
"Additional Content Languages";"Πρόσθετες γλώσσες Περιεχόμενο"
"You have the option to select a number of additional content languages. If our content has not been translated into your site language, it may be available in other languages that you prefer. You will get the option to choose between the available languages that you have selected.";"Έχετε την επιλογή να επιλέξετε έναν αριθμό πρόσθετων γλωσσών στο περιεχόμενο. Εάν το περιεχόμενο μας δεν έχει μεταφραστεί σε γλώσσα της ιστοσελίδας σας, μπορεί να είναι διαθέσιμες σε άλλες γλώσσες που προτιμάτε. Θα έχετε τη δυνατότητα να επιλέξουν μεταξύ των διαθέσιμων γλωσσών που έχει επιλεγεί ".?
"Personal Avatar";"Προσωπικά Avatar"
"Use PNG, GIF or JPG format";"Χρήση PNG, GIF ή JPG"
"Max. window size: 200x300px";"Μέγιστο μέγεθος παραθύρου: 200x300px."
"Upload Image";"Ανεβάστε Εικόνα"
"Next";
"Find your friends on PlayNation";"Βρείτε τους φίλους σας για PlayNation"
"Search for players...";"Αναζήτηση για παίκτες ..."
"Search";"Αναζήτηση"
"No players found";"Δεν βρέθηκαν παίκτες"
"Add Friends";"Προσθήκη Friends"
"Invite your friends to playnation";"Προσκαλέστε τους φίλους σας να playnation"
"Add more fields";"Προσθέστε περισσότερα πεδία"
"Import contacts from your e-mail account";"Εισαγωγή επαφών από το λογαριασμό e-mail σας"
"For each friend that registers on PlayNation, we will reward you with 100 PlayCoins";"Για κάθε φίλο που καταγράφει PlayNation, θα σας ανταμείψει με 100 PlayCoins"
"PlayCoins is one of PlayNation’s virtual currencies and can be used to buy certain products and services on the site.";"PlayCoins είναι ένα από τα εικονικά νομίσματα PlayNation και μπορεί να χρησιμοποιηθεί για να αγοράσει ορισμένα προϊόντα και υπηρεσίες στην περιοχή."
"Previous";"Προηγούμενη"
"Add your favorite games"; «Προσθέστε τα αγαπημένα σας παιχνίδια"
"Search for games...";"Αναζήτηση για παιχνίδια ..."
"No games found";"Δεν βρέθηκαν παιχνίδια"
"Add Games";"Προσθήκη Παιχνίδια"
"Apply for groups";"Εφαρμογή για τις ομάδες"
"Search for groups...";"Αναζήτηση για ομάδες ..."
"No groups found";"Δεν βρέθηκαν ομάδες"
"Welcome to PlayNation";"Καλώς ήλθατε στο PlayNation"
"Finish";"Τέλος"
"Total";"Σύνολο"
"Continue Order";"Συνέχεια Παραγγελία"
"There is no description for this event at the moment.";"Δεν υπάρχει περιγραφή για αυτό το γεγονός τη στιγμή."
"Read more";"Διαβάστε περισσότερα"
"Hide description";"Απόκρυψη περιγραφή"
"Participant";"Συμμετέχων"
"Remove event";"Αφαίρεση εκδήλωση"
"Description";"Περιγραφή"
"There is no description for this game at the moment.";"Δεν υπάρχει περιγραφή για αυτό το παιχνίδι αυτή τη στιγμή."
"Media Items";"Στοιχεία πολυμέσων"
"Media item";"Στοιχείο μέσα"
"Stop playing";"Σταματήστε να παίζετε"
"Add to my games";"Προσθήκη στα παιχνίδια μου"
"Remove";"Αφαίρεση"
"Game Type";"Τύπος Παιχνιδιού"
"Release Date";"Απελευθερώστε Ημερομηνία"
"Platforms";"Πλατφόρμες"
"ESRB Rating";"Αξιολόγηση ΕΣΣΚ"
"I play this"; «Παίζω αυτό"
"There is no description for this group at the moment.";"Δεν υπάρχει περιγραφή για την ομάδα αυτή τη στιγμή."
"Member";"Μέλος"
"Leave Group";"Αφήστε Ομάδα"
"Remove application";"Αφαίρεση εφαρμογή"
"Edit affilliated group";"Επεξεργασία affilliated ομάδα"
"Remove affilliated group";"Αφαίρεση affilliated ομάδα"
"Request To Join Group"; «Ζητήστε να συμμετέχουν στην ομάδα"
"[_1] friend(s)";"[_1] Φίλο (ες)"
"[_1] game(s)";"[_1] Παιχνιδιού (ες)"
"[_1] group(s)";"[_1] Ομάδα (ες)"
"and"; »Και«?
"Remove player";"Κατάργηση παίκτη"
"Add player to group";"Προσθήκη παίκτη στην ομάδα"
"Remove player from group";"Κατάργηση παίκτη από την ομάδα"
"Remove player suggestion";"Αφαίρεση πρόταση παίκτης"
"Lives in [_1]";"Ζει σε [_1]"
"Reason";"Λόγος"
"Rank";"Κατάταξη"
"You have [_1] in common.";"Έχετε [_1] στο κοινό."
"Pending";"Εν αναμονή"
"Add Friend";"Προσθήκη φίλου"
"Send Message";"Αποστολή μηνύματος"
"Unsubscribe";"Διαγραφή"
"Subscribe";"Εγγραφή"
"Options";"Επιλογές"
"Product info";"Πληροφορίες προϊόντος"
"Price";"Τιμή"
"Type";"Τύπος"
"D/L";"D / L"
"Add to Cart";"Προσθήκη στο καλάθι"
"There are no wall posts at this moment";"Δεν υπάρχουν μηνύματα τοίχο αυτή τη στιγμή"
"You have no wall posts at this moment";"Δεν υπάρχουν δημοσιεύσεις τοίχο αυτή τη στιγμή"
"You have no photos at this moment";"Δεν υπάρχουν φωτογραφίες αυτή τη στιγμή"
"You have no videos at this moment";"Δεν υπάρχουν βίντεο σε αυτή τη στιγμή"
"You have no links at this moment";"Δεν υπάρχουν συνδέσεις σε αυτή τη στιγμή"
"[_1] has no wall posts at this moment";"[_1] Δεν έχει μεθοριακούς σταθμούς τοίχο αυτή τη στιγμή"
"[_1] has no photos at this moment";"[_1] Δεν έχει φωτογραφίες αυτή τη στιγμή"
"[_1] has no videos at this moment";"[_1] Δεν έχει βίντεο αυτή τη στιγμή"
"[_1] has no links at this moment";"[_1] Δεν διαθέτει συνδέσεις αυτή τη στιγμή"
"Post video";"Δημοσίευση βίντεο"
"Post as ";"Δημοσίευση ως"
"Add Download";"Προσθήκη Download"
"Select Tab";"Επιλέξτε την καρτέλα"
"File Name";"Όνομα αρχείου"
"File Size";"Μέγεθος αρχείου"
"File URL";"Διεύθυνση URL του αρχείου"
"Download Description";"Κατεβάστε Περιγραφή"
"Add";"Προσθήκη"
"Add New Tab";"Προσθήκη νέου Tab"
"Name";"Όνομα"
"Add News +";"Προσθήκη Νέων +"
"News Specifications";"Προδιαγραφές Νέα"
"Language";"Γλώσσα"
"Switch to Translated Language";"Αλλαγή σε Μεταφρασμένα Γλώσσα"
"News Content";"Περιεχόμενο Νέα"
"Headline";"Τίτλος"
"Main Image";"Κύρια εικόνα"
"Delete Image";"Διαγραφή εικόνας"
"Short Description";"Σύντομη Περιγραφή"
"News Text";"Κείμενο Νέα"
"Publish Language Article"; «Δημοσίευση άρθρου Γλώσσα"
"Publish Main Article";"Δημοσίευση Κύριο άρθρο"
"Save";"Αποθήκευση"
"News Type";"Τύπος Νέα"
"Search game...";"Αναζήτηση ... παιχνίδι"
"Search company...";"Η εταιρεία Αναζήτηση ..."
"Image";"Εικόνα"
"Intro text";"Εισαγωγή κειμένου"
"Body text";"Σώμα κειμένου"
"Published";"Δημοσιευμένο"
"Save and Close";"Αποθήκευση και κλείσιμο"
"Add Game"; «Προσθέστε το παιχνίδι"
"Genre";"Είδος"
"Platform";"Πλατφόρμα"
"URL";"URL"
"Game Description";"Περιγραφή παιχνιδιού"
"Add Media";"Προσθήκη Media"
"Youtube link/upload files";"Youtube σύνδεσμο / upload αρχείων"
"Edit Company Info";"Εταιρία Επεξεργασία"
"Company Type";"Είδος Επιχείρησης"
"Headquarters";"Έδρα"
"Founded";"Ιδρύθηκε"
"Ownership";"Ιδιοκτησία"
"Employees";"Εργαζόμενοι"
"Company Url";"Διεύθυνση Εταιρείας"
"Company Description";"Περιγραφή Εταιρείας"
"Edit Download";"Επεξεργασία Κατεβάστε"
"Edit Tab";"Επεξεργασία καρτέλας"
"Edit Media";"Επεξεργασία Media"
"Order companies:";"Οι εταιρείες Παραγγελία:"
"Alphabetically";"Αλφαβητικά"
"By Popularity";"Με Δημοτικότητα"
"By Rating";"Με Βαθμολογία"
"By Date Added";"Με την Ημερομηνία προσθήκης"
"upload picture";"Ανεβάσετε εικόνα"
"Company Info";"Εταιρία"
"Joined";"Απόφαση"
"Website";"Ιστοσελίδα"
"Like";"Like"
"Unlike";"Σε αντίθεση με"
"Rating";"Αξιολόγηση"
"Your rating";"Η βαθμολογία σας"
"Raters";"Βαθμολογητών"
"Search for companies...";"Αναζήτηση για εταιρείες ..."
"Your search matched"; «Η αναζήτησή σας ταιριάζει"
"companies";"Επιχειρήσεις"
"You searched for:";"Έχετε κάνει αναζήτηση για:"
"Show Description";"Εμφάνιση Περιγραφή"
"Hide Description";"Απόκρυψη Περιγραφή"
"Developers";"Προγραμματιστές"
"Publishers";"Εκδότες"
"Info";"Πληροφορίες"
"There is no description for this company at the moment.";"Δεν υπάρχει περιγραφή για την εταιρεία αυτή τη στιγμή."
"Game";"Παιχνίδι"
"Search Companies...";"Εταιρείες Αναζήτηση ..."
"There are no companies here. Yet!";"Δεν υπάρχουν εταιρείες που εδώ όμως.!"
"Total: [_1]";"Σύνολο: [_1]"
"Information";"Πληροφορίες"
"Forum Posts";"Μηνύματα Φόρουμ"
"Edit company info";"Πληροφορίες εταιρεία Επεξεργασία"
"Show more";"Δείξε περισσότερα"
"Hide";"Απόκρυψη"
"There are no games here. Yet!";"Δεν υπάρχουν παιχνίδια εδώ όμως.!"
"Top Companies";"Κορυφαίες Επιχειρήσεις"
"Developer Companies";"Οι εταιρείες Προγραμματιστής"
"There are no media here. Yet!";"Δεν υπάρχουν μέσα εδώ όμως.!"
"Articles: [_1]"; «Τα άρθρα: [_1]"
"Page: [_1] of [_2]";"Σελίδα: [_1] του [_2]"
"Search News...";"Νέα Αναζήτηση ..."
"Search Results";"Αποτελέσματα αναζήτησης"
"Searched for: ";"Αναζήτηση για:"
"There are no news here. Yet!";"Δεν υπάρχουν νέα όμως εδώ.!"
"Show Pop Companies";"Εμφάνιση Ποπ Εταιρείες"
"Hide Pop Companies";"Απόκρυψη Εταιρείες Ποπ"
"All Companies";"Όλες οι εταιρίες"
"Total Matches";"Σύνολο Αγώνες"
"Show Top Companies";"Εμφάνιση Κορυφαίες Επιχειρήσεις"
"Hide Top Companies";"Απόκρυψη Κορυφαίες Επιχειρήσεις"
"Search...";"Αναζήτηση ..."
"Invite";"Πρόσκληση"
"Calendar";"Ημερολόγιο"
"Wall"; «Τείχος»?
"Event Info";"Πληροφορίες Εκδήλωση"
"Start date";"Ημερομηνία έναρξης"
"End date";"Ημερομηνία λήξης"
"Location";"Τοποθεσία"
"Privacy";"Προσωπικά Δεδομένα"
"Public";"Δημόσια"
"Private";"Ιδιωτικό"
"Invitations";"Προσκλήσεις"
"Invite People";"Πρόσκληση ατόμων"
"Attend";"Φροντίστε"
"groups";"Ομάδες"
"Found";"Βρέθηκαν"
"There are no events at this moment";"Δεν υπάρχουν γεγονότα αυτή τη στιγμή"
"Create event";"Δημιουργία συμβάντος"
"Event Title";"Τίτλος Εκδήλωση"
"Event Type";"Τύπος συμβάντος"
"Choose Type";"Επιλέξτε Κατηγορία"
"Date & Time";"Ημερομηνία & Ώρα"
"Time";"Time"
"Add end time";"Προσθήκη ώρα λήξης"
"Make recurring"; «Να επαναληφθεί"
"End Date";"Ημερομηνία Λήξης"
"Recurrence";"Επανάληψη"
"Recurring Schedule"; «Επαναλαμβανόμενο Πρόγραμμα"
"Select friends";"Επιλέξτε φίλους"
"Make the event public";"Κάντε την δημόσια εκδήλωση"
"Let invited people invite more people";"Ας οι άνθρωποι καλούνται να προσκαλέσουν περισσότερα άτομα"
"Invite friend";"Πρόσκληση φίλου"
"Recurrence limited by";"Υποτροπή περιορίζεται από"
"Starting time";"Ώρα έναρξης"
"Ending time";"Ο τερματισμός του χρόνου"
"Select All";"Επιλογή Όλων"
"Deselect All";"Αποεπιλογή όλων"
"User Info";"Πληροφορίες Χρήστη"
"Age";"Ηλικία"
"Posts";"Μηνύματα"
"Threads";"Θέματα"
"There are no invitees here. Yet!";"Δεν υπάρχουν προσκεκλημένοι όμως εδώ.!"
"Create New Event +";"Δημιουργία νέου γεγονότος +"
"There are no participants here. Yet!";"Δεν υπάρχουν συμμετέχοντες εδώ όμως.!"
"Search here...";"Αναζήτηση ... εδώ"
"Write on Event Wall...";"Γράψτε Εκδήλωση στη Wall ..."
"Write on Group Wall..."; «Γράψτε σε ομάδα Wall ..."
"Post by";"Αποστολή από"
"View All Comments";"Προβολή όλων των σχολίων"
"No Comments";"Κανένα σχόλιο"
"Hide comments";"Απόκρυψη των σχολίων"
"Comment >";"> Σχόλιο"
"Comment";"Σχόλιο"
"Add Board";"Προσθήκη Διοικητικού Συμβουλίου"
"Board name";"Όνομα Διοικητικού Συμβουλίου"
"Create";"Δημιουργία"
"Add Category";"Προσθήκη κατηγορίας"
"Edit Board"; «Διοικητικό Συμβούλιο Επεξεργασία"
"Edit Category";"Επεξεργασία κατηγορίας"
"Child boards";"Παιδί συμβούλια"
"Delete";"Διαγραφή"
"Topics";"Θέματα"
"By";"Με"
"In";"Στο"
"modified";"Τροποποιημένη"
"[_1] at [_2] said";"[_1] Στο [_2] είπε:«?
"Quote";"Παράθεση"
"Reply";"Απάντηση"
"Text for the post";"Κείμενο για τη θέση"
"Re";"Απ"
"Search for forums...";"Αναζήτηση φόρουμ ..."
"forums";"Φόρουμ"
"Create new thread";"Δημιουργία νέου νήμα"
"Subject";"Θέμα"
"Subject..."; «Θέμα ..."
"Views";"Προβολές"
"Replies";"Απαντήσεις"
"Unknown";"Άγνωστη"
"There are no forum topics at this moment"; «Δεν υπάρχουν θέματα συζήτησης αυτή τη στιγμή"
"Create New Topic";"Δημιουργία νέου θέματος"
"Title of the new topic";"Ο τίτλος του νέου θέματος"
"Create New Category +";"Δημιουργία νέας κατηγορίας +"
"All Forums";"Όλα τα Forums"
"Thread"; «Νήμα»?
"There are no forums at this moment";"Δεν υπάρχουν φόρουμ σε αυτή τη στιγμή"
"Thread title";"Τίτλος Θέματος"
"Statistics";"Στατιστικά"
"Last Post";"Τελευταίο μήνυμα"
"All Platforms";"Όλες οι πλατφόρμες"
"Edit Game Info";"Επεξεργασία Πληροφορίες Παιχνιδιού"
"All Downloads";"Όλα τα στοιχεία λήψης"
"Search Downloads...";"Λήψεις Αναζήτηση ..."
"Order games:";"Παιχνίδια Παραγγελία:"
"By Release Date";"Με την Ημερομηνία Έκδοσης"
"Select a genre";"Επιλέξτε ένα είδος"
"Game Info";"Πληροφορίες παιχνιδιού"
"Released";"Απελευθέρωση"
"Distributors";"Διανομείς"
"Image Dimensions: 200x300px";"Διαστάσεις εικόνας: 200x300px"
"Game Events";"Game Events"
"games";"Παιχνίδια"
"All Games";"Όλα τα παιχνίδια"
"Popular";"Λαϊκή"
"Recently Added";"Πρόσφατη προσθήκη"
"Download Info";"Κατεβάστε Πληροφορίες"
"Size";"Μέγεθος"
"Date";"Ημερομηνία"
"Download file";"Κατεβάστε το αρχείο"
"Delete download";"Διαγραφή κατεβάσετε"
"There are no downloads at this moment";"Δεν υπάρχουν λήψεις αυτή τη στιγμή"
"Download";"Κατεβάστε"
"There is no description at this moment";"Δεν υπάρχει περιγραφή αυτή την στιγμή"
"Edit game info";"Επεξεργασία πληροφορίες παιχνίδι"
"Top Games";"Κορυφαία Παιχνίδια"
"Add Media +";"Προσθήκη MEDIA +"
"There are no screenshots at this moment";"Δεν υπάρχουν εικόνες σε αυτή τη στιγμή"
"There are no videos at this moment";"Δεν υπάρχουν βίντεο σε αυτή τη στιγμή"
"There are no concept art at this moment";"Δεν υπάρχουν τέχνη έννοια αυτή τη στιγμή"
"There are no wallpapers at this moment";"Δεν υπάρχουν ταπετσαρίες αυτή τη στιγμή"
"There are no news at this moment";"Δεν υπάρχουν νέα αυτή τη στιγμή"
"Show Pop Games";"Εμφάνιση Ποπ Αγώνες"
"Hide Pop Games";"Απόκρυψη Ποπ Αγώνες"
"Recent Added Games";"Πρόσφατα προστέθηκε παιχνίδια"
"Show Top Games"; »Εμφάνιση των πρώτων Αγώνων"
"Hide Top Games";"Απόκρυψη πιο δημοφιλή παιχνίδια"
"Add Affiliated Group";"Συνδεδεμένες Προσθήκη ομάδας"
"Search groups";"Αναζήτηση ομάδων"
"Create Group";"Δημιουργία ομάδας"
"Group Name";"Όνομα ομάδας"
"Search game"; «Παιχνίδι Αναζήτηση"
"Type 1";"Τύπου 1"
"Type 2";"Τύπου 2"
"Group Description";"Περιγραφή ομάδας"
"You have reached your groups limit. To create more groups, please buy additional groups.";"Έχετε φτάσει το όριο των ομάδων σας να δημιουργήσετε περισσότερες ομάδες, αγοράστε επιπλέον ομάδες.».?
"Invite Members";"Πρόσκληση μελών"
"Search Player";"Παίκτης Αναζήτηση"
"Edit Affiliated Group";"Επεξεργασία των θυγατρικών του ομίλου"
"Edit Group Info";"Πληροφορίες για την ομάδα Επεξεργασία"
"Group Leader"; «Υπεύθυνος Ομάδας»?
"Group Info";"Πληροφορίες για την ομάδα"
"Leader";"Leader"
"Created";"Δημιουργήθηκε"
"All Groups";"Όλες οι ομάδες"
"Create New Group +";"Δημιουργία νέας ομάδας +"
"Recent";"Πρόσφατα"
"Edit group info";"Πληροφορίες για την ομάδα Επεξεργασία"
"Affiliated groups"; «Συνδεδεμένες ομάδες"
"Add Affiliate";"Ασφαλής"
"Invite Members +";"Προσκαλέστε βουλευτών +"
"Applications";"Εφαρμογές"
"Recently Added Groups";"Ομάδες που προστέθηκαν πρόσφατα"
"Request To Join [_1]";"Αίτηση για να ενταχθούμε [_1]"
"I want to join because";"Θέλω να συμμετάσχουν γιατί"
"Symbols left";"Σύμβολα αριστερά"
"Send";"Αποστολή"
"Are you sure you want to delete the cart item?";"Είστε βέβαιοι ότι θέλετε να διαγράψετε το στοιχείο καλάθι;"
"Paste your video link here...";"Επικόλληση σύνδεσης βίντεο σας εδώ ..."
"Post image";"Δημοσίευση εικόνα"
"Welcome to PlayNation!";"Καλώς ήλθατε στο PlayNation!"
"PlayNation is a social network and news site targeted directly at gaming and gamers around the globe.";"PlayNation είναι ένα κοινωνικό δίκτυο και τον ειδησεογραφικό δικτυακό τόπο στοχεύουν άμεσα στους παίκτες τυχερών παιχνιδιών και σε όλο τον κόσμο."
"PlayNation aims to bring you all the relevant news from the global gaming scene. We do not just offer the latest top news. Our goal is to deliver the latest news about the gaming industry, games, gaming equipment, gaming events, gaming groups, players and everything else out there to satisfy your gaming needs.";"PlayNation έχει ως στόχο να σας φέρει όλες τις σχετικές ειδήσεις από την παγκόσμια σκηνή τυχερού παιχνιδιού. Εμείς δεν προσφέρουμε μόνο τις τελευταίες ειδήσεις κορυφή. Στόχος μας είναι να παραδώσει τα τελευταία νέα για τη βιομηχανία τυχερών παιχνιδιών, παιχνίδια, εξοπλισμό παιχνιδιών, γεγονότα παιχνιδιών, σε ομάδες παιχνιδιών, παίκτες και οτιδήποτε άλλο εκεί έξω για να ικανοποιήσει τις ανάγκες σας στα παιχνίδια ".?
"PlayNation offers a social network, e-sport, news, events and much more for gamers around the globe. We aim to combine all the features needed for the gamer in one complete package.";"PlayNation προσφέρει ένα κοινωνικό δίκτυο, e-Sport, ειδήσεις, εκδηλώσεις και πολλά περισσότερα για τους gamers σε όλο τον κόσμο Στόχος μας είναι να συνδυάσουμε όλα τα χαρακτηριστικά που απαιτούνται για τον παίκτη σε ένα πλήρες πακέτο.».?
"Information and news from everything gaming related to every gamer in the world, without spending hours searching the internet.";"Πληροφορίες και ειδήσεις από τα παίγνια τα πάντα που σχετίζονται με κάθε gamer στον κόσμο, χωρίς τις δαπάνες ώρες ψάχνοντας στο διαδίκτυο."
"Join the PlayNation Network with a personal profile and socialize in an environment that is directly tailored for gaming needs.";"Γίνετε μέλος του Δικτύου PlayNation με ένα προσωπικό προφίλ και να κοινωνικοποιηθούν σε ένα περιβάλλον που είναι άμεσα προσαρμοσμένη για τις ανάγκες των τυχερών παιχνιδιών."
"Setup a complete group page for your guild, house, fraction or clan, with all the basic features right at your fingertips!";"Ρυθμίστε μια πλήρη σελίδα για την ομάδα συντεχνία σας, το σπίτι, ή κλάσμα γενιάς, με όλα τα βασικά χαρακτηριστικά στη διάθεσή σας!"
"Use our growing database of games to keep up with upgrades and add-ons, get the latest downloads and join the fanbase.";"Χρήση αυξανόμενη βάση δεδομένων μας παιχνίδια για να συμβαδίσει με τις αναβαθμίσεις και add-ons, δείτε τις τελευταίες λήψεις και να προσχωρήσουν στη fanbase."
"The forum is open to all registered users. Join the debate, share your experience and get help to solve that pesky mission!";"Το φόρουμ είναι ανοιχτό σε όλους τους εγγεγραμμένους χρήστες Πάρτε μέρος στη συζήτηση, να μοιραστείτε την εμπειρία σας και ζητήστε βοήθεια στην επίλυση αυτού του ενοχλητικά αποστολή.!"
"PlayNation’s e-sport section allows players to face-off against other players in any skill based game they can imagine."; «E-αθλητισμός τμήμα PlayNation επιτρέπει στους παίκτες να αντιμετωπίσουν έκτακτα ενάντια σε άλλους παίκτες σε κάθε δεξιότητα που βασίζονται παιχνίδι που μπορεί να φανταστεί κανείς."
"Use our growing database of developers, publishers and distributors to follow the latest news, coming titles and future plans.";"Χρήση αυξανόμενη βάση δεδομένων μας προγραμματιστές, εκδότες και τους διανομείς να ακολουθούν τις τελευταίες ειδήσεις, έρχονται οι τίτλοι και τα μελλοντικά σχέδια."
"All";"Όλα"
"Company";"Εταιρεία"
"Frontpage item look";"Ματιά στοιχείο FrontPage"
"List item look";"Ματιά στοιχείο της λίστας"
"Inside look";"Μέσα δούμε"
"Top 5 Companies";"Top 5 Εταιρειών"
"User Rating";"Αξιολόγηση χρήστη"
"Top 5 Games";"Top 5 παιχνίδια"
"Search Games...";"Αναζήτηση στο Games ..."
"Show all companies"; »Εμφάνιση όλων των εταιρειών"
"Show all games";"Προβολή όλων των παιχνιδιών"
"Show All Country News"; »Δείτε όλα τα νέα Χώρα"
"Show all countries"; »Εμφάνιση όλων των χωρών"
"Dislike"; «Δεν σας αρέσει"
"I want to share news with you:"; «Θέλω να μοιραστώ μαζί σας ειδήσεις:"
"Comment...";"Σχόλιο ..."
"Search news...";"Αναζήτηση ειδήσεων ..."
"Local";"Τοπική"
"Back to All Companies"; «Πίσω σε όλες τις εταιρείες"
"Back to All Games"; «Επιστροφή σε όλα τα παιχνίδια"
"Top News"; «Επίκαιρα Νέα»?
"Back to News"; «Επιστροφή στα Νέα"
"View Comments"; «Δείτε τα σχόλια"
"Edit in";"Επεξεργασία σε"
"Show Platform List";"Εμφάνιση λίστας Πλατφόρμα"
"Popularity";"Δημοτικότητα"
"Hide Platform List";"Απόκρυψη Λίστα Πλατφόρμα"
"Popular Top 5";"Λαϊκή Top 5"
"Searched for";"Αναζήτηση για"
"Show ";"Εμφάνιση"
"Hide ";"Απόκρυψη"
"Contact";"Επικοινωνία"
"Password Recovery";"Ανάκτηση κωδικού πρόσβασης"
"Enter your e-mail address for password recovery";"Εισάγετε το e-mail σας για ανάκτηση κωδικού πρόσβασης"
"Recover";"Ανάκτηση"
"New Message";"Νέο μήνυμα"
"To";"Να"
"Message >";"> Μήνυμα"
"E-mail";"E-mail"
"Password";"Κωδικός"
"Forgot password?";"Ξεχάσατε τον κωδικό;"
"Log In";"Σύνδεση"
"Nickname";"Ψευδώνυμο"
"Confirm Password"; «Επιβεβαίωση κωδικού πρόσβασης"
"I accept the Terms of Service"; «Αποδέχομαι τους Όρους της Υπηρεσίας"
"Register";"Εγγραφή"
"Share news by message";"Μοιραστείτε ειδήσεις από το μήνυμα"
"Post text";"Δημοσίευση κείμενο"
"Cancel";"Άκυρο"
"Send message";"Στείλτε μήνυμα"
"Player suggestions are based on";"Οι προτάσεις βασίζονται σε παίκτη"
"My Friends";"Φίλοι μου"
"My Location";"Η τοποθεσία μου"
"Paste your link here...";"Επικόλληση σύνδεσμο σας εδώ ..."
"Share link";"Μοιραστείτε σύνδεσμο"
"players";"Παίκτες"
"Share video"; «Κοινή προβολή βίντεο"
"Share your thoughts >";"Μοιραστείτε τις σκέψεις σας>"
"Edit Description";"Επεξεργασία περιγραφής"
"Write Description";"Γράψτε Περιγραφή"
"Game Description >";"Περιγραφή παιχνιδιού>"
"Friend";"Φίλο"
"Accept";"Αποδοχή"
"Reject";"Απόρριψη"
"Delete Friend";"Διαγραφή φίλο"
"Delete Selected";"Delete Selected"
"Delete All";"Διαγραφή Όλων"
"Inbox";"Εισερχόμενα"
"Sent";"Απεσταλμένα"
"New!";"Νέο!"
"Read";"Ανάγνωση"
"Forward";"Εμπρός"
"Sent Messages";"Απεσταλμένα μηνύματα"
"Message To";"Μήνυμα στο"
"My events";"Γεγονότα μου"
"You have no events at this moment";"Δεν υπάρχουν γεγονότα αυτή τη στιγμή"
"You have no friends at this moment";"Δεν έχετε φίλους αυτή τη στιγμή"
"My games"; «Τα παιχνίδια μου"
"You have no games at this moment";"Δεν υπάρχουν παιχνίδια αυτή τη στιγμή"
"My groups";"Ομάδες μου"
"You have no groups at this moment";"Δεν υπάρχουν ομάδες αυτή τη στιγμή"
"My notifications";"Κοινοποιήσεων μου"
"Player(s) [_1] commented on your wall [_2]post[_3].";"Παίκτης (ες) [_1] σχολίασε στον τοίχο σας [_2] μετά [_3]."
"Player [_1] posted on your wall [_2]post[_3].";"Παίκτης [_1] δημοσιεύτηκε στον τοίχο σας [_2] μετά [_3]."
"Player(s) [_1] commented the [_2]post[_3] by [_4] on your wall.";"Παίκτης (ες) [_1] σχολίασε το [_2] μετά [_3] από [_4] στον τοίχο σας."
"Player(s) [_1] commented your [_2]post[_3] on [_4] wall.";"Παίκτης (ες) [_1] σχολίασε σας [_2] μετά [_3] στις [_4] τοίχο."
"Player(s) [_1] also commented the [_2]post[_3] by [_4].";"Παίκτης (ες) [_1] σχολίασε επίσης το [_2] μετά [_3] από [_4]."
"Player";"Παίκτης"
"Group";"Ομάδα"
"[_1][_2][_3], whom you subscribe to, has posted a new public [_4]post[_5].";"[_1] [_2] [_3], Τους οποίους μπορείτε να εγγραφείτε, έχει αναρτηθεί ένα νέο κοινό [_4] μετά [_5]."
"Player(s) [_1] liked your [_2]post[_3].";"Παίκτης (ες) [_1] άρεσε σας [_2] μετά [_3]."
"Player(s) [_1] disliked your [_2]post[_3].";"Παίκτης (ες) [_1] αντιπαθής σας [_2] μετά [_3]."
"Player [_1] is now subscribed to you.";"Παίκτης [_1] έχει τώρα εγγραφεί σε εσάς."
"Player [_1] has sent you a friend request.";"Παίκτης [_1] σας έχει στείλει ένα αίτημα για νέο φίλο."
"Player [_1] has accepted your friend request.";"Παίκτης [_1] αποδέχθηκε το αίτημα του φίλου σου."
"Player(s) [_1] has posted in a topic: [_2] in forum: [_3] - [_4].";"Παίκτης (ες) [_1] έχει αναρτηθεί σε ένα θέμα: [_2] στο φόρουμ:. [_3] - [_4]"
"Player [_1] has posted a new topic: [_2] in forum [_3] - [_4].";"Παίκτης [_1] έχει δημοσιεύσει ένα νέο θέμα:. [_2] Στο forum [_3] - [_4]"
"News from company [_1].";"Νέα από την εταιρεία [_1]."
"News from game [_1]."; »Νέα από το παιχνίδι [_1]."
"News from group [_1].";"Νέα από την ομάδα [_1]."
"Player(s) [_1] commented on a [_2]news item[_3], you subscribe to.";"Παίκτης (ες) [_1] σχολίασε [_2] είδηση ​​[_3], μπορείτε να εγγραφείτε."
"Player [_1] has invited you to join the group [_2].";"Παίκτης [_1] έχει προσκληθεί να συμμετάσχει στην ομάδα [_2]."
"Player [_1] has applied to join the group [_2].";"Παίκτης [_1] έχει υποβάλει αίτηση για να ενταχθούν στην ομάδα [_2]."
"Notification_";"Notification_"
"There are no notifications at this moment";"Δεν υπάρχουν ειδοποιήσεις αυτή τη στιγμή"
"[_1] has no events at this moment";"[_1] Δεν έχει γεγονότα αυτή τη στιγμή"
"[_1] has no games at this moment";"[_1] Δεν έχει παιχνίδια αυτή τη στιγμή"
"[_1] has no groups at this moment";"[_1] Δεν έχει ομάδες αυτή τη στιγμή"
"You should recieve an activation email within a few minutes. Please check your spam folder if you cannot find the activation email in your inbox.";"Θα πρέπει να λάβετε ένα email ενεργοποίησης μέσα σε λίγα λεπτά να ελέγξετε το spam folder σας αν δεν μπορείτε να βρείτε το email ενεργοποίησης στο inbox σας.».?
"Your new password";"Ο νέος κωδικός σας"
"Subscriptions";"Συνδρομές"
"Number Of Subscriptions";"Αριθμός των συνδρομών"
"All Subscriptions";"Όλα τα Συνδρομές"
"Forums as Member";"Φόρουμ ως μέλη"
"Forums";"Φόρουμ"
"Forum Boards"; «Διοικητικά Συμβούλια Φόρουμ"
"Forum Topics";"Θεματικές Ενότητες"
"Recent Subscriptions";"Πρόσφατες Συνδρομές"
"Event";"Συμβάν"
"Forum Board"; «Διοικητικό Συμβούλιο Φόρουμ"
"Forum Topic";"Θέμα Φόρουμ"
"You have no subscriptions at this moment";"Δεν έχετε εγγραφές αυτή τη στιγμή"
"Account Settings";"Ρυθμίσεις λογαριασμού"
"Registered";"Καταχωρισμένο"
"User information";"Πληροφορίες χρήστη"
"First name";"Όνομα"
"Last name";"Επώνυμο"
"Display name";"Εμφανιζόμενο όνομα"
"Repeat password";"Επανάληψη κωδικού πρόσβασης"
"Usage information";"Πληροφορίες χρήσης"
"Images";"Εικόνες"
"Links";"Δεσμοί"
"Nick";"Νικ"
"Add friend";"Προσθήκη φίλου"
"Username";"Όνομα Χρήστη"
"Get Contacts";"Πάρτε Επαφές"
"Invite Selected";"Προσκαλέστε Selected"
"shared news:";"Νέα κοινή:"
"New message";"Νέο μήνυμα"
"Page";"Σελίδα"
"[_1] of [_2]";"[_1] Του [_2]"
"There are no messages at this moment";"Δεν υπάρχουν μηνύματα σε αυτή τη στιγμή"
"My";"Μου"
"Players you might know";"Οι παίκτες ίσως γνωρίζετε"
"Back to inbox";"Επιστροφή στο inbox"
"Reply..."; «Απάντηση ..."
"Attach video";"Συνδέστε το βίντεο"
"Home";"Σπίτι"
"Link";"Σύνδεσμος"
"Video";"Βίντεο"
"Post images here...";"Εικόνες Δημοσίευση εδώ ..."
"Post link";"Δημοσίευση σύνδεσμο"
"Write on Wall..."; «Γράψτε στην Wall ..."
"Write on Friend Wall...";"Γράψτε στη Wall φίλο ..."
"items";"Αντικείμενα"
"Credits"; Το "Credits"
"Payment Options";"Τρόποι Πληρωμής"
"PayPal";"PayPal"
"Billing Details";"Στοιχεία Χρέωσης"
"Street Address";"Οδός"
"Postal Code";"Ταχυδρομικός Κώδικας"
"City/Town"; «Πόλη / Χωριό"
"You do not have enough PlayNation Dollars on your account. Please buy PlayNation Dollars now.";"Δεν έχετε αρκετά δολάρια PlayNation στο λογαριασμό σας παρακαλώ να αγοράσετε δολάρια PlayNation τώρα.».?
"You have already activated this feature. It will renew on [_1]. If you wish to extend it now, [_2] will get deducted from your account.";"Έχετε ήδη ενεργοποιήσει αυτό το χαρακτηριστικό θα ανανεώσει την [_1] Εάν επιθυμείτε να επεκταθεί τώρα, [_2] θα πάρει αφαιρείται από το λογαριασμό σας..."
"This will grant you access to [_1] Free Game per Month. [_2] will get deducted from your account.";"Αυτό θα σας χορηγήσει την πρόσβαση [_1] παιχνίδι ανά μήνα [_2] θα πάρει αφαιρείται από το λογαριασμό σας.».?
"This will allow you to create additional [_1] group(s). [_2] will get deducted from your account.";"Αυτό θα σας επιτρέψει να δημιουργήσετε επιπλέον [_1] ομάδα (ες) [_2] θα πάρει αφαιρείται από το λογαριασμό σας.».?
"This will increase your image limit to [_1]. [_2] PND will be deducted from your account.";"Αυτό θα αυξήσει όριο εικόνα σας να [_1] [_2] PND θα αφαιρεθεί από το λογαριασμό σας.».?
"This will remove all ads and banners on the site. [_1] PND will be deducted from your account.";"Αυτό θα αφαιρέσει όλες τις διαφημίσεις και πανό στην ιστοσελίδα [_1] PND θα αφαιρεθεί από το λογαριασμό σας.».?
"Confirm";"Επιβεβαίωση"
"Close";"Κλείσιμο"
"This will upgrade your Basic membership to a [_1] membership. [_2] will be deducted from your account.";"Αυτό θα αναβαθμίσει Βασική συνδρομή σας σε ένα [_1] μέλη [_2] θα αφαιρεθεί από το λογαριασμό σας.».?
"This will extend your membership. [_1] will be deducted from your account.";"Αυτό θα αυξήσει τη συμμετοχή σας [_1] θα αφαιρεθεί από το λογαριασμό σας.».?
"This will change your [_1] ([_2] months) membership to a [_3] ([_4] months) membership. The change will happen when your membership renews on [_5].";"Αυτό θα αλλάξει σας [_1] ([_2] μήνες) συμμετοχή σε ένα [_3] ([_4] μήνες) ένταξη Η αλλαγή θα συμβεί όταν τα μέλη σας ανανεώνει την [_5].».?
"Memberships are non-refundable. You have [_1] month(s) and [_2] day(s) left of your membership and cannot upgrade to a [_3] ([_4] months) membership. You must choose another upgrade.";"Συμμετοχές δεν επιστρέφεται. Έχετε [_1] μήνα (ες) και [_2] ημέρα (ες) αριστερά από τη συμμετοχή σας και δεν μπορείτε να αναβαθμίσετε σε ένα [_3] ([_4] μήνες) μέλους. Θα πρέπει να επιλέξει άλλο αναβάθμισης. "
"This will upgrade your [_1] ([_2] months) membership to a [_3] ([_4] months) membership. You have [_5] days left of your [_6] membership and this will reduce the price of your upgrade with [_7]. [_8] will be deducted from your account.";"Αυτό θα αναβαθμίσει σας [_1] ([_2] μήνες) συμμετοχή σε ένα [_3] ([_4] μήνες) μέλη. Έχετε [_5] μέρες έμειναν από σας [_6] ένταξη και αυτό θα μειώσει την τιμή της αναβάθμισης με [_7] [_8] θα πρέπει να αφαιρεθεί από τον λογαριασμό σας "..?
"You already have a downgrade to a [_1] ([_2] months) membership pending. It will happen automatically when your membership renews on [_3].";"Έχετε ήδη μια υποβάθμιση σε ένα [_1] ([_2] μήνες) εν αναμονή της ένταξης θα συμβεί αυτόματα, όταν ανανεώνει τη συμμετοχή σας στο [_3].».?
"You already have a downgrade to a [_1] ([_2] months) membership pending. If you continue, you will replace that downgrade with a downgrade to a [_3] ([_4] months) membership. It will happen automatically when your membership renews on [_5].";"Έχετε ήδη μια υποβάθμιση σε ένα [_1] ([_2] μήνες) εν αναμονή της ένταξης. Αν συνεχίσετε, θα αντικατασταθεί η εν λόγω υποβάθμιση με υποβάθμιση σε ένα [_3] ([_4] μήνες) μέλη. Θα συμβεί αυτόματα όταν ανανεώνει τη συμμετοχή σας στο [_5] ".?
"This will downgrade your [_1] ([_2] months) membership to a [_3] ([_4] months) membership. Memberships are non-refundable and your downgrade will happen when your membership renews on [_5].";"Αυτό θα υποβαθμιστεί σας [_1] ([_2] μήνες) συμμετοχή σε ένα [_3] ([_4] μήνες) Μέλος μέλους είναι μη επιστρεπτέα και υποβάθμιση σας θα συμβεί όταν τα μέλη σας ανανεώνει την [_5].».?
"Canceled!";"Ακυρώθηκε!"
"Your payment has been canceled!";"Η πληρωμή σας έχει ακυρωθεί!"
"Quantity";"Ποσότητα"
"Complete Order Now";"Συμπληρώστε Παραγγελία Τώρα"
"This will complete your order and your payments will be deducted from your account.";"Αυτό θα ολοκληρώσετε την παραγγελία σας και οι πληρωμές σας θα πρέπει να αφαιρεθεί από τον λογαριασμό σας."
"You do not have enough credits.";"Δεν έχετε αρκετά credits."
"Shopping cart is empty"; «Το καλάθι είναι άδειο"
"History";"Ιστορία"
"Search for Products...";"Αναζήτηση για τα προϊόντα ..."
"All Products";"Όλα τα προϊόντα"
"Special Offers";"Προσφορές"
"Converter";"Μετατροπέας"
"Amount of PD to convert";"Ποσό του Π.Δ. για τη μετατροπή"
"Convert";"Μετατροπή"
"Order History";"Ιστορικό παραγγελιών"
"Total Price";"Συνολική τιμή"
"Status";"Κατάσταση"
"Order Nr.";"Nr Τάξης."
"Completed";"Ολοκληρώθηκε"
"Shipped";"Να αποσταλούν"
"Payed";"Πλήρωσε"
"Ordered";"Κακό"
"You have not made any transactions.";"Δεν έχετε γίνει οποιεσδήποτε συναλλαγές."
"Cash Out";"Από μετρητά"
"IBAN";"ΙΒΑΝ"
"SWIFT";"SWIFT"
"Amount";"Ποσό"
"Cash Out Now"; «Εξαργύρωση τώρα"
"This will complete your Cash Out and the amount will be transferred to your bank account.";"Αυτό θα ολοκληρώσει εξαργύρωσής σας και το ποσό που θα μεταφερθεί στον τραπεζικό λογαριασμό σας."
"Notice! It is only possible to cash out PlayNation Dollars. The minimum Cash Out Amount is [_1] PlayNation Dollars. The Cash Out Fee is [_2] PlayNation Dollars and will be deducted from your Account. Read our [_3] to learn more about PlayNation’s Cash Out Policy."; «Προσοχή! Είναι δυνατή μόνο για να εξαργυρώσετε δολάρια PlayNation. Το ελάχιστο ποσό εξαργύρωσης είναι [_1] PlayNation δολάρια. Η Εξαργύρωση Fee είναι [_2] PlayNation δολάρια και θα αφαιρείται από το λογαριασμό σας. Διαβάστε μας [_3] για να μάθετε περισσότερα για το Cash Out PlayNation Πολιτικής ".?
"Terms of Service";"Όροι Χρήσης"
"There are no products at this moment";"Δεν υπάρχουν προϊόντα αυτή τη στιγμή"
"Basic";"Βασικές"
"Silver";"Silver"
"Gold";"Χρυσό"
"Platinum";"Platinum"
"Months";"Μήνες"
"Save [_1]%";"Αποθήκευση [_1]%"
"Free";"Ελεύθερο"
"Individual Features";"Ατομική Χαρακτηριστικά"
"[_1]";"[_1]"
"[_1]/[_2] months";"[_1] / [_2] Μήνες"
"You have reached your photo limit. To upload more photos, please buy additional photos.";"Έχετε φτάσει το όριο φωτογραφία σας να φορτώσετε περισσότερες φωτογραφίες, παρακαλούμε να αγοράσετε επιπλέον φωτογραφίες.».?
"Order Nr. ";" "Nr Τάξης." "
"Downloads left [_1] of [_2]";"Λήψεις αριστερά [_1] του [_2]"
"Order Details";"Λεπτομέρειες παραγγελίας"
"Date of Order";"Ημερομηνία παραγγελίας"
"Date of Order Complete";"Ημερομηνία Τάξης Πλήρης"
"Date of Shipment";"Ημερομηνία αποστολής"
"Date of Payment"; «Ημερομηνία Πληρωμής»?
"Success!";"Επιτυχία!"
"[_1] has been deducted from your account and your order has been completed. You will receive an e-mail with your receipt.";"[_1] Έχει αφαιρεθεί από το λογαριασμό σας και η παραγγελία σας έχει ολοκληρωθεί, θα λάβετε ένα e-mail με την απόδειξη σας.».?
"You are now a [_1] member. Your membership will automatically renew every [_2] months unless you cancel or don`t have enough PD on your account. The first renewal date is [_3]."; «Είστε πλέον [_1] μέλος συμμετοχή σας θα ανανεωθεί αυτόματα κάθε [_2] μήνες, εκτός αν ακυρώσετε ή Don` t έχουν αρκετά Π.Δ. για λογαριασμό σας, η πρώτη ημερομηνία ανανέωσης [_3]... "
"You can always check the status of your membership, upgrade, downgrade and cancel in your user settings.";"Μπορείτε να ελέγχετε πάντα την κατάσταση της συμμετοχής σας, αναβάθμιση, υποβάθμιση και να ακυρώσει τις ρυθμίσεις του χρήστη."
"Thank you for your order. We hope you enjoy your new membership.";"Σας ευχαριστούμε για την παραγγελία σας Ελπίζουμε να απολαύσετε την εισδοχή νέων μελών σας.».?
"You will receive an e-mail with your receipt. You have succesfully extended your [_1] membership. The next renewal date is [_2].";"Θα λάβετε ένα e-mail με την απόδειξη σας Έχετε επεκταθεί με επιτυχία σας [_1] ένταξη Η επόμενη ημερομηνία ανανέωσης είναι [_2]..."
"Thank you for your order.";"Σας ευχαριστούμε για την παραγγελία σας."
"You have scheduled a change to a [_1] ([_2] months) membership. It will happen when your membership renews on [_3]. [_4] will be deducted from your account when your order completes and you will receive an e-mail with your receipt.";"Έχετε προγραμματίσει μια αλλαγή σε ένα [_1] ([_2] μήνες) μέλους. Θα συμβεί όταν ανανεώνει τη συμμετοχή σας στο [_3]. [_4] Θα αφαιρεθεί από το λογαριασμό σας, όταν ολοκληρώσει την παραγγελία σας και θα λάβετε ένα e -mail με την απόδειξη ".?
"You have scheduled a downgrade to a [_1] membership. It will happen when your membership renews on [_2]. [_3] will be deducted from your account when your order completes and you will receive an e-mail with your receipt.";"Έχετε προγραμματίσει μια υποβάθμιση σε ένα [_1] ένταξη. Θα συμβεί όταν ανανεώνει τη συμμετοχή σας στο [_2]. [_3] Θα αφαιρεθεί από το λογαριασμό σας, όταν ολοκληρώσει την παραγγελία σας και θα λάβετε ένα e-mail με την απόδειξη σας. "
"You have now increased your photo limit with [_1]. Your new limit is [_2].";"Μπορείτε τώρα έχουν αυξηθεί όριο φωτογραφία σας με [_1] νέο όριο σας είναι [_2].».?
"You have now increased your group limit with [_1]. Your new limit is [_2].";"Μπορείτε τώρα έχουν αυξηθεί όριο ομάδα σας με [_1] νέο όριο σας είναι [_2].».?
"You have now activated No Ads or Banners. The feature will automatically renew every [_1] months unless you cancel or don`t have enough PD on your account. The first renewal date is [_2].";"Έχετε ενεργοποιήσει τώρα Δεν υπάρχουν διαφημίσεις ή Banners Το χαρακτηριστικό θα ανανεώνεται αυτόματα κάθε [_1] μήνες, εκτός αν ακυρώσετε ή Don` t έχουν αρκετά Π.Δ. για λογαριασμό σας, η πρώτη ημερομηνία ανανέωσης [_2]... "
"Best Regards,";"Με τις καλύτερες ευχές,"
"Customer Services";"Εξυπηρέτηση Πελατών"
"PlayNation.eu";"PlayNation.eu"
"Go to my profile page";"Πήγαινε στη σελίδα του προφίλ μου"
"Sign out";"Έξοδος"
"Log in";"Σύνδεση"
"Loading...";"Φόρτωση ..."
"Read more »";"Διαβάστε περισσότερα» "
"Comments";"Σχόλια"
"Upcoming Event" "Προσεχείς Εκδηλώσεις"
"Share news on group wall"; «Μερίδιο σε νέα ομάδα τοίχο"
"Post on group wall";"Δημοσίευση στην ομάδα τοίχο"
"Share news on your wall";"Μοιραστείτε ειδήσεις στον τοίχο σας"
"Post on wall";"Δημοσίευση στον τοίχο"
"Show comments";"Εμφάνιση σχολίων"
"Share";"Κοινή"