"Companies";"Firmalar"
"News";"Yeniler"
"Search results";"Arama sonuçları"
"Games";"Oyunlar"
"Media";"Medya"
"Videos";"Videolar"
"Screenshots";"Ekran görüntüleri"
"Concept Art";"Konsept Sanat"
"Wallpapers";"Duvar kağıtları"
"Add News";"Haber Ekle"
"Edit News";"Haberleri Düzenle"
"Events";"Etkinlikler"
"All events";"Bütün etkinlikler"
"Upcoming events";"Gelecek etkinlikler"
"Current events";"Mevcut  etkinlikler"
"events";"etkinlikler"
"Edit event - ";"Etkinliği düzenle - "
"Edit event";"Etkinliği düzenle"
"Create new event";"Yeni etkinlik ekle"
"Please choose the type of event";"Etkinliğin türünü seçin"
"Event cannot start in the past";"Etkinlik geçmişte başlayamaz"
"Event title cannot be shorter than 3 symbols";"Etkinlik başlığı 3 sembolden küçük olamaz"
"End date cannot be before start date";"Bitiş günü, başlangıç gününden önce olamaz"
"Participants";"Katılanlar"
"Invited";"Davetliler"
"Forum";"Forum"
"Create Thread";"Başlık Aç"
"Reviews";"İncelemeler"
"Unpublished reviews";"Yayınlanmamış incelemeler"
"Review";"İnceleme"
"Downloads";"İndirilenler"
"Players";"Oyuncular"
"Add Review";"İnceleme Ekle"
"Edit Review";"İnceleme Düzenle"
"Groups";"Gruplar"
"Recent Groups";"Önceki Gruplar"
"Group News";"Grup  Haberleri"
"Members";"Üyeler"
"Member Applications";"Üye Başvuruları"
"Member Invitations";"Üye Davetleri"
"PlayNation";"PlayNation"
"Post";"İleti"
"Recruitment";"İş Başvuruları"
"Recent News";"Son Haberler"
"Popular News";"Popüler Haberler"
"Platform News";"Platform Haberleri"
"Companies Search Results";"Firma Arama Sonuçları"
"Company News";"Firma Haberleri"
"Games Search Results";"Oyun Arama Sonuçları"
"Game News";"Oyun Haberleri"
"Countries";"Ülkeler"
"First time user form";"İlk kullanıcı formu"
"Invite friends";"Arkadaşlarını davet et"
"All Players";"Tüm Oyuncular"
"Edit profile";"Profilini düzenle"
"Profile Page";"Profil Sayfası"
"Login Required!";"Giriş Gerekli!"
"Registration successful";"Kayıt işlemi başarılı"
"Activation successful";"Etkinleştirme başarılı"
"Password Reseted";"Şifre Sıfırlandı"
"This e-mail doest not excist in our system";"Bu e-mail sistemimizde kayıtlı değil"
"Incorrect e-mail or password";"Yanlış e-mail veya şifre"
"My friends";"Arkadaşlarım"
"Friends";"Arkadaşlar"
"My Subscriptions";"Takip ettiklerim"
"My Groups";"Gruplarım"
"My Games";"Oyunlarım"
"Notification_ReplyMyWall";"Duvar yazınıza yeni bir cevap var"
"Notification_PostOnMyWall";"Duvarınıza yeni bir yazı var"
"Notification_ReplyPostMyWall";"Duvarınızda yeni bir cevap var"
"Notification_ReplyPostOtherWall";"Başka bir duvardaki yazınıza cevap var"
"Notification_ReplyMyReply";"Cevabınıza yorum var"
"Notification_PublicBySubscribe";"Takibiniz herkese açık"
"Notification_Like";"Beğendim"
"Notification_Dislike";"Beğenmedim"
"Notification_SubscribePlayer";"Oyuncuyu takip et"
"Notification_FriendRequest";"Arkadaşlık isteği yolla"
"Notification_FriendReply";"Arkadaşınızdan cevap var"
"Notification_NewForumPost";"Yeni forum iletisi var"
"Notification_NewForumTopic";"Yeni forum konusu var"
"Notification_CompanyNews";"Firma yenilikleri var"
"Notification_GameNews";"Oyun haberleri var"
"Notification_GroupNews";"Grup haberleri var"
"Notification_NewsReply";"Yeni cevap var"
"Notifications";"Bildirimler"
"Messages";"Mesajlar"
"My Events";"Etkinliklerim"
"Invite Friends";"Arkadaşlarını Davet et"
"Register on PlayNation";"PlayNation'a Kayıt ol"
"Sign in to PlayNation";"PlayNation'a Giriş yap"
"Referral";"Başvuru"
"This user is already a referrer. Please assign this code to another user.";"Bu kullanıcı zaten başvurmuş. Lütfen başka bir kullanıcı için bu kodu atayın."
"Shop";"Dükkan"
"Buy Credits";"Kredi Satın al"
"Orders History";"Sipariş Geçmişi"
"Order View";"Siparişi Görüntüle"
"Memberships";"Üyelikler"
"Playnation features";"Playnation özellikleri"
"Shopping Cart";"Alışveriş Sepeti"
"Cancel Payment";"Ödemeyi İptal et"
"Successful Payment";"Ödeme Başarılı"
"Order Complete";"Sipariş Tamamlandı"
"Edit Company";"Firmayı Düzenle"
"New Company";"Yeni Firma"
"Edit Game";"Oyunu Düzenle"
"New Game";"Yeni Oyun"
"Unpublished News";"Yayınlanmamış Haberler"
"Users";"Kullanıcılar"
"Edit User";"Kullanıcıyı Düzenle"
"«";"«"
"»";"»"
"All Companies";"Tüm Firmalar"
"Company Settings";"Firma Ayarları"
"Name";"İsim"
"Description";"Açıklama"
"Founded Date";"Kuruluş Tarihi"
"Address";"Adres"
"Ownership";"Sahibi"
"Employees";"Çalışanlar"
"URL";"URL"
"Company Type";"Firma Türü"
"Select company type";"Firma Türünü Seçin"
"Company photo";"Firma fotoğrafı"
"Change company photo. Use PNG, GIF or JPG.";"Firma fotoğrafını değiştirin. PNG, GIF ya da JPG kullanın."
"Upload Photo";"Fotoğraf Yükle"
"Use PNG, GIF or JPG.";"PNG, GIF ya da JPG Kullan."
"Save Settings";"Ayarları Kaydet"
"Search for companies...";"Firma ara..."
"companies";"firmalar"
"Company Name";"Firma İsimleri"
"Action";"Eylem"
"Edit";"Düzenle"
"All Games";"Tüm Oyunlar"
"Game Settings";"Oyun Ayarları"
"Creation Date";"Yapım Tarihi"
"ESRB rating";"ESRB derecesi"
"Game developer";"Oyun geliştiricisi"
"Select game developer";"Oyun geliştiricisi seç"
"Game publisher";"Oyun yayıncısı"
"Select game publisher";"Oyun yayıncısı seç"
"Game type";"Oyun türü"
"Select game type";"Oyun türü seç"
"Game platform";"Oyun platformu"
"Free to play";"Free to play"
"Enabled";"Aktifleştirildi"
"Yes";"Evet"
"Link";"Bağlantı"
"Game photo";"Oyun fotoğrafı"
"Change game photo. Use PNG, GIF or JPG.";"Oyun fotoğrafını değiştir. PNG, GIF ya da JPG kullanın."
"Search for games...";"Oyun ara..."
"games";"oyunlar"
"Game Name";"Oyun İsmi"
"Search here";"Burada ara"
"All News";"Tüm Haberler"
"Languages";"Diller"
"Account Settings";"Hesap Ayarları"
"Registered";"Kayıt edildi"
"E-Mail";"E-Mail"
"First name";"Ad"
"Last name";"Soyad"
"Nickname";"Kullanıcı adı"
"Display name";"Gösterilen ad"
"Date of birth";"Doğum tarihi"
"City";"Şehir"
"Country";"Ülke"
"Zip";"Posta kodu"
"Phone";"Telefon"
"Password settings";"Şifre Ayarları"
"Leave empty if no changed needed.";"Hiçbir değişikliğe gerek yoksa boş bırakın."
"Password";"Şifre"
"Permission settings";"Yetki ayarları"
"Permission Group";"Yetki Grubu"
"Timezone settings";"Saat dilimi ayarları"
"Change timezone and daylight saving time settings.";"Saat dilimi ayarlarını ve yaz saati özelliklerini değiştirin."
"Timezone";"Saat dilimi"
"Daylight saving time";"Yaz saati"
"Language settings";"Dil ayarları"
"Change language settings.";"Dil ayarlarını değiştirin."
"Site language";"Site dili"
"Additional languages";"Diğer diller"
"Profile photo";"Profil fotoğrafı"
"Change profile photo. Use PNG, GIF or JPG with a max. window size at 200x300px.";"Profil fotoğrafını değiştirin. PNG, GIF ya da JPG formatını en çok 200x300 piksel olacak şekilde seçin."
"Max. window size at 200x300px.";"Maks. çözünürlük 200x300 piksel."
"Referrer settings";"Başvuran ayarları"
"Use integer values for percentage";"Yüzdelik için tamsayı değerleri kullanın"
"Can Create SubReferrers";"Alt Başvuranlar Yaratılabilir"
"Display Name";"Gösterilen Ad"
"Commision";"Komisyon"
"ID";"ID"
"Real name";"Gerçek isim"
"E-mail";"E-mail"
"E-mail provider";"E-mail sağlayıcısı"
"Select an e-mail provider";"Bir e-mail sağlayıcısı seçin"
"Get friends";"Arkadaş edin"
"Invite friends by typing their e-mail addresses";"E-mail adreslerini girerek arkadaşlarını davet et"
"Select all";"Hepsini seç"
"Select none";"Seçimi iptal et"
"Send invitations";"Davetiye yolla"
"Please fill in your personal information (Required)";"Lütfen kişisel bilgilerinizi girin (Gerekli)"
"First Name";"Ad"
"Last Name";"Soyad"
"Your display name is the name you choose to display on your profile. It can be your first name, full name, nickname or any combination. It can also be something completely different. If you do not choose a display name, your nickname will be displayed by default.";"Gösterilen ad, profilinizde göstermek için seçtiğiniz isimdir. Bu sizin adınız, tam adınız, kullanıcı adınız ya da herhangi bir kombinasyonu olabilir. Tamamen farklı bir isim de belirleyebilirsiniz. Gösterilen ad kısmını boş bırakırsanız, kullanıcı adınız gösterilecektir."
"Choose your country";"Ülkenizi seçin"
"Choose your timezone";"Saat diliminizi seçin"
"Day";"Gün"
"Month";"Ay"
"Year";"Yıl"
"Site Language";"Site Dili"
"Your site language is the language in which you want to view the site. The default is English. If any content has not been translated into your site language, the English version will be displayed.";"Site dili, siteyi görüntülemek istediğiniz dildir. Varsayılanı İngilizcedir. Eğer seçtiğiniz dile tercüme edilmemiş ibr içerik varsa, İngilizce versiyonu gösterilir."
"Additional Content Languages";"Ek İçerik Dilleri"
"You have the option to select a number of additional content languages. If our content has not been translated into your site language, it may be available in other languages that you prefer. You will get the option to choose between the available languages that you have selected.";"Opsiyonel olarak birkaç ek içerik dili seçebilirsiniz. Herhangi bir içerik, seçtiğiniz site diline çevrilmemiş ise ek dil olarak belirlediğiniz dilde gösterilir. Seçtiğiniz diller arasında seçim yapma imkanına sahip olacaksınız."
"Personal Avatar";"Kişisel Avatar"
"Use PNG, GIF or JPG format";"PNG, GIF ya da JPG formatını kullanın"
"Max. window size: 200x300px";"Maks. çözünürlük 200x300 piksel."
"Upload Image";"Resim Yükle"
"Next";"İleri"
"Find your friends on PlayNation (Optional)";"PlayNation'daki arkadaşlarını bul (Opsiyonel)"
"Here you can search the users who already have a user profile on PlayNation.";"PlayNation'da profili olan kullanıcıları buradan arayabilirsiniz."
"You can search by first name, last name, display name, city and e-mail.";"Ad, soyad, gösterilen ad, şehir veya e-mail'e göre arama yapabilirsiniz."
"So if you know the nick name your friends usually use, just type it in the box and hit “Search”";"Aradığınız kişinin kullanıcı adını biliyorsanız, kutuya yazdıktan sonra "Ara" tuşuna basın."
"Search for players...";"Oyuncu ara..."
"Search";"Ara"
"No players found";"Hiç oyuncu bulunamadı"
"Add Friends";"Arkadaş Ekle"
"Invite your friends to PlayNation";"Arkadaşlarını PlayNation'a davet et"
"The e-mail inviter can search through your contacts in your email. You just fill out the boxes to gain access to your contacts and then select which you want to invite.";"E-mail davetiyesi sayesinde e-mail'inizde bulunan kişileri arayabilirsiniz. Bağlantılarınıza erişmek için kutucukları doldurun ve hangisine davetiye yollamak istiyorsanız o kişiyi seçin."
"We do not store any information you type into these boxes.";"Bu kutucuğa yazdığınız hiçbir bilgiyi kaydetmiyoruz"
"Add more fields";"Alan ekle"
"Import contacts from your e-mail account";"E-mail hesabınızdan bağlantılarınızı ekleyin"
"For each friend that registers on PlayNation, we will reward you with 100 PlayCoins";"PlayNation'a arkadaşlarınız kayıt olduğunda size 100 PlayCoins hediye ediyoruz"
"PlayCoins is one of PlayNation’s virtual currencies and can be used to buy certain products and services on the site.";"PlayCoins, PlayNation'ın sanal para birimidir ve sitedeki bazı ürünleri ve hizmetleri satın almak için kullanılır."
"Previous";"Önceki"
"Add your favorite games (Optional)";"Favori oyunlarını ekle (Opsiyonel)"
"You can add games to your “My Games”-page to gain easy access to news, events and downloads for your favourite game.";"Oyunlarınızı "Oyunlarım" sayfasına ekleyebilirsiniz - böylece favori oyunlarınızla ilgili haberlere, etkinliklere ve indirme kısmına erişebilirsiniz."
"Just type minimum 3 characters in the box below, hit “Search”, mark the games you want on your list and hit the “Add Games”-button.";"Kutucuğa en az 3 karakter yazın, "Ara" tuşuna bastıktan sonra listede görmek istediğiniz oyunları seçin ve "Oyun Ekle" tuşuna basın."
"For example, if you are looking for World of Goo, just type “goo” and hit “Search”.";"Örneğin, World of Goo oyununu arıyorsanız, yalnızca "goo" yazın ve “Ara” tuşuna basın."
"No games found";"Hiç oyun bulunamadı"
"Add Games";"Oyun Ekle"
"Apply for groups (Optional)";"Gruplar için başvur (Opsiyonel)"
"If you are looking for a specific group, you can request to join the group, directly from the boxes below.";"Özellikle aradığınız bir grup varsa, direkt aşağıdaki kutucuktan gruba katılma isteğinizi belirtebilirsiniz."
"You can also skip these steps and search more specificly in the groups section later on, or you can create your own group and team up with your friends.";"İsterseniz bu adımları geçebilirsiniz ve daha sonra detaylı olarak grupları arayabilirsiniz, ya da kendi grubunuzu kurabilir ve arkadaşlarınızla takım olabilirsiniz."
"Search for groups...";"Grupları ara..."
"No groups found";"Hiçbir grup bulunamadı"
"Welcome to PlayNation";"PlayNation'a Hoşgeldin"
"Congratulations";"Tebrikler"
"You are now a member of PlayNation. The next move is yours.";"Artık PlayNation'a üyesiniz! Eğlenceye başlayın."
"You can go to the [_1]player list[_2] and connect to other users and share stuff on your [_3]wall[_4], browse through the [_5]games database[_6] and check out our [_7]free-to-play games[_8].";"[_1]Oyuncu listesine[_2] gidebilir ve diğer kullanıcılarla bağlantı kurarak [_3]duvarınızdan[_4] yenilikler paylaşabilirsiniz, [_5]oyun veritabanını[_6] görüntüleyebilir ve [_7]free-to-play oyunları[_8] kontrol edebilirsiniz."
"In the [_1]news[_2] section you can get up to date on the gaming scene and share it with the world.";"[_1]Haberler [_2] bölümünden oyun sektörüyle ilgili son gelişmeleri takip edebilir ve dünya ile paylaşabilirsiniz."
"If your guild or clan need to get connected you can create a [_1]group[_2] or join existing groups.";"Eğer klanınızın ya da grubunuzun bağlantıya ihtiyacı varsa yeni bir [_1]grup[_2] yaratabilirsiniz ya da var olan gruplara katılabilirsiniz. If your guild or clan need to get connected you can create a or join existing groups."
"The [_1]event[_2] section is perfect if you need to create awareness about your upcoming LAN party.";"[_1]etkinlik[_2] kısmını gelecek LAN partileri hakkında bilgilendirmek için kullanabilirsiniz."
"You can also go straight to the [_1]e-sports[_2] and get your game on or upgrade your account,";"İsterseniz direkt [_1]e-spor'a[_2] girin ve oyununuzu alın ya da hesabınızı yükseltin,"
"buy games servers or other features in the [_1]shop[_2].";"Oyun server'ları satın alın ya da diğer özellikler için dükkanımızı ziyaret [_1]edin[_2]."
"Have fun!";"İyi eğlenceler!"
"Finish";"Bitir"
"You have to complete these four steps before you can use the features within your account";"Hesabınızdaki özellikleri kullanabilmek için bu dört aşamayı tamamlamanız gerekiyor"
"Cart";"Sepet"
"Total";"Toplam"
"Continue Order";"Siparişe Devam et"
"Remove event";"Etkinliği kaldır"
"There is no description for this event at the moment.";"Şu an bu etkinlik için bir açıklama bulunmuyor"
"Read more";"Detayları oku"
"Hide description";"Açıklamayı sakla"
"Participant";"Katılan"
"Options";"Seçenekler"
"Stop playing";"Oynamayı durdur"
"Add to my games";"Oyunlarıma ekle"
"Remove";"Kaldır"
"There is no description for this game at the moment.";"Şu an bu oyun için bir açıklama bulunmuyor."
"Edit Description";"Açıklamayı Düzenle"
"Write Description";"Açıklama Yaz"
"Media Items";"Medya Nesneleri"
"Media item";"Medya Nesnesi"
"Play now";"Şimdi oyna"
"Game Type";"Oyun Türü"
"Release Date";"Yayın Tarihi"
"Platforms";"Platformlar"
"ESRB Rating";"ESRB Derecesi"
"I play this";"Bunu oynuyorum"
"Leave Group";"Gruptan Ayrıl"
"Delete Group";"Grubu Sil"
"Remove application";"Başvuruyu kaldır"
"Edit affilliated group";"Bağlı olduğun grubu düzenle"
"Remove affilliated group";"Bağlı olduğun gruptan ayrıl"
"There is no description for this group at the moment.";"Şu an bu grup için bir açıklama bulunmuyor."
"Member";"Üye"
"Request to join group";"Gruba katılmak için başvur"
"[_1] friend(s)";"[_1] arkadaş(lar)"
"[_1] game(s)";"[_1] oyun(lar)"
"[_1] group(s)";"[_1] grup(lar)"
"and";"ve"
"Remove player";"Oyuncuyu kaldır"
"Add player to group";"Gruba oyuncu ekle"
"Remove player from group";"Oyuncuyu bu gruptan kaldır"
"Remove player suggestion";"Oyuncu önerisini kaldır"
"Reason";"Sebep"
"Rank";"Sıra"
"Lives in [_1]";"[_1] şehrinde yaşıyor"
"You have [_1] in common.";"[_1] ortak kişi var."
"Pending";"Bekleniyor"
"Add Friend";"Arkadaş Ekle"
"Send Message";"Mesaj Yolla"
"Unsubscribe";"Takibi bırak"
"Subscribe";"Takip et"
"There is no description for this product at the moment.";"Bu ürün için şu an açıklama bulunmuyor."
"Add to Cart";"Sepete Ekle"
"Available for members for free";"Üyeler için bedava"
"This product is available to Silver, Gold and Platinum Members for free. Upgrade now and get 1, 2 or 3 games for free every month.";"Bu ürün Gümüş, Altın ve Platinyum Üyeler için bedavadır. Şimdi yükselin ve her ay 1, 2 ve 3 oyunu bedavaya alın."
"Type";"Tür"
"read more";"detaylı oku"
"There are no wall posts at this moment";"Şu an hiç duvar iletisi bulunmuyor"
"You have no wall posts at this moment";"Şu an hiç duvar iletiniz yok"
"You have no photos at this moment";"Şu an hiç fotoğrafınız yok"
"You have no videos at this moment";"Şu an hiç videonuz yok"
"You have no links at this moment";"Şu an hiç bağlantınız yok"
"[_1] has no wall posts at this moment";"[_1] üyesinde şu an hiç duvar iletisi bulunmuyor"
"[_1] has no photos at this moment";"[_1] üyesinde şu an hiç fotoğraf bulunmuyor"
"[_1] has no videos at this moment";"[_1] üyesinde şu an hiç video bulunmuyor"
"[_1] has no links at this moment";"[_1] üyesinde şu an hiç bağlantı bulunmuyor"
"Post as ";"Gönder"
"Show more posts";"Daha fazla ileti göster"
"Post video";"Video gönder"
"Add Download";"İndirme Ekle"
"Select Tab";"Tab Seç"
"File Name";"Dosya İsmi"
"File Size";"Dosya Büyüklüğü"
"File URL";"URL Dosyası"
"Download Description";"Açıklama İndir"
"Add";"Ekle"
"Add New Tab";"Yeni Tab Ekle"
"Add News +";"Haber Ekle +"
"Create News";"Haber Yarat"
"Error. News could not be saved!";"Error. Haber kaydedilemedi!"
"News Specifications";"Haber Özellikleri"
"Language";"Dil"
"Switch to Translated Language";"Çevrilmiş Dile Geç"
"News Content";"Haber İçeriği"
"Headline";"Başlık"
"Main Image";"Ana Resim"
"Delete Image";"Resmi Sil"
"Short Description";"Kısa Açıklama"
"News Text";"Haber Metni"
"Publish Language Article";"Dil Makalesi Yayınla"
"Publish Main Article";"Ana Makaleyi Yayınla"
"Save";"Kaydet"
"Add Game";"Oyun Ekle"
"Genre";"Tür"
"Platform";"Platform"
"Game Description";"Oyun Açıklaması"
"Add Media";"Medya Ekle"
"Youtube link/upload files";"Youtube linki/dosyaları yükle"
"Edit Company Info";"Firma Bilgisini Düzenle"
"Headquarters";"Merkezler"
"Founded";"Kuruluş Yılı"
"Company Url";"Firma URLsi"
"Company Description";"Firma Açıklaması"
"Edit Download";"İndirmeyi Düzenle"
"Edit Tab";"Tab'ı Düzenle"
"Edit Media";"Medyayı Düzenle"
"Order companies:";"Firma sırası:"
"Alphabetically";"Alfabetik olarak"
"By Popularity";"Popülerliğine göre"
"By Rating";"Derecesine göre"
"By Date Added";"Eklenme Tarihine göre"
"change picture";"resmi değiştir"
"upload picture";"resim yükle"
"Company Info";"Firma Bilgisi"
"Joined";"Katılım"
"Website";"Website"
"Like";"Beğen"
"Unlike";"Beğenme"
"Rating";"Derece"
"Your rating";"Derecen"
"Raters";"Oylayanlar"
"Your search matched [_1]";"Eşleşen aramalarınız [_1]"
"You searched for:";"Bunun için aradınız:"
"Show Description";"Açıklama Göster"
"Hide Description";"Açıklamayı Sakla"
"Info";"Bilgi"
"There is no description for this company at the moment.";"Şu an bu firma için bir açıklama bulunmuyor."
"Game";"Oyun"
"There are no companies here. Yet!";"Burada henüz firma bulunmuyor!"
"Total: [_1]";"Toplam: [_1]"
"Search Companies...";"Firma Ara..."
"There is no description at the moment.";"Şu an için açıklama bulunmuyor."
"Edit company info";"Firma bilgisini düzenle"
"Information";"Bilgi"
"Forum Posts";"Forum Mesajları"
"Show more";"Daha fazla göster"
"Hide";"Sakla"
"There are no games here. Yet!";"Henüz burada oyun bulunmuyor!"
"There are no media here. Yet!";"Henüz burada medya bulunuyor!"
"Search for news...";"Haberleri ara..."
"news";"haberler"
"There are no news here. Yet!";"Henüz burada haber bulunmuyor!"
"Show Pop Companies";"Popüler Firmaları Göster"
"Hide Pop Companies";"Popüler Firmaları Sakla"
"Total Matches";"Toplam Eşleşmeler"
"Show Top Companies";"En iyi Firmaları Göster"
"Hide Top Companies";"En iyi Firmaları Sakla"
"Search...";"Ara..."
"Invite";"Davet et"
"Calendar";"Takvim"
"Wall";"Duvar"
"Order events:";"Sipariş etkinlikleri:"
"Start date";"Başlangıç tarihi"
"Event Info";"Etkinlik Bilgisi"
"End date";"Bitiş tarihi"
"Location";"Yer"
"Privacy";"Gizlilik"
"Public";"Genel"
"Private";"Özel"
"Invitations";"Davetler"
"Invite People";"Arkadaşlarını Davet et"
"Participate";"Katıl"
"Unparticipate";"Katılma"
"Search Results";"Arama Sonuçları"
"Searched for: ";"Arandı: "
"Found";"Bulundu"
"Search for events...";"Etkinlik ara..."
"There are no events at this moment";"Şu an için bir etkinlik bulunmuyor"
"Create event";"Etkinlik yarat"
"Event Title";"Etkinlik "
"Event Type";"Etkinlik Türü"
"Choose Type";"Türünü Seç"
"Date & Time";"Tarih ve Zaman"
"Time";"Zaman"
"Add end time";"Bitiş tarihi ekle"
"Make recurring";"Tekrarlama yap"
"End Date";"Bitiş Tarihi "
"Recurrence";"Tekrarlama"
"Recurring Schedule";"Tekrarlama Listesi"
"Number of events";"Etkinlik sayısı"
"Select friends";"Arkadaşlarını seç"
"Make the event public";"Etkinliği herkese açık yap"
"Let invited people invite more people";"Davetli insanların daha fazla insan davet etmesini sağla"
"Invite friend";"Arkadaş davet et"
"Recurrence limited by";"Tekrarlama limiti"
"Starting time";"Başlangıç zamanı"
"Ending time";"Bitiş zamanı"
"Select All";"Hepsini Seç"
"Deselect All";"Seçimi İptal et"
"User Info";"Kullanıcı Bilgisi"
"Age";"Yaş"
"There are no invitees here. Yet!";"Henüz davetli bulunmuyor!"
"Create New Event +";"Yeni Etkinlik Yarat +"
"There are no participants here. Yet!";"Henüz katılan yok!"
"Search here...";"Burada ara..."
"Write on Event Wall...";"Etkinlik Duvarına Yaz..."
"Write on Group Wall...";"Grup Duvarına Yaz..."
"Post by";"İlet"
"View All Comments";"Bütün Yorumları Gör"
"No Comments";"Yorum Yok"
"Hide comments";"Yorumları Sakla"
"Comment >";"Yorum >"
"Comment";"Yorum"
"Meet us on Facebook";"Bizimle Facebook'ta Tanışın"
"Follow us on Twitter";"Twitter'dan Takip edin"
"Add Board";"Bölüm Ekle"
"Board name";"Bölüm ismi"
"Create";"Oluştur"
"Add Category";"Kategori Ekle"
"Edit Board";"Bölümü Düzenle"
"Edit Category";"Kategori Düzenle"
"Child boards";"Çocuk bölümü"
"Delete";"Sil"
"Topics";"Konular"
"Posts";"Mesajlar"
"By";"Tarafından"
"In";"İçinde"
"Threads";"Başlıklar"
"modified";"değiştirildi"
"[_1] at [_2] said";"[_1]'de [_2] söyledi"
"Quote";"Alıntı"
"Reply";"Cevap"
"Text for the post";"Mesaj için metin"
"Re";"Yan"
"Create new thread";"Konu başlığı yarat"
"Subject";"Konu"
"Subject...";"Konu..."
"Views";"Görüntülenme"
"Replies";"Cevaplar"
"Unknown";"Bilinmeyen"
"There are no forum topics at this moment";"Şu an hiç konu başlığı bulunmuyor"
"Create New Topic";"Yeni Konu Yarat"
"Title of the new topic";"Yeni konunun başlığı"
"Create New Category +";"Yeni Kategori Yarat +"
"Search for forums...";"Forumları ara..."
"forums";"forumlar"
"All Forums";"Tüm Forumlar"
"Thread";"Başlık"
"There are no forums at this moment";"Şu anda hiç forum bulunmuyor"
"Thread title";"Konu başlığı"
"Statistics";"İstatiskler"
"Last Post";"Son Mesaj"
"Review Specifications";"Özellikleri İncele"
"Review Content";"İçeriği İncele"
"Review Text";"Metni İncele"
"Save and publish";"Kaydet ve yayınla"
"All Platforms";"Tüm Platformlar"
"Edit Game Info";"Oyun Bilgisini Düzenle"
"Save and close";"Kaydet ve kapat"
"All Downloads";"Tüm İndirmeler"
"Search Downloads...";"İndirmeleri Ara..."
"Order games:";"Oyunları sırala:"
"By Release Date";"Yayınlanma Tarihine göre"
"Select a genre";"Tür seç"
"All games";"Tüm oyunlar"
"Game Info";"Oyun Bilgisi"
"Released";"Yayınlanmış"
"Developers";"Geliştiriciler"
"Distributors";"Distribütörler"
"Image Dimensions: 200x300px";"Resim Boyutları: 200x300 piksel"
"Game Events";"Oyun Etkinlikleri"
"Game Index";"Oyun Endeksi"
"Free-to-play Games";"Free-to-play Oyunları"
"Popular";"Popüler"
"Recently Added";"Önce Eklenen"
"Download Info";"İndirme Bilgileri"
"Size";"Boyut"
"Date";"Tarih"
"Download file";"İndirme dosyası"
"Delete download";"İndirmeyi sil"
"Add Media +";"Medya Ekle +"
"Add Download +";"İndirme Ekle +"
"Add tab +";"Tab ekle +"
"Edit tab +";"Tab düzenle +"
"There are no downloads at this moment";"Şu an için indirme bulunmuyor"
"Download";"İndirme"
"Edit game info";"Oyun bilgileri düzenle"
"You can play this game [_1]for free[_2] right here on PlayNation.";"PlayNation'da bu oyunu [_1] bedavaya[_2] oynayabilirsiniz."
"There are no screenshots at this moment";"Şu an için ekran görüntüsü bulunmuyor"
"There are no videos at this moment";"Şu an için video bulunmuyor"
"There are no concept art at this moment";"Şu an için konsept sanat bulunmuyor"
"There are no wallpapers at this moment";"Şu an için duvar kağıdı bulunmuyor"
"There are no players here. Yet!";"Burada henüz oyuncu bulunmuyor!"
"There are no news at this moment";"Şu an için haber bulunmuyor"
"Show Pop Games";"Popüler Oyunları Göster"
"Hide Pop Games";"Popüler Oyunları Sakla"
"Write a review";"İnceleme yaz"
"Show Top Games";"En İyi Oyunları Göster"
"Hide Top Games";"En İyi Oyunları Sakla"
"Write on game wall...";"Oyun duvarına yaz..."
"Add Affiliated Group";"Bağlı Grup Ekle"
"Search groups";"Grupları ara"
"Create Group";"Grup yarat"
"Group Name";"Grup İsmi"
"Search game";"Oyun ara"
"Type 1";"Tür 1"
"Type 2";"Tür 2"
"Group Description";"Grup Açıklaması"
"You have reached your groups limit. To create more groups, please buy additional groups.";"Grup limitine eriştiniz. Daha fazla grup yaratmak için, lütfen ek gruplar satın alın."
"Invite Members";"Üyeler Davet et"
"Search Player";"Oyunu Ara"
"Edit Affiliated Group";"Bağlı Grubu Düzenle"
"Edit Group Info";"Grup Bilgisini Düzenle"
"Group Leader";"Grup Lideri"
"Group Info";"Grup Bilgisi"
"Leader";"Lider"
"Created";"Yaratıldı"
"Request To Join Group";"Gruba Katılmak için İstek Yolla"
"All Groups";"Tüm Gruplar"
"Create New Group +";"Yeni Grup Yarat +"
"Recent";"Önceki"
"groups";"gruplar"
"Edit group info";"Grup bilgisi düzenle"
"Affiliated groups";"Bağlı gruplar"
"Add Affiliate";"Bağlantı ekle"
"Write on group wall...";"Grup duvarına yaz..."
"Invite Members +";"Üyeleri Davet et +"
"Applications";"Başvurular"
"There are no ";"Bulunmuyor "
"Your search matched";"Aramanız eşleşti"
"Recently Added Groups";"Eklenen Önceki Gruplar"
"Request To Join [_1]";"Katılmak için İstek Yolla [_1]"
"I want to join because";"Katılmak istiyorum çünkü"
"Symbols left";"Kalan semboller"
"Send";"Yollandı"
"Are you sure want to delete the friend?";"Arkadaşınızı silmek istediğinize emin misiniz?"
"Are you sure want to delete the post?";"Mesajı silmek istediğinize emin misiniz?"
"Are you sure want to delete the reply?";"Cevabı silmek istediğinize emin misiniz?"
"Are you sure want to delete the board?";"Bölümü silmek istediğinize emin misiniz?"
"No";"Hayır"
"New";"Yeni"
"Are you sure want to delete the message?";"Mesajları silmek istediğinize emin misiniz?"
"Are you sure want to delete all messages?";"Bütün mesajları silmek istediğinize emin misiniz?"
"Are you sure want to delete the member from the group?";"Bu üyeyi gruptan silmek istediğinize emin misiniz?"
"Are you sure want to delete the tab?";"Bu tab'ı silmek istediğinize emin misiniz?"
"Are you sure want to delete the media?";"Medyayı silmek istediğinize emin misiniz?"
"Are you sure want to delete the affiliate?";"Bağlantıyı silmek istediğinize emin misiniz?"
"Are you sure want to delete the group?";"Bu grubu silmek istediğinize emin misiniz?"
"Are you sure want to leave the group?";"Gruptan ayrılmak istediğinize emin misiniz?"
"Are you sure want to delete the news item?";"Haber nesnesini silmek istediğinize emin misiniz?"
"Loading Paypal, please wait.";"Paypal doluyor, lütfen bekliyor."
"Are you sure you want to delete the cart item?";"Sepetteki ürünü kaldırmak istediğinize emin misiniz?"
"Show more friends";"Daha fazla arkadaş göster"
"Show more subscribtions";"Daha fazla takipçi göster"
"Show more notifications";"Daha fazla bildirim göster"
"Show more messages";"Daha fazla mesaj göster"
"add picture";"resim ekle"
"Show more companies";"Daha fazla firma göster"
"Are you sure want to delete download?";"İndirmeyi silmek istediğinize emin misiniz?"
"Show more games";"Daha fazla oyun göster"
"Paste your video link here...";"Video linkini buraya yapıştırın..."
"Upload image";"Resim yükleyin"
"Invitation has been sent to";"Davet buraya yollandı:"
"is already registered or invited";"adlı kişi zaten kayıtlı ya da davet edilmiş"
"Symbols left:";"Kalan sembol:"
"January";"Ocak"
"February";"Şubat"
"March";"Mart"
"May";"Mayıs"
"April";"Nisan"
"June";"Haziran"
"July";"Temmuz"
"August";"Ağustos"
"September";"Eylül"
"October";"Ekim"
"November";"Kasım"
"December";"Aralık"
"Mon";"Pzt"
"Tue";"Salı"
"Wed";"Çarş"
"Thu";"Per"
"Fri";"Cuma"
"Sat";"Cmt"
"Sun";"Paz"
"Register";"Kayıt ol"
"Confirm Password";"Şifreyi Onayla"
"Referral Code [_1](optional)[_2]";"Referans Kodu [_1](opsiyonel)[_2]"
"Referral Code";"Referans Kodu"
"I accept the Terms of Service";"Hizmet Koşulları'nı kabul ediyorum"
"Sign In";"Giriş Yap"
"Forgot your password?";"Şifreni mi unuttun?"
"PlayNation is a [_1]social network[_2] and news site targeted directly at [_1]gaming[_2] and gamers around the globe.";"PlayNation, dünyadaki [_1]oyunları[_2] ve oyuncuları hedefleyen bir [_1]sosyal ağdır[_2]."
"[_1]PlayNation[_2] aims to bring you all the relevant news from the global gaming scene. We do not just offer the latest top news. Our goal is to deliver the [_1]latest news[_2] about the gaming industry, [_1]games[_2], gaming [_1]equipment[_2], gaming [_1]events[_2], gaming [_1]groups[_2], players and everything else out there to satisfy your gaming needs.";"[_1]PlayNation[_2] küresel oyun sektöründen bütün haberleri size iletmeyi amaçlar.  Biz yalnızca popüler gelişmeleri aktarmayı değil, oyun endüstrisindeki [_1]son gelişmeleri[_2] de aktarmayı hedefliyoruz. Oyunlar, oyun [_1]ekipmanları[_2], oyun [_1]etkinlikleri[_2], oyun [_1]grupları[_2], oyuncular ve oyunlarla ilgili ihtiyacınızı karşılayacak her şey burada."
"Register Now";"Şimdi Kayıt ol"
"Or, you can watch our promotion video [_1]right here[_2], to learn more about PlayNation.";"Ya da tanıtım videomuzu [_1]buradan[_2] izleyebilir ve PlayNation hakkında detayları öğrenebilirsiniz."
"Here are 9 good reasons to join [_1]PlayNation[_2] today.";"[_1]PlayNation'a[_2] katılmanız için 9 iyi neden."
"Read the latest news";"Son haberleri okuyun"
"Information and news from everything gaming related to every gamer in the world, without spending hours searching the internet.";"İnternette saatlerce arama yapmadan oyunlar hakkında oyuncular için gereken bütün bilgiler ve haberler hepsi aynı yerde."
"Find your favourite games";"En sevdiğiniz oyunları bulun"
"Use our growing database of games to keep up with upgrades and add-ons, get the latest downloads and join the fanbase.";"Her gün büyüyen oyun veritabanımızı kullanın ve oyunlar hakkında son gelişmeleri, güncellemeleri ve yenilikleri anında takip edin ve hayran sayfalarına katılın."
"Follow your favourite companies";"En sevdiğiniz firmaları takip edin"
"Use our growing database of developers, publishers and distributors to follow the latest news, coming titles and future plans.";"Gelişen geliştirici, yayıncı ve distribütör veritananını kullanın ve son haberleri, yakında çıkacak yapımları ve gelecek planları anında öğrenin."
"Interact with other players";"Diğer oyuncularla iletişime geçin"
"Join the PlayNation Network with a personal profile and socialize in an environment that is directly tailored for gaming needs.";"PlayNation'a kişisel profilinizle katılın ve oyunculukla ilgili bütün ihtiyaçlarınızı karşılayacağınız bir ortamın parçası olun."
"Debate with your fellow gamers";"Ortak oyuncularla tartışın"
"The forum is open to all registered users. Join the debate, share your experience and get help to solve that pesky mission!";"Forum, kayıt olan bütün kullanıcılara açıktır. Tartışmalara katılın, deneyimlerinizi paylaşın ve takıldığınız bölümleri çözün!"
"Create and attend events";"Etkinlik yaratın ve katılın"
"All the hottest, upcoming events in your area, just one click away. As an user on PlayNation you will also be able to create your own.";"Bölgenizdeki bütün etkinlikler ve sıcak gelişmeler size sadece bir tık uzaklıkta. PlayNation kullanıcısı olarak siz de kendi etkinliklerinizi yaratabileceksiniz."
"Create and join groups";"Grup yaratın ve katılın"
"Setup a complete group page for your guild, house, fraction or clan, with all the basic features right at your fingertips!";"Klanınız, eviniz, guildiniz veya grubunuz için bir grup sayfası hazırlayın ve grubunuzu yönetmek için gereken tüm temel özelliklere sahip olun!"
"Play e-sports";"E-spor oynayın"
"PlayNation’s e-sport section allows players to face-off against other players in any skill based game they can imagine.";"PlayNation'ın e-spor bölümü oyuncuların diğer oyuncularla yeteneklerine göre karşılaşmasını sağlar."
"Browse our shop";"Dükkanımızı inceleyin"
"In our shop you can buy additional account features, memberships, games, mumble servers and a lot more. Go check it out!";"Dükkanımızdan ek hesap özellikleri, üyelikler, oyunlar, mumble serverlar ve birçok şey satın alabilirsiniz. Hemen göz atın!"
"PlayNation is recruiting";"PlayNation işe alıyor"
"PlayNation is developing constantly and we are always looking for qualified individuals who wants to become a part of the [_1]PlayNation Team[_2].";"PlayNation her geçen gün gelişiyor ve biz her zaman [_1]PlayNation Takımına[_2] katılabilecek nitelikli kişiler arıyoruz."
"So if you have what it takes to be a great forum moderator or E-Sport manager, or you simply need to share your knowledge and help the crew build even better features, please contact us.";"İyi bir forum moderatörü veya E-Spor menajeri olabilecek özelliklere sahipsen, tek yapman gereken bilgini paylaşmak ve ekibin daha iyi özelliklere sahip olması için iletişime geçmek."
"Regardless of who you are and what you do, we always treasure input and opinions. But we still value a helping hand and a solid partner more.";"Kim olduğun veya ne yaptığın önemli değil, biz her zaman yeni fikirlere ve önerilere değer veriyoruz. Yardımcı olacak bir el ve sağlam bir partner, bizim için değerli. "
"If you see code like Neo or the world presents itself to you in CMYK colors or wireframes, we want you!";"Eğer Neo gibi kodluyor veya dünyayı telkafeslerle ya da CMYK renkleriyle görüyorsanız, seni istiyoruz!"
"How old are you?";"Kaç yaşındasın?"
"Your application has been sent.";"Başvurunuz yollandı."
"The PlayNation Team";"PlayNation Ekibi"
"News Type";"Haber Türleri"
"Search game...";"Oyun ara..."
"Search company...";"Firma ara..."
"Image";"Resim"
"Intro text";"Giriş metni"
"Body text";"Gelişme metni"
"Published";"Yayınlandı"
"Save and Close";"Kaydet ve Kapat"
"All";"Tüm"
"Company";"Firma"
"Frontpage item look";"Anasayfa nesnesinin görünüşü"
"List item look";"Nesnelerin görünüşünü listele"
"Inside look";"İç bakış"
"Top 5 Companies";"En İyi 5 Firma"
"User Rating";"Kullanıcı Oylaması"
"Top 5 Games";"En İyi 5 Oyun"
"Search Games...";"Oyunları Ara..."
"Show all companies";"Tüm firmaları göster"
"Show all games";"Tüm oyunları göster"
"Show All Country News";"Tüm Ülke Haberlerini Göster"
"Show all countries";"Tüm ülkeleri göster"
"Dislike";"Beğenme"
"I want to share news with you:";"Sizinle haberleri paylaşmak istiyorum:"
"Share";"Paylaş"
"On my wall";"Duvarımda"
"With a group";"Grupla birlikte"
"By message";"Mesajla"
"By e-mail";"E-mail ile"
"Facebook";"Facebook"
"Twitter";"Twitter"
"Google+";"Google+"
"Tumblr";"Tumblr"
"StumbleUpon";"StumbleUpon"
"Reddit";"Reddit"
"Digg";"Digg"
"MySpace";"MySpace"
"Comment...";"Yorumlar..."
"Search news...";"Haber ara..."
"Local";"Yerel"
"Back to All Companies";"Tüm Firmalara Geri Dön"
"Back to All Games";"Tüm Oyunlara Geri Dön"
"Top News";"En İyi Haberler"
"Back to News";"Haberlere Geri Dön"
"comments";"yorumlar"
"comment";"yorum"
"Edit in";"Düzenle "
"Comments";"Yorumlar"
"View Comments";"Yorumlara Bak"
"Popularity";"Popülerlik"
"Show Platform List";"Platform Listesini Görüntüle"
"Hide Platform List";"Platform Listesini Sakla"
"Popular Top 5";"En İyi Popüler 5"
"by";"tarafından"
"Searched for";"Ara"
"Show ";"Göster "
"Hide ";"Sakla "
"Contact";"İletişim"
"Password Recovery";"Şifre Bulma"
"Enter your e-mail address for
password recovery";"Şifreni bulmak için e-mail adresini gir"
"Recover";"Bulma"
"New Message";"Yeni Mesaj"
"To";"Kime"
"Message >";"Mesaj >"
"Forgot password?";"Şifreni unuttun mu?"
"Log In";"Giriş"
"Share news by message";"Haberleri mesaj ile paylaş"
"Post text";"Metin yolla"
"Cancel";"İptal"
"Send message";"Mesaj yolla"
"Player suggestions are based on";"Oyuncu önerileri şuna göre yapılır:"
"My Friends";"Arkadaşlarım"
"My Location";"Yerim"
"Paste your link here...";"Bağlantıyı buraya yapıştırın..."
"Share link";"Bağlantı paylaş"
"players";"oyuncular"
"Share video";"Video paylaş"
"Share your thoughts >";"Düşünceleri paylaş >"
"Your account has been activated!";"Hesabın aktive edildi!"
"After you login and complete the registration, you will be able to participate in the discussions, costumize your profile, share your content on your own wall and much more.";"Sisteme giriş yapıp kayıt işlemini tamamladıktan sonra, tartışmalara katılabilecek, profilinizi düzenleyecek, duvarınızda içerik paylaşabilecek ve daha birçok şey yapabileceksiniz."
"Enjoy :)";"İyi eğlenceler :)"
"Game Description >";"Oyun Açıklaması >"
"Friend";"Arkadaş"
"Accept";"Onayla"
"Reject";"Reddet"
"Delete Friend";"Arkadaşı Sil"
"Please sign in";"Lütfen giriş yapın"
"Delete Selected";"Seçileni Sil"
"Delete All";"Hepsini Sil"
"Inbox";"Gelen Kutusu"
"Sent";"Gönderildi"
"New!";"Yeni!"
"Read";"Oku"
"Forward";"İlet"
"Sent Messages";"Yollanan Mesajlar"
"Message To";"Yolla"
"Search for events";"Etkinlikleri Ara"
"My events";"Etkinliklerim"
"You have no events at this moment";"Şu anda hiç  etkinlik bulunmuyor"
"friends";"arkadaşlar"
"You have no friends at this moment";"Şu anda hiç arkadaşınız bulunmuyor"
"Search for games";"Oyunları ara"
"My games";"Oyunlarım"
"You have no games at this moment";"Şu anda hiç oyununuz bulunmuyor"
"My groups";"Gruplarım"
"You have no groups at this moment";"Şu anda hiç grubunuz bulunmuyor"
"Search for notifications...";"Bildirimleri ara..."
"My notifications";"Bildirimlerim"
"Player(s) [_1] commented on your wall [_2]post[_3].";"Oyuncu(lar) [_1] duvarına yorum [_2]yazdı[_3]."
"Player [_1] posted on your wall [_2]post[_3].";"Oyuncu [_1] duvarına [_2]yazdı[_3]."
"Player(s) [_1] commented the [_2]post[_3] by [_4] on your wall.";"Oyuncu(lar) [_1] duvarına [_4] tarafından yazılan iletiye yorum [_2]yazdılar[_3]"
"Player(s) [_1] commented your [_2]post[_3] on [_4] wall.";"Oyuncu(lar) [_1]  duvardaki [_2]iletine[_3] yorum [_4] yazdılar."
"Player(s) [_1] also commented the [_2]post[_3] by [_4].";"Oyuncu(lar) [_1], [_4] tarafından yazılan iletiye de [_2]yorum[_3] yazdılar."
"Player";"Oyuncu"
"Group";"Grup"
"Event";"Etkinlik"
"[_1][_2][_3], whom you subscribe to, has posted a new public [_4]post[_5].";"[_1][_2][_3], takip ettiğiniz kişiler, yeni bir açık mesaj [_4]yolladı[_5]."
"Player(s) [_1] liked your [_2]post[_3].";"Oyuncu(lar) [_1] iletinizi [_2]beğendi[_3]."
"Player(s) [_1] disliked your [_2]post[_3].";"Oyuncu(lar) [_1] iletinizi [_2]beğenmedi[_3]."
"Player [_1] is now subscribed to you.";"Oyuncu [_1] artık takipçiniz."
"Player [_1] has sent you a friend request.";"Oyuncu [_1] size arkadaşlık isteği yolladı."
"Player [_1] has accepted your friend request.";"Oyuncu [_1] arkadaşlık isteğini kabul etti."
"Player(s) [_1] has posted in a topic: [_2] in forum: [_3] - [_4].";"Oyuncu(lar) [_1] konu başlığına yazdı: [_2] bu forumda: [_3] - [_4]."
"Player [_1] has posted a new topic: [_2] in forum [_3] - [_4].";"Oyuncu [_1] yeni bir konu başlığı açtı: [_2] bu forumda [_3] - [_4]."
"News from company [_1].";"Firmadan yeni haberler [_1]."
"News from game [_1].";"Oyundan yeni haberler [_1]."
"News from group [_1].";"Gruptan gelen yeni haberler [_1]."
"Player(s) [_1] commented on a [_2]news item[_3], you subscribe to.";"Oyuncu(lar) [_1] takip ettiğin [_2]yeni nesneye[_3] yorum yaptı."
"Player [_1] has invited you to join the group [_2].";"Oyuncu [_1] gruba katılman için seni davet etti [_2]."
"Player [_1] has applied to join the group [_2].";"Oyuncu [_1] gruba katılmak için başvurdu [_2]."
"Notification_";"Bildirim_"
"There are no notifications at this moment";"Şu anda bir bildirim bulunmuyor"
"[_1] has no events at this moment";"[_1], şu an bir etkinliği bulunmuyor"
"[_1] has no games at this moment";"[_1], şu an bir oyunu bulunmuyor"
"Search for groups";"Grupları ara"
"[_1] has no groups at this moment";"[_1] şu anda grubu bulunmuyor"
"You should recieve an activation email within a few minutes. Please check your spam folder if you cannot find the activation email in your inbox.";"Birkaç dakika içinde aktivasyon e-maili almalısınız. Lütfen gelen kutusunda iletiyi göremezseniz, spam klasörüne de bakmayın unutmayın."
"Your new password";"Yeni şifren"
"Subscriptions";"Takip ettiklerin"
"Number Of Subscriptions";"Takip Sayın"
"All Subscriptions";"Tüm Takip ettiklerin"
"Forums as Member";"Üye olarak Forumlar"
"Forums";"Forumlar"
"Forum Boards";"Forum Bölümleri"
"Forum Topics";"Forum Başlıkları"
"Search for subscriptions";"Takipçiler için arayın"
"Recent Subscriptions";"Önceki Takipçiler"
"Forum Board";"Forum Bölümü"
"Forum Topic";"Forum Başlığı"
"You have no subscriptions at this moment";"Şu anda hiç takibiniz bulunmuyor"
"Images";"Resimler"
"Links";"Bağlantılar"
"Personal information";"Kişisel bilgi"
"Change your personal information.";"Kişisel bilgini değiştir."
"Confirm password";"Şifre onayla"
"Change your timezone and daylight saving time settings.";"Saat dilimini ve yaz saati ayarlarını değiştirin."
"Change your language settings.";"Dil ayarlarını değiştirin."
"Change your profile photo. Use PNG, GIF or JPG with a max. window size at 200x300px.";"Profil fotoğrafını değiştir. PNG, GIF ya da JPG kullanın maks. çözünürlük 200x300 piksel."
"Membership Settings";"Üyelik Ayarları"
"Basic";"Temel"
"Silver";"Gümüş"
"Gold";"Altın"
"Platinum";"Platinyum"
"Current membership";"Mevcut üyelik"
"Change or upgrade your current membership.";"Mevcut üyeliğinizi değiştirin ya da yükseltin."
"Membership type";"Üyelik türü"
"Change";"Değiştir"
"Next update";"Sonraki güncelleme"
"Update type";"Güncelleme türü"
"Additional site features";"Ek site özellikleri"
"This is an overview of the additional site features you have purchased.";"Satın aldığınız ek site özelliklerinin ön izlenimi."
"Feature type";"Özellik türü"
"You can buy more additional site features in our shop right [_1]here[_2].";"Dükkanımızdan ek site özellikleri satın [_1]alabilirsiniz[_2]."
"Nick";"Takma ad"
"Add friend";"Arkadaş ekle"
"Username";"Kullanıcı adı"
"Get Contacts";"Arkadaş Bul"
"Invite Selected";"Seçileni Davet et"
"shared news:";"paylaşılan haberler:"
"New message";"Yeni mesaj"
"Page";"Sayfa"
"[_1] of [_2]";"[_1]'da [_2]"
"There are no messages at this moment";"Şu anda mesaj bulunmuyor"
"My";"Benim"
"Referral Program";"Referans Programı"
"Players you might know";"Tanıyor olabileceğin oyuncular"
"Players who play the same games as you";"Seninle aynı oyunu oynayan oyuncular"
"Players who are members of the same groups as you";"Seninle aynı gruba üye olan oyuncular"
"Players who live in your area";"Bulunduğun çevrede yaşayan oyuncular"
"Back to inbox";"Gelen kutusuna geri dön"
"Reply...";"Cevap..."
"Attach video";"Video ekle"
"Yes, I have a code I would like to use";"Evet, kullanmak istediğim bir kod var"
"Already have an account? Sign in [_1]right here[_2]";"Hesabınız var mı? Hemen [_1]giriş yapın[_2]"
"Home";"Anasayfa"
"Post images here...";"Resimler yollayın..."
"Post image";"Resim yollayın"
"Post link";"Bağlantı yollayın"
"Write on Wall...";"Duvara Yazın..."
"Write on Friend Wall...";"Arkadaş Duvarına Yazın..."
"Codes and Banners";"Kodlar ve Bannerlar"
"Banner";"Banner"
"Code";"Kod"
"Select Period";"Periyod Seç"
"Filter";"Filtre"
"Referral Codes";"Referans Kodları"
"Clicks";"Tıklamalar"
"Sign-ups";"Girişler"
"Upgrades";"Yükseltmeler"
"Comission";"Komisyon"
"Totals";"Toplam"
"Create Referral Code";"Referans Kodu Yarat"
"Subreferral Codes";"Alt Referans Kodları"
"Create Subreferral Code";"Alt Referans Kodu Yarat"
"Edit Referral";"Referansı Düzenle"
"Create New Referral";"Yeni Referans Yarat"
"Referral link";"Referans bağlantısı"
"Voucher code";"Fiş kodu"
"Commission";"Komisyon"
"Label";"Etiket"
"Save Changes";"Değişiklikleri Kaydet"
"Edit Subreferral";"Alt Referansı Düzenle"
"Create New Subreferral";"Yeni Alt Referans Yaratl"
"User e-mail";"Kullanıcı e-mail'i"
"Select your commission";"Komisyonunu seç"
"items";"nesneler"
"Price";"Fiyat"
"Credits";"Krediler"
"Payment Options";"Ödeme Seçenekleri"
"PayPal";"PayPal"
"Xsolla";"Xsolla"
"Xsolla offers more than 350+ payment solutions in 85+ countries. Choose Xsolla to find the best payment solution for you.";"Xsolla, 85'ten fazla ülkede 350'den fazla ödeme seçeneği sunan bir çözümdür. En iyi ödeme seçeneğini bulmak için Xsolla'yı tercih edin."
"Billing Details";"Billing Details"
"Street Address";"Sokak Adresi"
"Postal Code";"Posta Kodu"
"City/Town";"Kent/Şehir"
"You do not have enough PlayNation Dollars on your account. Please buy PlayNation Dollars now.";"Hesabınızda yeterli miktarda PlayNation Dollar'ı bulunmuyor. Lütfen PlayNation Dollar'ı satın alın."
"You have already activated this feature. It will renew on [_1]. If you wish to extend it now, [_2] will get deducted from your account.";"Bu özelliği zaten aktive ettiniz. Bu tarihte yenilenecek: [_1]. Eğer tarihi uzatmak istiyorsanız, [_2] miktarında tutar hesabınızdan çekilecek."
"This will grant you access to [_1] Free Game per Month. [_2] will get deducted from your account.";"Bu size aylık olarak [_1] oyunu bedava almanızı sağlayacak. [_2] tutarında miktar hesabınızdan çekilecek."
"This will allow you to create additional [_1] group(s). [_2] will get deducted from your account.";"Bu sizin ek [_1] grup yaratmanızı sağlayacak. [_2] tutarında miktar hesabınızdan çekilecek."
"This will increase your image limit by [_1]. [_2] will be deducted from your account.";"Bu resim limitinizi [_1] miktar arttıracak. [_2] tutarında miktar hesabınızdan çekilecek."
"This will remove all ads and banners on the site. [_1] will be deducted from your account.";"Bu sitedeki bannerları ve reklamları kaldıracak. [_1] tutarında miktar hesabınızdan çekilecek."
"Confirm";"Onayla"
"Close";"Kapat"
"This will upgrade your Basic membership to a [_1] membership. [_2] will be deducted from your account.";"Bu sizin Temel hesabınızı [_1] üyeliğe yükseltmenizi sağlayacak. [_2] tutarında miktar hesabınızdan çekilecek."
"This will extend your membership. [_1] will be deducted from your account.";"Bu üyeliğinizi uzatacak. [_1] tutarında miktar hesabınızdan çekilecek."
"This will change your [_1] ([_2] months) membership to a [_3] ([_4] months) membership. The change will happen when your membership renews on [_5].";"Bu, [_1] üyeliğinizi ([_2] aylık) [_3] ([_4] aylık) üyelikle değiştirecek. Değişiklik, üyeliğiniz [_5] tarihinde yenilendiğinde gerçekleşecek."
"Memberships are non-refundable. You have [_1] month(s) and [_2] day(s) left of your membership and cannot upgrade to a [_3] ([_4] months) membership. You must choose another upgrade.";"Üyelikler satın alındıktan sonra parası iade edilmez. Üyeliğinizin bitmesine [_1] ay, [_2] gün var ve [_3] ([_4] aylık) üyeliğe seviyenizi yükseltemezsiniz. Başka bir yükseltme seçeneğini tercih edin."
"This will upgrade your [_1] ([_2] months) membership to a [_3] ([_4] months) membership. You have [_5] days left of your [_6] membership and this will reduce the price of your upgrade with [_7]. [_8] will be deducted from your account.";"Bu [_1] üyeliğinizi ([_2] aylık), [_3] ([_4] aylık) üyeliğe yükseltecek.  [_6] üyeliğinizin bitmesine [_5] gün kaldı ve üyeliğinizin fiyatını [_7] kadar düşürecek. [_8] miktarında tutar hesabınızdan çekilecek."
"You already have a downgrade to a [_1] ([_2] months) membership pending. It will happen automatically when your membership renews on [_3].";"Zaten [_1] ([_2] aylık) üyeliğe düşürme isteğiniz beklemede. [_3] tarihinde üyeliğiniz yenilendiği zaman, otomatik olarak değişikliğe geçeceksiniz."
"You already have a downgrade to a [_1] ([_2] months) membership pending. If you continue, you will replace that downgrade with a downgrade to a [_3] ([_4] months) membership. It will happen automatically when your membership renews on [_5].";"Zaten [_1] ([_2] aylık) üyeliğe düşürme isteğiniz beklemede. Eğer devam ederseniz, üyelik düşürme işleminizi [_3] ([_4] aylık) üyeliğe düşüreceksiniz. [_3] tarihinde üyeliğiniz yenilendiği zaman, otomatik olarak değişikliğe geçeceksiniz."
"This will downgrade your [_1] ([_2] months) membership to a [_3] ([_4] months) membership. Memberships are non-refundable and your downgrade will happen when your membership renews on [_5].";"Bu, [_1] ([_2] aylık) üyeliğinizi [_3] ([_4] aylık) üyeliğe düşürecek. Üyelikler için ödenen para iade edilmez ve [_5] tarihinde üyeliğiniz yenilendiği zaman üyelik seviyeniz düşecek."
"Canceled!";"İptal edildi!"
"Your payment has been canceled!";"Ödemeniz iptal edildi!"
"Complete Order Now";"Siparişi Şimdi Tamamla"
"This will complete your order and your payments will be deducted from your account.";"Bu siparişinizi tamamlayacak ve ödemeniz hesabınızdan çekilecektir."
"You do not have enough credits.";"Yeterli krediye sahip değilsiniz."
"Shopping cart is empty";"Alışveriş sepeti boş"
"Quantity";"Miktar"
"New products";"Yeni ürünler"
"Popular products";"Popüler ürünler"
"Free for premium members";"Premium üyeler için bedava"
"Special offers";"Özel öneriler"
"Categories";"Kategoriler"
"All products";"Tüm ürünler"
"Search for products...";"Ürünleri araştır..."
"products";"ürünler"
"Products";"Ürünler"
"Order History";"Sipariş Geçmişi"
"Converter";"Dönüştürücü"
"This is where you exchange PlayNation Dollars to PlayCoins. You can use PlayCoins in E-Sport and you can buy certain site features and special offers. The exchange rate is 1 PD ~ 10 PC. Notice that you cannot exchange PlayCoins to PlayNation Dollars. And you cannot cash out PlayCoins";"PlayNation Dollar'ını PlayCoins'e çevirdiğiniz kısım burası. PlayCoins'i E-Spor kısmında kullanabilir ve sitedeki bazı özellikleri ve özel teklifleri satın alabilirsiniz. Takas oranı "1 PD" ~ "10 PC"dir . PlayCoins'i PlayNation Dollar'ına değiştiremediğinizi hatırlatalım. Ayrıca PlayCoins'i peşin paraya da dönüştüremezsiniz."
"Amount of PD to convert";"Dönüştürülecek PD Miktarı"
"Convert";"Dönüştür"
"Total Price";"Toplam Ücret"
"Status";"Statüler"
"Order Nr.";"Sipariş Numarası"
"Completed";"Tamamlandı"
"Shipped";"Kargolandı"
"Payed";"Ödendi"
"Ordered";"Sipariş edildi"
"You have not made any transactions.";"Herhangi bir işlem yapmadınız."
"Cash Out";"Peşine Çevir"
"IBAN";"IBAN"
"SWIFT";"SWIFT"
"Amount";"Miktar"
"Cash Out Now";"Şimdi Peşine Çevir"
"This will complete your Cash Out and the amount will be transferred to your bank account.";"This will complete your Cash Out and the amount will be transferred to your bank account."
"Notice! It is only possible to cash out PlayNation Dollars. The minimum Cash Out Amount is [_1] PlayNation Dollars. The Cash Out Fee is [_2] PlayNation Dollars and will be deducted from your Account. Read our [_3] to learn more about PlayNation’s Cash Out Policy.";"Dikkat! Yalnızca PlayNation Dollar'larını peşin paraya çevirebilmeniz mümkün. Bunun için en az gereken miktar [_1] PlayNation Dollar'ıdır. Peşine Çevirme Ücreti [_2] PlayNation Dollar'ıdır ve Hesabınızdan bu ücret çekilecektir. PlayNation'ın Peşine Çevirme Politikası (PlayNation Cash Out Policy) hakkında daha fazla detay öğrenmek için [_3] belgesini okuyun."
"Terms of Service";"Hizmet Koşulları"
"All Products";"Bütün Ürünler"
"There are no products at this moment";"Şu anda hiç ürün bulunmuyor"
"Individual Features";"Bireysel Özellikler"
"[_1]";"[_1]"
"[_1]/[_2] months";"[_1]/[_2] aylar"
"Months";"Aylar"
"Save [_1]%";"Kaydet [_1]%"
"Free";"Bedava"
"You have reached your photo limit. To upload more photos, please buy additional photos.";"Fotoğraf limitine ulaştınız. Daha fazla fotoğraf yükleyebilmek için, lütfen ek fotoğraflar satın alın."
"Order Nr. ";"Sipariş Numarası "
"Downloads left [_1] of [_2]";"Kalan  [_1] of [_2]"
"Order Details";"Sipariş Detayları"
"Date of Order";"Sipariş Tarihi"
"Date of Order Complete";"Sipariş Tarihi Tamamlandı"
"Date of Shipment";"Kargo Günü"
"Date of Payment";"Ödeme Günü"
"Success!";"Başardınız!"
"[_1] has been deducted from your account and your order has been completed. You will receive an e-mail with your receipt.[_2] If you have purchased any downloadable items, you can find your [_3]download link(s)[_4] in your order history.";"[_1] tutarında miktar hesabınızdan çekildi ve siparişiniz tamamlandı. Sipariş özetiniz e-mail'inze iletilecek.[_2] Eğer indirilebilir içerik satın aldıysanız, [_3]indirme link(lerini)[_4] sipariş geçmişinizden görebilirsiniz."
"[_1] has been deducted from your account and your order has been completed. You will receive an e-mail with your receipt.";"[_1] tutarında miktar hesabınızdan çekildi ve siparişiniz tamamlandı. Sipariş özetiniz e-mail'inze iletilecek."
"You are now a [_1] member. Your membership will automatically renew every [_2] months unless you cancel or don`t have enough PD on your account. The first renewal date is [_3].";"Artık [_1] üyesiniz. Aksini belirtmediğiniz veya hesabınızda yeterli PD olmadığı sürece üyeliğiniz her [_2] ayda bir üyeliğiniz  yenilenecek. İlk yenilenme tarihi [_3]."
"You can always check the status of your membership, upgrade, downgrade and cancel in your user settings.";"Üyeliğinizin durumunu, yükseltmelerini, güncellemelerini ve iptal seçeneklerini her zaman kullanıcı ayarlarından görebilmeniz mümkün."
"Thank you for your order. We hope you enjoy your new membership.";"Siparişiniz için teşekkür ederiz. Yeni üyeliğinizle eğlenmeniz dileğiyle."
"You will receive an e-mail with your receipt. You have succesfully extended your [_1] membership. The next renewal date is [_2].";"Ödeme özetinizi içeren bir e-mail alacaksınız.  [_1] üyeliğinizin süresini başarılı bir şekilde uzattınız. Bir sonraki yenilenme tarihi [_2]."
"Thank you for your order.";"Siparişiniz için teşekkürler."
"You have scheduled a change to a [_1] ([_2] months) membership. It will happen when your membership renews on [_3]. [_4] will be deducted from your account when your order completes and you will receive an e-mail with your receipt.";"Üyeliğinizi [_1] seviyesine yükseltmeye karar verdiğiniz ([_2] aylık).  [_3] tarihinde üyeliğiniz yenilenecek. [_4] miktarında tutar hesabınızdan çekilecek ve siparişiniz tamamlandığı zaman ödeme özetinizi içeren bir e-mail alacaksınız."
"You have scheduled a downgrade to a [_1] membership. It will happen when your membership renews on [_2]. [_3] will be deducted from your account when your order completes and you will receive an e-mail with your receipt.";"Üyeliğinizi [_1] seviyesine düşürmeye karar verdiniz.[_2] tarihinde üyeliğiniz yenilenecek. [_3] tutarında miktar hesabınızdan çekilecek ve siparişiniz tamamlandığı zaman ödeme özetinizi içeren bir e-mail alacaksınız."
"You have now increased your photo limit with [_1]. Your new limit is [_2].";"Fotoğraf limitinizi [_1] ile arttırdınız. Yeni limitiniz [_2]."
"You have now increased your group limit with [_1]. Your new limit is [_2].";"Grup limitinizi [_1] ile arttırdınız. Yeni limit [_2]."
"You have now activated No Ads or Banners. The feature will automatically renew every [_1] months unless you cancel or don`t have enough PD on your account. The first renewal date is [_2].";"Reklamsız ve Bannersız özelliğini aktive ettiniz. Bu özellik aksini belirtmediğiniz ya da hesabınızda yeterli PD olmadığı sürece her [_1] ay yenilenecek. İlk yenilenme tarihi [_2]."
"Best Regards,";"Saygılarımızla,"
"Customer Services";"Müşteri Hizmetleri"
"PlayNation.eu";"PlayNation.eu"
"Go to my profile page";"Profil sayfama git"
"Sign out";"Çıkış yap"
"Upgrade account";"Hesabını yükselt"
"Buy credits";"Kredi satın al"
"new notifications";"yeni bildirimler"
"new notification";"yeni bildirim"
"new messages";"yeni mesajlar"
"new message";"yeni mesaj"
"free games";"bedava oyunlar"
"free game";"bedava oyun"
"Log in";"Giriş"
"Loading...";"Yükleniyor..."
"Read more »";"Detayları oku »"
"Upcoming Event";"Gelecek Etkinlik"
"Share news on group wall";"Grup duvarında haberleri paylaş"
"Post on group wall";"Grup duvarına yolla"
"Share news on your wall";"Duvarında haber paylaş"
"Post on wall";"Duvara yolla"
"Show comments";"Yorumları göster"
"Video";"Video"