"Companies";"Companies"
"News";"News"
"Search results";"Search results"
"Games";"Games"
"Media";"Media"
"Videos";"Videos"
"Screenshots";"Screenshots"
"Concept Art";"Concept Art"
"Wallpapers";"Wallpapers"
"Add News";"Add News"
"Edit News";"Edit News"
"Events";"Events"
"All events";"All events"
"Upcoming events";"Upcoming events"
"Current events";"Current events"
"events";"events"
"Edit event - ";"Edit event - "
"Edit event";"Edit event"
"Create new event";"Create new event"
"Please choose the type of event";"Please choose the type of event"
"Event cannot start in the past";"Event cannot start in the past"
"Event title cannot be shorter than 3 symbols";"Event title cannot be shorter than 3 symbols"
"End date cannot be before start date";"End date cannot be before start date"
"Participants";"Participants"
"Invited";"Invited"
"Forum";"Forum"
"Create Thread";"Create Thread"
"Downloads";"Downloads"
"Players";"Players"
"Groups";"Groups"
"Recent Groups";"Recent Groups"
"Group News";"Group News"
"Members";"Members"
"Member Applications";"Member Applications"
"Member Invitations";"Member Invitations"
"PlayNation";"PlayNation"
"Post";"Post"
"Recent News";"Recent News"
"Popular News";"Popular News"
"Platform News";"Platform News"
"Companies Search Results";"Companies Search Results"
"Company News";"Company News"
"Games Search Results";"Games Search Results"
"Game News";"Game News"
"Countries";"Countries"
"All Players";"All Players"
"Edit profile";"Edit profile"
"Profile Page";"Profile Page"
"Login Required!";"Login Required!"
"Registration successful";"Registration successful"
"Activation successful";"Activation successful"
"Password Reseted";"Password Reseted"
"This e-mail doest not excist in our system";"This e-mail doest not excist in our system"
"Incorrect e-mail or password";"Incorrect e-mail or password"
"My friends";"My friends"
"Friends";"Friends"
"My Subscriptions";"My Subscriptions"
"My Groups";"My Groups"
"My Games";"My Games"
"Notifications";"Notifications"
"Messages";"Messages"
"My Events";"My Events"
"Invite Friends";"Invite Friends"
"Register on PlayNation";"Register on PlayNation"
"Sign in to PlayNation";"Sign in to PlayNation"
"Referral";"Referral"
"This user is already a referrer. Please assign this code to another user.";"This user is already a referrer. Please assign this code to another user."
"Shop";"Shop"
"Buy Credits";"Buy Credits"
"Orders History";"Orders history"
"Order View";"Order View"
"Memberships";"Memberships"
"Shopping Cart";"Shopping Cart"
"Cancel Payment";"Cancel Payment"
"Successful Payment";"Successful Payment"
"Order Complete";"Order Complete"
"Edit Company";"Edit Company"
"New Company";"New Company"
"Edit Game";"Edit Game"
"New Game";"New Game"
"Unpublished News";"Unpublished News"
"Users";"Users"
"Edit User";"Edit User"
"«";"«"
"»";"»"
"All Companies";"All Companies"
"Company Settings";"Company Settings"
"Name";"Name"
"Description";"Description"
"Founded Date";"Founded Date"
"Address";"Address"
"Ownership";"Ownership"
"Employees";"Employees"
"URL";"URL"
"Company Type";"Company Type"
"Select company type";"Select company type"
"Company photo";"Company photo"
"Change company photo. Use PNG, GIF or JPG.";"Change company photo. Use PNG, GIF or JPG."
"Upload Photo";"Upload Photo"
"Use PNG, GIF or JPG.";"Use PNG, GIF or JPG."
"Save Settings";"Save Settings"
"Search for companies...";"Search for companies..."
"companies";"companies"
"Company Name";"Company Name"
"Action";"Action"
"Edit";"Edit"
"All Games";"All Games"
"Game Settings";"Game Settings"
"Creation Date";"Creation Date"
"ESRB rating";"ESRB rating"
"Game developer";"Game developer"
"Select game developer";"Select game developer"
"Game publisher";"Game publisher"
"Select game publisher";"Select game publisher"
"Game type";"Game type"
"Select game type";"Select game type"
"Game platform";"Game platform"
"Free to play";"Free to play"
"Enabled";"Enabled"
"Yes";"Yes"
"Link";"Link"
"Game photo";"Game photo"
"Change game photo. Use PNG, GIF or JPG.";"Change game photo. Use PNG, GIF or JPG."
"Search for games...";"Search for games..."
"games";"games"
"Game Name";"Game Name"
"Search here";"Search here"
"All News";"All News"
"Languages";"Languages"
"Account Settings";"Account Settings"
"Registered";"Registered"
"E-Mail";"E-Mail"
"First name";"First name"
"Last name";"Last name"
"Nickname";"Nickname"
"Display name";"Display name"
"Date of birth";"Date of birth"
"City";"City"
"Country";"Country"
"Zip";"Zip"
"Phone";"Phone"
"Password settings";"Password settings"
"Leave empty if no changed needed.";"Leave empty if no changed needed."
"Password";"Password"
"Permission settings";"Permission settings"
"Permission Group";"Permission Group"
"Timezone settings";"Timezone settings"
"Change timezone and daylight saving time settings.";"Change timezone and daylight saving time settings."
"Timezone";"Timezone"
"Daylight saving time";"Daylight saving time"
"Language settings";"Language settings"
"Change language settings.";"Change language settings."
"Site language";"Site language"
"Additional languages";"Additional languages"
"Profile photo";"Profile photo"
"Change profile photo. Use PNG, GIF or JPG with a max. window size at 200x300px.";"Change profile photo. Use PNG, GIF or JPG with a max. window size at 200x300px."
"Max. window size at 200x300px.";"Max. window size at 200x300px."
"Referrer settings";"Referrer settings"
"Use integer values for percentage";"Use integer values for percentage"
"Can Create SubReferrers";"Can Create SubReferrers"
"Display Name";"Display Name"
"Commision";"Commision"
"ID";"ID"
"Real name";"Real name"
"Get friends";"Get friends"
"Invite friends by typing their e-mail addresses";"Invite friends by typing their e-mail addresses"
"Send invitations";"Send invitations"
"Please fill in your personal information";"Please fill in your personal information"
"First Name";"First Name"
"Last Name";"Last Name"
"Your display name is the name you choose to display on your profile. It can be your first name, full name, nickname or any combination. It can also be something completely different. If you do not choose a display name, your nickname will be displayed by default.";"Your display name is the name you choose to display on your profile. It can be your first name, full name, nickname or any combination. It can also be something completely different. If you do not choose a display name, your nickname will be displayed by default."
"Site Language";"Site Language"
"Your site language is the language in which you want to view the site. The default is English. If any content has not been translated into your site language, the English version will be displayed.";"Your site language is the language in which you want to view the site. The default is English. If any content has not been translated into your site language, the English version will be displayed."
"Additional Content Languages";"Additional Content Languages"
"You have the option to select a number of additional content languages. If our content has not been translated into your site language, it may be available in other languages that you prefer. You will get the option to choose between the available languages that you have selected.";"You have the option to select a number of additional content languages. If our content has not been translated into your site language, it may be available in other languages that you prefer. You will get the option to choose between the available languages that you have selected."
"Personal Avatar";"Personal Avatar"
"Use PNG, GIF or JPG format";"Use PNG, GIF or JPG format"
"Max. window size: 200x300px";"Max. window size: 200x300px"
"Upload Image";"Upload Image"
"Next";"Next"
"Find your friends on PlayNation";"Find your friends on PlayNation"
"Search for players...";"Search for players..."
"Search";"Search"
"No players found";"No players found"
"Add Friends";"Add Friends"
"Invite your friends to PlayNation";"Invite your friends to PlayNation"
"Add more fields";"Add more fields"
"Import contacts from your e-mail account";"Import contacts from your e-mail account"
"For each friend that registers on PlayNation, we will reward you with 100 PlayCoins";"For each friend that registers on PlayNation, we will reward you with 100 PlayCoins"
"PlayCoins is one of PlayNation’s virtual currencies and can be used to buy certain products and services on the site.";"PlayCoins is one of PlayNation’s virtual currencies and can be used to buy certain products and services on the site."
"Previous";"Previous"
"Add your favorite games";"Add your favorite games"
"No games found";"No games found"
"Add Games";"Add Games"
"Apply for groups";"Apply for groups"
"Search for groups...";"Search for groups..."
"No groups found";"No groups found"
"Welcome to PlayNation";"Welcome to PlayNation"
"Finish";"Finish"
"Total";"Total"
"Continue Order";"Continue Order"
"Remove event";"Remove event"
"There is no description for this event at the moment.";"There is no description for this event at the moment."
"Read more";"Read more"
"Hide description";"Hide description"
"Participant";"Participant"
"Options";"Options"
"Stop playing";"Stop playing"
"Add to my games";"Add to my games"
"Remove";"Remove"
"There is no description for this game at the moment.";"There is no description for this game at the moment."
"Edit Description";"Edit Description"
"Write Description";"Write Description"
"Media Items";"Media Items"
"Media item";"Media item"
"Play now";"Play now"
"Game Type";"Game Type"
"Release Date";"Release Date"
"Platforms";"Platforms"
"ESRB Rating";"ESRB Rating"
"I play this";"I play this"
"Leave Group";"Leave Group"
"Delete Group";"Delete Group"
"Remove application";"Remove application"
"Edit affilliated group";"Edit affilliated group"
"Remove affilliated group";"Remove affilliated group"
"There is no description for this group at the moment.";"There is no description for this group at the moment."
"Member";"Member"
"Request to join group";"Request to join group"
"[_1] friend(s)";"[_1] friend(s)"
"[_1] game(s)";"[_1] game(s)"
"[_1] group(s)";"[_1] group(s)"
"and";"and"
"Remove player";"Remove player"
"Add player to group";"Add player to group"
"Remove player from group";"Remove player from group"
"Remove player suggestion";"Remove player suggestion"
"Reason";"Reason"
"Rank";"Rank"
"Lives in [_1]";"Lives in [_1]"
"You have [_1] in common.";"You have [_1] in common."
"Pending";"Pending"
"Add Friend";"Add Friend"
"Send Message";"Send Message"
"Unsubscribe";"Unsubscribe"
"Subscribe";"Subscribe"
"There is no description for this product at the moment.";"There is no description for this product at the moment."
"Add to Cart";"Add to Cart"
"Type";"Type"
"Available for members for free";"Available for members for free"
"This product is available to Silver, Gold and Platinum Members for free. Upgrade now and get 1, 2 or 3 games for free every month.";"This product is available to Silver, Gold and Platinum Members for free. Upgrade now and get 1, 2 or 3 games for free every month."
"read more";"read more"
"There are no wall posts at this moment";"There are no wall posts at this moment"
"You have no wall posts at this moment";"You have no wall posts at this moment"
"You have no photos at this moment";"You have no photos at this moment"
"You have no videos at this moment";"You have no videos at this moment"
"You have no links at this moment";"You have no links at this moment"
"[_1] has no wall posts at this moment";"[_1] has no wall posts at this moment"
"[_1] has no photos at this moment";"[_1] has no photos at this moment"
"[_1] has no videos at this moment";"[_1] has no videos at this moment"
"[_1] has no links at this moment";"[_1] has no links at this moment"
"Post as ";"Post as "
"Show more posts";"Show more posts"
"Post video";"Post video"
"Add Download";"Add Download"
"Select Tab";"Select Tab"
"File Name";"File Name"
"File Size";"File Size"
"File URL";"File URL"
"Download Description";"Download Description"
"Add";"Add"
"Add New Tab";"Add New Tab"
"Add News +";"Add News +"
"Create News";"Create News"
"Error. News could not be saved!";"Error. News could not be saved!"
"News Specifications";"News Specifications"
"Language";"Language"
"Switch to Translated Language";"Switch to Translated Language"
"News Content";"News Content"
"Headline";"Headline"
"Main Image";"Main Image"
"Delete Image";"Delete Image"
"Short Description";"Short Description"
"News Text";"News Text"
"Publish Language Article";"Publish Language Article"
"Publish Main Article";"Publish Main Article"
"Save";"Save"
"Add Game";"Add Game"
"Genre";"Genre"
"Platform";"Platform"
"Game Description";"Game Description"
"Add Media";"Add Media"
"Youtube link/upload files";"Youtube link/upload files"
"Edit Company Info";"Edit Company Info"
"Headquarters";"Headquarters"
"Founded";"Founded"
"Company Url";"Company Url"
"Company Description";"Company Description"
"Edit Download";"Edit Download"
"Edit Tab";"Edit Tab"
"Edit Media";"Edit Media"
"Order companies:";"Order companies:"
"Alphabetically";"Alphabetically"
"By Popularity";"By Popularity"
"By Rating";"By Rating"
"By Date Added";"By Date Added"
"change picture";"change picture"
"upload picture";"upload picture"
"Company Info";"Company Info"
"Joined";"Joined"
"Website";"Website"
"Like";"Like"
"Unlike";"Unlike"
"Rating";"Rating"
"Your rating";"Your rating"
"Raters";"Raters"
"Your search matched [_1]";"Your search matched [_1]"
"You searched for:";"You searched for:"
"Show Description";"Show Description"
"Hide Description";"Hide Description"
"Info";"Info"
"There is no description for this company at the moment.";"There is no description for this company at the moment."
"Game";"Game"
"There are no companies here. Yet!";"There are no companies here. Yet!"
"Total: [_1]";"Total: [_1]"
"Search Companies...";"Search Companies..."
"There is no description at the moment.";"There is no description at the moment."
"Edit company info";"Edit company info"
"Information";"Information"
"Forum Posts";"Forum Posts"
"Show more";"Show more"
"Hide";"Hide"
"There are no games here. Yet!";"There are no games here. Yet!"
"There are no media here. Yet!";"There are no media here. Yet!"
"Search for news...";"Search for news..."
"news";"news"
"There are no news here. Yet!";"There are no news here. Yet!"
"Show Pop Companies";"Show Pop Companies"
"Hide Pop Companies";"Hide Pop Companies"
"Total Matches";"Total Matches"
"Show Top Companies";"Show Top Companies"
"Hide Top Companies";"Hide Top Companies"
"Search...";"Search..."
"Invite";"Invite"
"Calendar";"Calendar"
"Wall";"Wall"
"Order events:";"Order events:"
"Start date";"Start date"
"Event Info";"Event Info"
"End date";"End date"
"Location";"Location"
"Privacy";"Privacy"
"Public";"Public"
"Private";"Private"
"Invitations";"Invitations"
"Invite People";"Invite People"
"Participate";"Participate"
"Search Results";"Search Results"
"Searched for: ";"Searched for: "
"Found";"Found"
"Search for events...";"Search for events..."
"There are no events at this moment";"There are no events at this moment"
"Create event";"Create event"
"Event Title";"Event Title"
"Event Type";"Event Type"
"Choose Type";"Choose Type"
"Date & Time";"Date & Time"
"Time";"Time"
"Add end time";"Add end time"
"Make recurring";"Make recurring"
"End Date";"End Date"
"Recurrence";"Recurrence"
"Recurring Schedule";"Recurring Schedule"
"Number of events";"Number of events"
"Select friends";"Select friends"
"Make the event public";"Make the event public"
"Let invited people invite more people";"Let invited people invite more people"
"Invite friend";"Invite friend"
"Recurrence limited by";"Recurrence limited by"
"Starting time";"Starting time"
"Ending time";"Ending time"
"Select All";"Select All"
"Deselect All";"Deselect All"
"User Info";"User Info"
"Age";"Age"
"There are no invitees here. Yet!";"There are no invitees here. Yet!"
"Create New Event +";"Create New Event +"
"There are no participants here. Yet!";"There are no participants here. Yet!"
"Search here...";"Search here..."
"Write on Event Wall...";"Write on Event Wall..."
"Write on Group Wall...";"Write on Group Wall..."
"Post by";"Post by"
"View All Comments";"View All Comments"
"No Comments";"No Comments"
"Hide comments";"Hide comments"
"Comment >";"Comment >"
"Comment";"Comment"
"Add Board";"Add Board"
"Board name";"Board name"
"Create";"Create"
"Add Category";"Add Category"
"Edit Board";"Edit Board"
"Edit Category";"Edit Category"
"Child boards";"Child boards"
"Delete";"Delete"
"Topics";"Topics"
"Posts";"Posts"
"By";"By"
"In";"In"
"Threads";"Threads"
"modified";"modified"
"[_1] at [_2] said";"[_1] at [_2] said"
"Quote";"Quote"
"Reply";"Reply"
"Text for the post";"Text for the post"
"Re";"Re"
"Create new thread";"Create new thread"
"Subject";"Subject"
"Subject...";"Subject..."
"Views";"Views"
"Replies";"Replies"
"Unknown";"Unknown"
"There are no forum topics at this moment";"There are no forum topics at this moment"
"Create New Topic";"Create New Topic"
"Title of the new topic";"Title of the new topic"
"Create New Category +";"Create New Category +"
"Search for forums...";"Search for forums..."
"forums";"forums"
"All Forums";"All Forums"
"Thread";"Thread"
"There are no forums at this moment";"There are no forums at this moment"
"Thread title";"Thread title"
"Statistics";"Statistics"
"Last Post";"Last Post"
"All Platforms";"All Platforms"
"Edit Game Info";"Edit Game Info"
"All Downloads";"All Downloads"
"Search Downloads...";"Search Downloads..."
"Order games:";"Order games:"
"By Release Date";"By Release Date"
"Select a genre";"Select a genre"
"All games";"All games"
"Game Info";"Game Info"
"Released";"Released"
"Developers";"Developers"
"Distributors";"Distributors"
"Image Dimensions: 200x300px";"Image Dimensions: 200x300px"
"Game Events";"Game Events"
"Game Index";"Game Index"
"Free-to-play Games";"Free-to-play Games"
"Popular";"Popular"
"Recently Added";"Recently Added"
"Download Info";"Download Info"
"Size";"Size"
"Date";"Date"
"Download file";"Download file"
"Delete download";"Delete download"
"Add Download +";"Add Download +"
"Add tab +";"Add tab +"
"Edit tab +";"Edit tab +"
"There are no downloads at this moment";"There are no downloads at this moment"
"Download";"Download"
"Edit game info";"Edit game info"
"You can play this game [_1]for free[_2] right here on PlayNation.";"You can play this game [_1]for free[_2] right here on PlayNation."
"Add Media +";"Add Media +"
"There are no screenshots at this moment";"There are no screenshots at this moment"
"There are no videos at this moment";"There are no videos at this moment"
"There are no concept art at this moment";"There are no concept art at this moment"
"There are no wallpapers at this moment";"There are no wallpapers at this moment"
"There are no players here. Yet!";"There are no players here. Yet!"
"There are no news at this moment";"There are no news at this moment"
"Show Pop Games";"Show Pop Games"
"Hide Pop Games";"Hide Pop Games"
"Show Top Games";"Show Top Games"
"Hide Top Games";"Hide Top Games"
"Add Affiliated Group";"Add Affiliated Group"
"Search groups";"Search groups"
"Create Group";"Create Group"
"Group Name";"Group Name"
"Search game";"Search game"
"Type 1";"Type 1"
"Type 2";"Type 2"
"Group Description";"Group Description"
"You have reached your groups limit. To create more groups, please buy additional groups.";"You have reached your groups limit. To create more groups, please buy additional groups."
"Invite Members";"Invite Members"
"Search Player";"Search Player"
"Edit Affiliated Group";"Edit Affiliated Group"
"Edit Group Info";"Edit Group Info"
"Group Leader";"Group Leader"
"Group Info";"Group Info"
"Leader";"Leader"
"Created";"Created"
"Request To Join Group";"Request To Join Group"
"All Groups";"All Groups"
"Create New Group +";"Create New Group +"
"Recent";"Recent"
"groups";"groups"
"Edit group info";"Edit group info"
"Affiliated groups";"Affiliated groups"
"Add Affiliate";"Add Affiliate"
"Write on group wall...";"Write on group wall..."
"Invite Members +";"Invite Members +"
"Applications";"Applications"
"There are no ";"There are no "
"Your search matched";"Your search matched"
"Recently Added Groups";"Recently Added Groups"
"Request To Join [_1]";"Request To Join [_1]"
"I want to join because";"I want to join because"
"Symbols left";"Symbols left"
"Send";"Send"
"Are you sure want to delete the friend?";"Are you sure want to delete the friend?"
"Are you sure want to delete the post?";"Are you sure want to delete the post?"
"Are you sure want to delete the reply?";"Are you sure want to delete the reply?"
"Are you sure want to delete the board?";"Are you sure want to delete the board?"
"No";"No"
"New";"New"
"Are you sure want to delete the message?";"Are you sure want to delete the message?"
"Are you sure want to delete all messages?";"Are you sure want to delete all messages?"
"Are you sure want to delete the member from the group?";"Are you sure want to delete the member from the group?"
"Are you sure want to delete the tab?";"Are you sure want to delete the tab?"
"Are you sure want to delete the media?";"Are you sure want to delete the media?"
"Are you sure want to delete the affiliate?";"Are you sure want to delete the affiliate?"
"Are you sure want to delete the group?";"Are you sure want to delete the group?"
"Are you sure want to leave the group?";"Are you sure want to leave the group?"
"Are you sure want to delete the news item?";"Are you sure want to delete the news item?"
"Loading Paypal, please wait.";"Loading Paypal, please wait."
"Are you sure you want to delete the cart item?";"Are you sure you want to delete the cart item?"
"Show more friends";"Show more friends"
"Show more subscribtions";"Show more subscribtions"
"Show more notifications";"Show more notifications"
"Show more messages";"Show more messages"
"add picture";"add picture"
"Show more companies";"Show more companies"
"Are you sure want to delete download?";"Are you sure want to delete download?"
"Show more games";"Show more games"
"Paste your video link here...";"Paste your video link here..."
"Upload image";"Upload image"
"Symbols left:";"Symbols left:"
"January";"January"
"February";"February"
"March";"March"
"May";"May"
"April";"April"
"June";"June"
"July";"July"
"August";"August"
"September";"September"
"October";"October"
"November";"November"
"December";"December"
"Mon";"Mon"
"Tue";"Tue"
"Wed";"Wed"
"Thu";"Thu"
"Fri";"Fri"
"Sat";"Sat"
"Sun";"Sun"
"E-mail";"E-mail"
"Confirm Password";"Confirm Password"
"Referral Code";"Referral Code"
"I accept the Terms of Service";"I accept the Terms of Service"
"Register";"Register"
"Forgot your password?";"Forgot your password?"
"Sign In";"Sign In"
"PlayNation is a [_1]social network[_2] and news site targeted directly at [_1]gaming[_2] and gamers around the globe.";"PlayNation is a [_1]social network[_2] and news site targeted directly at [_1]gaming[_2] and gamers around the globe."
"[_1]PlayNation[_2] aims to bring you all the relevant news from the global gaming scene. We do not just offer the latest top news. Our goal is to deliver the [_1]latest news[_2] about the gaming industry, [_1]games[_2], gaming [_1]equipment[_2], gaming [_1]events[_2], gaming [_1]groups[_2], players and everything else out there to satisfy your gaming needs.";"[_1]PlayNation[_2] aims to bring you all the relevant news from the global gaming scene. We do not just offer the latest top news. Our goal is to deliver the [_1]latest news[_2] about the gaming industry, [_1]games[_2], gaming [_1]equipment[_2], gaming [_1]events[_2], gaming [_1]groups[_2], players and everything else out there to satisfy your gaming needs."
"Register Now";"Register Now"
"Or, you can watch our promotion video [_1]right here[_2], to learn more about PlayNation.";"Or, you can watch our promotion video [_1]right here[_2], to learn more about PlayNation."
"Here are 9 good reasons to join [_1]PlayNation[_2] today.";"Here are 9 good reasons to join [_1]PlayNation[_2] today."
"Read the latest news";"Read the latest news"
"Information and news from everything gaming related to every gamer in the world, without spending hours searching the internet.";"Information and news from everything gaming related to every gamer in the world, without spending hours searching the internet."
"Find your favourite games";"Find your favourite games"
"Use our growing database of games to keep up with upgrades and add-ons, get the latest downloads and join the fanbase.";"Use our growing database of games to keep up with upgrades and add-ons, get the latest downloads and join the fanbase."
"Follow your favourite companies";"Follow your favourite companies"
"Use our growing database of developers, publishers and distributors to follow the latest news, coming titles and future plans.";"Use our growing database of developers, publishers and distributors to follow the latest news, coming titles and future plans."
"Interact with other players";"Interact with other players"
"Join the PlayNation Network with a personal profile and socialize in an environment that is directly tailored for gaming needs.";"Join the PlayNation Network with a personal profile and socialize in an environment that is directly tailored for gaming needs."
"Debate with your fellow gamers";"Debate with your fellow gamers"
"The forum is open to all registered users. Join the debate, share your experience and get help to solve that pesky mission!";"The forum is open to all registered users. Join the debate, share your experience and get help to solve that pesky mission!"
"Create and attend events";"Create and attend events"
"All the hottest, upcoming events in your area, just one click away. As an user on PlayNation you will also be able to create your own.";"All the hottest, upcoming events in your area, just one click away. As an user on PlayNation you will also be able to create your own."
"Create and join groups";"Create and join groups"
"Setup a complete group page for your guild, house, fraction or clan, with all the basic features right at your fingertips!";"Setup a complete group page for your guild, house, fraction or clan, with all the basic features right at your fingertips!"
"Play e-sports";"Play e-sports"
"PlayNation’s e-sport section allows players to face-off against other players in any skill based game they can imagine.";"PlayNation’s e-sport section allows players to face-off against other players in any skill based game they can imagine."
"Browse our shop";"Browse our shop"
"In our shop you can buy additional account features, memberships, games, mumble servers and a lot more. Go check it out!";"In our shop you can buy additional account features, memberships, games, mumble servers and a lot more. Go check it out!"
"News Type";"News Type"
"Search game...";"Search game..."
"Search company...";"Search company..."
"Image";"Image"
"Intro text";"Intro text"
"Body text";"Body text"
"Published";"Published"
"Save and Close";"Save and Close"
"All";"All"
"Company";"Company"
"Frontpage item look";"Frontpage item look"
"List item look";"List item look"
"Inside look";"Inside look"
"Top 5 Companies";"Top 5 Companies"
"User Rating";"User Rating"
"Top 5 Games";"Top 5 Games"
"Search Games...";"Search Games..."
"Show all companies";"Show all companies"
"Show all games";"Show all games"
"Show All Country News";"Show All Country News"
"Show all countries";"Show all countries"
"Dislike";"Dislike"
"I want to share news with you:";"I want to share news with you:"
"Share";"Share"
"On my wall";"On my wall"
"With a group";"With a group"
"By message";"By message"
"By e-mail";"By e-mail"
"Facebook";"Facebook"
"Twitter";"Twitter"
"Google+";"Google+"
"Tumblr";"Tumblr"
"StumbleUpon";"StumbleUpon"
"Reddit";"Reddit"
"Digg";"Digg"
"MySpace";"MySpace"
"Comment...";"Comment..."
"Search news...";"Search news..."
"Local";"Local"
"Back to All Companies";"Back to All Companies"
"Back to All Games";"Back to All Games"
"Top News";"Top News"
"Back to News";"Back to News"
"comments";"comments"
"comment";"comment"
"Edit in";"Edit in"
"Comments";"Comments"
"View Comments";"View Comments"
"Popularity";"Popularity"
"Show Platform List";"Show Platform List"
"Hide Platform List";"Hide Platform List"
"Popular Top 5";"Popular Top 5"
"Searched for";"Searched for"
"Show ";"Show "
"Hide ";"Hide "
"Contact";"Contact"
"Password Recovery";"Password Recovery"
"Enter your e-mail address for
password recovery";"Enter your e-mail address for
password recovery"
"Recover";"Recover"
"New Message";"New Message"
"To";"To"
"Message >";"Message >"
"Forgot password?";"Forgot password?"
"Log In";"Log In"
"Share news by message";"Share news by message"
"Post text";"Post text"
"Cancel";"Cancel"
"Send message";"Send message"
"Player suggestions are based on";"Player suggestions are based on"
"My Friends";"My Friends"
"My Location";"My Location"
"Paste your link here...";"Paste your link here..."
"Share link";"Share link"
"players";"players"
"Share video";"Share video"
"Share your thoughts >";"Share your thoughts >"
"Game Description >";"Game Description >"
"Friend";"Friend"
"Accept";"Accept"
"Reject";"Reject"
"Delete Friend";"Delete Friend"
"Delete Selected";"Delete Selected"
"Delete All";"Delete All"
"Inbox";"Inbox"
"Sent";"Sent"
"New!";"New!"
"Read";"Read"
"Forward";"Forward"
"Sent Messages";"Sent Messages"
"Message To";"Message To"
"Search for events";"Search for events"
"My events";"My events"
"You have no events at this moment";"You have no events at this moment"
"You have no friends at this moment";"You have no friends at this moment"
"Search for games";"Search for games"
"My games";"My games"
"You have no games at this moment";"You have no games at this moment"
"Search for groups";"Search for groups"
"My groups";"My groups"
"You have no groups at this moment";"You have no groups at this moment"
"My notifications";"My notifications"
"Search for notifications";"Search for notifications"
"Player(s) [_1] commented on your wall [_2]post[_3].";"Player(s) [_1] commented on your wall [_2]post[_3]."
"Player [_1] posted on your wall [_2]post[_3].";"Player [_1] posted on your wall [_2]post[_3]."
"Player(s) [_1] commented the [_2]post[_3] by [_4] on your wall.";"Player(s) [_1] commented the [_2]post[_3] by [_4] on your wall."
"Player(s) [_1] commented your [_2]post[_3] on [_4] wall.";"Player(s) [_1] commented your [_2]post[_3] on [_4] wall."
"Player(s) [_1] also commented the [_2]post[_3] by [_4].";"Player(s) [_1] also commented the [_2]post[_3] by [_4]."
"Player";"Player"
"Group";"Group"
"Event";"Event"
"[_1][_2][_3], whom you subscribe to, has posted a new public [_4]post[_5].";"[_1][_2][_3], whom you subscribe to, has posted a new public [_4]post[_5]."
"Player(s) [_1] liked your [_2]post[_3].";"Player(s) [_1] liked your [_2]post[_3]."
"Player(s) [_1] disliked your [_2]post[_3].";"Player(s) [_1] disliked your [_2]post[_3]."
"Player [_1] is now subscribed to you.";"Player [_1] is now subscribed to you."
"Player [_1] has sent you a friend request.";"Player [_1] has sent you a friend request."
"Player [_1] has accepted your friend request.";"Player [_1] has accepted your friend request."
"Player(s) [_1] has posted in a topic: [_2] in forum: [_3] - [_4].";"Player(s) [_1] has posted in a topic: [_2] in forum: [_3] - [_4]."
"Player [_1] has posted a new topic: [_2] in forum [_3] - [_4].";"Player [_1] has posted a new topic: [_2] in forum [_3] - [_4]."
"News from company [_1].";"News from company [_1]."
"News from game [_1].";"News from game [_1]."
"News from group [_1].";"News from group [_1]."
"Player(s) [_1] commented on a [_2]news item[_3], you subscribe to.";"Player(s) [_1] commented on a [_2]news item[_3], you subscribe to."
"Player [_1] has invited you to join the group [_2].";"Player [_1] has invited you to join the group [_2]."
"Player [_1] has applied to join the group [_2].";"Player [_1] has applied to join the group [_2]."
"Notification_";"Notification_"
"There are no notifications at this moment";"There are no notifications at this moment"
"[_1] has no events at this moment";"[_1] has no events at this moment"
"[_1] has no games at this moment";"[_1] has no games at this moment"
"[_1] has no groups at this moment";"[_1] has no groups at this moment"
"You should recieve an activation email within a few minutes. Please check your spam folder if you cannot find the activation email in your inbox.";"You should recieve an activation email within a few minutes. Please check your spam folder if you cannot find the activation email in your inbox."
"Your new password";"Your new password"
"Subscriptions";"Subscriptions"
"Number Of Subscriptions";"Number Of Subscriptions"
"All Subscriptions";"All Subscriptions"
"Forums as Member";"Forums as Member"
"Forums";"Forums"
"Forum Boards";"Forum Boards"
"Forum Topics";"Forum Topics"
"Search for subscriptions";"Search for subscriptions"
"Recent Subscriptions";"Recent Subscriptions"
"Forum Board";"Forum Board"
"Forum Topic";"Forum Topic"
"You have no subscriptions at this moment";"You have no subscriptions at this moment"
"Images";"Images"
"Links";"Links"
"Personal information";"Personal information"
"Change your personal information.";"Change your personal information."
"Confirm password";"Confirm password"
"Change your timezone and daylight saving time settings.";"Change your timezone and daylight saving time settings."
"Change your language settings.";"Change your language settings."
"Change your profile photo. Use PNG, GIF or JPG with a max. window size at 200x300px.";"Change your profile photo. Use PNG, GIF or JPG with a max. window size at 200x300px."
"Membership Settings";"Membership Settings"
"Basic";"Basic"
"Silver";"Silver"
"Gold";"Gold"
"Platinum";"Platinum"
"Current membership";"Current membership"
"Change or upgrade your current membership.";"Change or upgrade your current membership."
"Membership type";"Membership type"
"Change";"Change"
"Next update";"Next update"
"Update type";"Update type"
"Additional site features";"Additional site features"
"This is an overview of the additional site features you have purchased.";"This is an overview of the additional site features you have purchased."
"Feature type";"Feature type"
"You can buy more additional site features in our shop right [_1]here[_2].";"You can buy more additional site features in our shop right [_1]here[_2]."
"Nick";"Nick"
"Add friend";"Add friend"
"Username";"Username"
"Get Contacts";"Get Contacts"
"Invite Selected";"Invite Selected"
"shared news:";"shared news:"
"New message";"New message"
"Page";"Page"
"[_1] of [_2]";"[_1] of [_2]"
"There are no messages at this moment";"There are no messages at this moment"
"My";"My"
"Referral Program";"Referral Program"
"Players you might know";"Players you might know"
"Players who play the same games as you";"Players who play the same games as you"
"Players who are members of the same groups as you";"Players who are members of the same groups as you"
"Players who live in your area";"Players who live in your area"
"Back to inbox";"Back to inbox"
"Reply...";"Reply..."
"Attach video";"Attach video"
"Already have an account? Sign in [_1]right here[_2]";"Already have an account? Sign in [_1]right here[_2]"
"Home";"Home"
"Video";"Video"
"Post images here...";"Post images here..."
"Post image";"Post image"
"Post link";"Post link"
"Write on Wall...";"Write on Wall..."
"Write on Friend Wall...";"Write on Friend Wall..."
"Codes and Banners";"Codes and Banners"
"Banner";"Banner"
"Code";"Code"
"Select Period";"Select Period"
"Filter";"Filter"
"Referral Codes";"Referral Codes"
"Clicks";"Clicks"
"Sign-ups";"Sign-ups"
"Upgrades";"Upgrades"
"Comission";"Comission"
"Totals";"Totals"
"Create Referral Code";"Create Referral Code"
"Subreferral Codes";"Subreferral Codes"
"Create Subreferral Code";"Create Subreferral Code"
"Edit Referral";"Edit Referral"
"Create New Referral";"Create New Referral"
"Referral link";"Referral link"
"Voucher code";"Voucher code"
"Commission";"Commission"
"Label";"Label"
"Save Changes";"Save Changes"
"Edit Subreferral";"Edit Subreferral"
"Create New Subreferral";"Create New Subreferral"
"User e-mail";"User e-mail"
"Select your commission";"Select your commission"
"items";"items"
"Price";"Price"
"Credits";"Credits"
"Payment Options";"Payment Options"
"PayPal";"PayPal"
"PayStation";"PayStation"
"Billing Details";"Billing Details"
"Street Address";"Street Address"
"Postal Code";"Postal Code"
"City/Town";"City/Town"
"You do not have enough PlayNation Dollars on your account. Please buy PlayNation Dollars now.";"You do not have enough PlayNation Dollars on your account. Please buy PlayNation Dollars now."
"You have already activated this feature. It will renew on [_1]. If you wish to extend it now, [_2] will get deducted from your account.";"You have already activated this feature. It will renew on [_1]. If you wish to extend it now, [_2] will get deducted from your account."
"This will grant you access to [_1] Free Game per Month. [_2] will get deducted from your account.";"This will grant you access to [_1] Free Game per Month. [_2] will get deducted from your account."
"This will allow you to create additional [_1] group(s). [_2] will get deducted from your account.";"This will allow you to create additional [_1] group(s). [_2] will get deducted from your account."
"This will increase your image limit by [_1]. [_2] will be deducted from your account.";"This will increase your image limit by [_1]. [_2] will be deducted from your account."
"This will remove all ads and banners on the site. [_1] will be deducted from your account.";"This will remove all ads and banners on the site. [_1] will be deducted from your account."
"Confirm";"Confirm"
"Close";"Close"
"This will upgrade your Basic membership to a [_1] membership. [_2] will be deducted from your account.";"This will upgrade your Basic membership to a [_1] membership. [_2] will be deducted from your account."
"This will extend your membership. [_1] will be deducted from your account.";"This will extend your membership. [_1] will be deducted from your account."
"This will change your [_1] ([_2] months) membership to a [_3] ([_4] months) membership. The change will happen when your membership renews on [_5].";"This will change your [_1] ([_2] months) membership to a [_3] ([_4] months) membership. The change will happen when your membership renews on [_5]."
"Memberships are non-refundable. You have [_1] month(s) and [_2] day(s) left of your membership and cannot upgrade to a [_3] ([_4] months) membership. You must choose another upgrade.";"Memberships are non-refundable. You have [_1] month(s) and [_2] day(s) left of your membership and cannot upgrade to a [_3] ([_4] months) membership. You must choose another upgrade."
"This will upgrade your [_1] ([_2] months) membership to a [_3] ([_4] months) membership. You have [_5] days left of your [_6] membership and this will reduce the price of your upgrade with [_7]. [_8] will be deducted from your account.";"This will upgrade your [_1] ([_2] months) membership to a [_3] ([_4] months) membership. You have [_5] days left of your [_6] membership and this will reduce the price of your upgrade with [_7]. [_8] will be deducted from your account."
"You already have a downgrade to a [_1] ([_2] months) membership pending. It will happen automatically when your membership renews on [_3].";"You already have a downgrade to a [_1] ([_2] months) membership pending. It will happen automatically when your membership renews on [_3]."
"You already have a downgrade to a [_1] ([_2] months) membership pending. If you continue, you will replace that downgrade with a downgrade to a [_3] ([_4] months) membership. It will happen automatically when your membership renews on [_5].";"You already have a downgrade to a [_1] ([_2] months) membership pending. If you continue, you will replace that downgrade with a downgrade to a [_3] ([_4] months) membership. It will happen automatically when your membership renews on [_5]."
"This will downgrade your [_1] ([_2] months) membership to a [_3] ([_4] months) membership. Memberships are non-refundable and your downgrade will happen when your membership renews on [_5].";"This will downgrade your [_1] ([_2] months) membership to a [_3] ([_4] months) membership. Memberships are non-refundable and your downgrade will happen when your membership renews on [_5]."
"Canceled!";"Canceled!"
"Your payment has been canceled!";"Your payment has been canceled!"
"Complete Order Now";"Complete Order Now"
"This will complete your order and your payments will be deducted from your account.";"This will complete your order and your payments will be deducted from your account."
"You do not have enough credits.";"You do not have enough credits."
"Shopping cart is empty";"Shopping cart is empty"

"Quantity";"Quantity"
"Select a category";"Select a category"
"All products";"All products"
"Search for products...";"Search for products..."
"products";"products"
"Products";"Products"
"Order History";"Order History"
"Converter";"Converter"
"Amount of PD to convert";"Amount of PD to convert"
"Convert";"Convert"
"History";"History"
"Search for Products...";"Search for Products..."
"All Products";"All Products"
"Special Offers";"Special Offers"
"Membership Upgrades";"Membership Upgrades"
"Order History";"Order history"
"Total Price";"Total Price"
"Status";"Status"
"Order Nr.";"Order Nr."
"Completed";"Completed"
"Shipped";"Shipped"
"Payed";"Payed"
"Ordered";"Ordered"
"You have not made any transactions.";"You have not made any transactions."
"Cash Out";"Cash Out"
"IBAN";"IBAN"
"SWIFT";"SWIFT"
"Amount";"Amount"
"Cash Out Now";"Cash Out Now"
"This will complete your Cash Out and the amount will be transferred to your bank account.";"This will complete your Cash Out and the amount will be transferred to your bank account."
"Notice! It is only possible to cash out PlayNation Dollars. The minimum Cash Out Amount is [_1] PlayNation Dollars. The Cash Out Fee is [_2] PlayNation Dollars and will be deducted from your Account. Read our [_3] to learn more about PlayNation’s Cash Out Policy.";"Notice! It is only possible to cash out PlayNation Dollars. The minimum Cash Out Amount is [_1] PlayNation Dollars. The Cash Out Fee is [_2] PlayNation Dollars and will be deducted from your Account. Read our [_3] to learn more about PlayNation’s Cash Out Policy."
"Terms of Service";"Terms of Service"
"All Products";"All Products"
"There are no products at this moment";"There are no products at this moment"
"Months";"Months"
"Save [_1]%";"Save [_1]%"
"Free";"Free"
"Individual Features";"Individual Features"
"[_1]";"[_1]"
"[_1]/[_2] months";"[_1]/[_2] months"
"You have reached your photo limit. To upload more photos, please buy additional photos.";"You have reached your photo limit. To upload more photos, please buy additional photos."
"Order Nr. ";"Order Nr. "
"Downloads left [_1] of [_2]";"Downloads left [_1] of [_2]"
"Order Details";"Order Details"
"Date of Order";"Date of Order"
"Date of Order Complete";"Date of Order Complete"
"Date of Shipment";"Date of Shipment"
"Date of Payment";"Date of Payment"
"Success!";"Success!"
"[_1] has been deducted from your account and your order has been completed. You will receive an e-mail with your receipt.";"[_1] has been deducted from your account and your order has been completed. You will receive an e-mail with your receipt."
"You are now a [_1] member. Your membership will automatically renew every [_2] months unless you cancel or don`t have enough PD on your account. The first renewal date is [_3].";"You are now a [_1] member. Your membership will automatically renew every [_2] months unless you cancel or don`t have enough PD on your account. The first renewal date is [_3]."
"You can always check the status of your membership, upgrade, downgrade and cancel in your user settings.";"You can always check the status of your membership, upgrade, downgrade and cancel in your user settings."
"Thank you for your order. We hope you enjoy your new membership.";"Thank you for your order. We hope you enjoy your new membership."
"You will receive an e-mail with your receipt. You have succesfully extended your [_1] membership. The next renewal date is [_2].";"You will receive an e-mail with your receipt. You have succesfully extended your [_1] membership. The next renewal date is [_2]."
"Thank you for your order.";"Thank you for your order."
"You have scheduled a change to a [_1] ([_2] months) membership. It will happen when your membership renews on [_3]. [_4] will be deducted from your account when your order completes and you will receive an e-mail with your receipt.";"You have scheduled a change to a [_1] ([_2] months) membership. It will happen when your membership renews on [_3]. [_4] will be deducted from your account when your order completes and you will receive an e-mail with your receipt."
"You have scheduled a downgrade to a [_1] membership. It will happen when your membership renews on [_2]. [_3] will be deducted from your account when your order completes and you will receive an e-mail with your receipt.";"You have scheduled a downgrade to a [_1] membership. It will happen when your membership renews on [_2]. [_3] will be deducted from your account when your order completes and you will receive an e-mail with your receipt."
"You have now increased your photo limit with [_1]. Your new limit is [_2].";"You have now increased your photo limit with [_1]. Your new limit is [_2]."
"You have now increased your group limit with [_1]. Your new limit is [_2].";"You have now increased your group limit with [_1]. Your new limit is [_2]."
"You have now activated No Ads or Banners. The feature will automatically renew every [_1] months unless you cancel or don`t have enough PD on your account. The first renewal date is [_2].";"You have now activated No Ads or Banners. The feature will automatically renew every [_1] months unless you cancel or don`t have enough PD on your account. The first renewal date is [_2]."
"Best Regards,";"Best Regards,"
"Customer Services";"Customer Services"
"PlayNation.eu";"PlayNation.eu"
"Advertisements";"Advertisements"
"Go to my profile page";"Go to my profile page"
"Sign out";"Sign out"
"new notifications";"new notifications"
"new notification";"new notification"
"new messages";"new messages"
"new message";"new message"
"free games";"free games"
"free game";"free game"
"Log in";"Log in"
"Loading...";"Loading..."
"Read more »";"Read more »"
"Upcoming Event";"Upcoming Event"
"Share news on group wall";"Share news on group wall"
"Post on group wall";"Post on group wall"
"Share news on your wall";"Share news on your wall"
"Post on wall";"Post on wall"
"Show comments";"Show comments"
"Notification_ReplyMyWall";"Reply on your wall"
"Notification_PostOnMyWall";"Post on your wall"
"Notification_ReplyPostMyWall";"Reply to your post on your wall"
"Notification_ReplyPostOtherWall";"Reply to your post"
"Notification_ReplyMyReply";"Reply to your reply"
"Notification_PublicBySubscribe";"Subscription"
"Notification_Like";"Like"
"Notification_Dislike";"Dislike"
"Notification_SubscribePlayer";"Subscription"
"Notification_FriendRequest";"Friend request"
"Notification_FriendReply";"Friend request replied"
"Notification_NewPM";"New private message"
"Notification_NewForumPost";"New forum post"
"Notification_NewForumTopic";"New forum topic"
"Notification_CompanyNews";"Company news"
"Notification_GameNews";"Game news"
"Notification_GroupNews";"Group news"
"Notification_NewsReply";"News reply"
"Notification_GroupInvite";"Group invitation"
"Notification_GroupApplication";"Group application"