"Companies";"Firmaer"
"Recent Companies";"Seneste firmaer"
"Popular Companies";"Populære firmaer"
"News";"Nyheder"
"Search results";"Søgeresultater"
"Games";"Spil"
"Media";"Medier"
"Videos";"Videoer"
"Screenshots";"Skærmbilleder"
"Concept Art";"Konceptkunst"
"Wallpapers";"Skrivebordsbaggrunde"
"Add News";"Tilføj nyhed"
"Edit News";"Rediger nyhed"
"Events";"Begivenheder"
"All events";"Alle begivenheder"
"events";"begivenheder"
"Edit event - ";"Rediger begivenhed -"
"Edit event";"Rediger begivenhed"
"Create new event";"Opret ny begivenhed"
"Please choose the type of event";"Vælg venligst en begivenhedstype"
"Event cannot start in the past";"Begivenheden kan ikke starte i fortiden"
"Event title cannot be shorter than 3 symbols";"Begivenhedens titel kan ikke være mindre end 3 symboler"
"End date cannot be before start date";"Slutdatoen kan ikke ligge før startdatoen"
"Participants";"Deltagere"
"Invited";"Inviteret"
"Forum";"Forum"
"Create Thread";"Opret tråd"
"Recent Games";"Seneste spil"
"Popular Games";"Populære spil"
"Downloads";"Downloads"
"Players";"Spillere"
"Groups";"Grupper"
"Recent Groups";"Seneste grupper"
"Group News";"Gruppenyheder"
"Members";"Medlemmer"
"Member Applications";"Medlemsanmodninger"
"Member Invitations";"Medlemsinvitationer"
"PlayNation";"PlayNation"
"Post";"Slå op"
"Recent News";"Seneste nyheder"
"Popular News";"Populære nyheder"
"Platform News";"Platformsnyheder"
"Companies Search Results";"Firmasøgeresultater"
"Company News";"Firmanyheder"
"Games Search Results";"Spilsøgeresultater"
"Game News";"Spilnyheder"
"Countries";"Lande"
"Create News";"Opret nyhed"
"All Players";"Alle spillere"
"Edit profile";"Rediger profil"
"Profile Page";"Profilside"
"Login Required!";"Login påkrævet!"
"Registration successful";"Succesfuld registrering"
"Activation successful";"Succesfuld aktivering"
"Password Reseted";"Adgangskode nulstillet"
"Error: E-mail not found";"Fejl: E-mail ikke fundet"
"Incorrect e-mail or password";"Forkert e-mail eller adgangskode"
"My friends";"Mine venner"
"Friends";"Venner"
"My Subscriptions";"Mine abonnementer"
"My Groups";"Mine grupper"
"My Games";"Mine spil"
"Notification_ReplyMyWall";"Ny kommentar til dit vægopslag"
"Notification_PostOnMyWall";"Nyt opslag på din væg"
"Notification_ReplyPostMyWall";"Ny kommentar på din væg"
"Notification_ReplyPostOtherWall";"Ny kommentar til dit opslag"
"Notification_ReplyMyReply";"Nogen har kommenteret dit opslag"
"Notification_PublicBySubscribe";"Nyt opslag på en væg, du abonnerer på"
"Notification_Like";"Nogen synes godt om dit opslag"
"Notification_Dislike";"Nogen synes ikke godt om dit opslag"
"Notification_SubscribePlayer";"Du har en ny abonnent"
"Notification_FriendRequest";"Ny venneanmodning"
"Notification_FriendReply";"Ny ven"
"Notification_NewPM";"Ny personlig besked"
"Notification_NewForumPost";"Nyt forumindlæg"
"Notification_NewForumTopic";"Nyt forumemne"
"Notification_CompanyNews";"Ny firmanyhed"
"Notification_GameNews";"Ny spilnyhed"
"Notification_GroupNews";"Ny gruppenyhed"
"Notification_NewsReply";"Ny kommentar til nyhedsopslag"
"Notification_GroupInvite";"Gruppeinvitation"
"Notification_GroupApplication";"Gruppeanmodning"
"Notifications";"Notifikationer"
"Messages";"Beskeder"
"My Events";"Mine begivenheder"
"Invite Friends";"Inviter venner"
"Registration";"Registrering"
"Shop";"Shop"
"Buy Credits";"Køb credits"
"Orders History";"Ordrehistorik"
"Order View";"Ordrevisning"
"Memberships";"Medlemskaber"
"Shopping Cart";"Varekurv"
"Cancel Payment";"Annuler betaling"
"Successful Payment";"Succesfuld betaling"
"Order Complete";"Ordre afsluttet"
"Unpublished News";"Upublicerede nyheder"
"< Previous";"< Forrige"
"Next >";"Næste >"
"Are you sure want to delete the friend?";"Er du sikker på, at du vil slette vennen?"
"Are you sure want to delete the post?";"Er du sikker på, at du vil slette opslaget?"
"Are you sure want to delete the reply?";"Er du sikker på, at du vil slette kommentaren?"
"Are you sure want to delete the board?";"Er du sikker på, at du vil slette mappen?"
"Yes";"Ja"
"No";"Nej"
"New";"Ny"
"Are you sure want to delete the message?";"Er du sikker på, at du vil slette beskeden?"
"Are you sure want to delete all messages?";"Er du sikker på, at du vil slette alle beskeder?"
"Are you sure want to delete the member from the group?";"Er du sikker på, at du vil slette gruppemedlemmet?"
"Are you sure want to delete the tab?";"Er du sikker på, at du vil slette fanebladet?"
"Are you sure want to delete the media?";"Er du sikker på, at du vil slette filen?"
"Are you sure want to delete the affiliate?";"Er du sikker på, at du vil slette partneren?"
"Are you sure want to delete the group?";"Er du sikker på, at du vil slette gruppen?"
"Are you sure want to leave the group?";"Er du sikker på, at du vil forlade gruppen?"
"Are you sure want to delete the news item?";"Er du sikker på, at du vil slette nyheden?"
"Edit";"Rediger"
"Loading Paypal, please wait.";"Henter Paypal, vent venligst."
"Number of events";"Antal begivenheder"
"Show more posts";"Vis flere opslag"
"Show more friends";"Vis flere venner"
"Show more subscribtions";"Vis flere abonnementer"
"Show more notifications";"Vis flere notifikationer"
"Show more messages";"Vis flere beskeder"
"change picture";"Ombyt billede"
"add picture";"Tilføj billede"
"Show more companies";"Vis flere firmaer"
"Are you sure want to delete download?";"Er du sikker på, at du vil slette filen?"
"Show more games";"Vis flere spil"
"Paste your video link >";"Indsæt dit videolink >"
"Upload image";"Læg billede op"
"Upload image";"Læg billede op"
"Symbols left:";"Symboler tilbage:"
"January";"Januar"
"February";"Februar"
"March";"Marts"
"May";"Maj"
"April";"April"
"June";"Juni"
"July";"Juli"
"August";"August"
"September";"September"
"October";"Oktober"
"November";"November"
"December";"December"
"Mon";"Man"
"Tue";"Tirs"
"Wed";"Ons"
"Thu";"Tors"
"Fri";"Fre"
"Sat";"Lør"
"Sun";"Søn"
"Search here...";"Søg her..."
"Search";"Søg"
"Languages";"Sprog"
"Send invitations";"Send invitationer"
"Please fill in your personal information";"Udfyld venligst dine personlige oplysninger"
"First Name";"Fornavn"
"Last Name";"Efternavn"
"Display Name";"Skærmnavn"
"Your display name is the name you choose to display on your profile. It can be your first name, full name, nickname or any combination. It can also be something completely different. If you do not choose a display name, your nickname will be displayed by default.";"Dit skærmnavn er det navn, du vælger at vise på din profil. Det kan være dit fornavn, fulde navn, brugernavn eller en kombination. Det kan også være noget helt andet. Hvis du ikke vælger et skærmnavn, vil dit brugernavn blive vist."
"City";"By"
"Country";"Lande"
"Date of birth";"Fødselsdato"
"Site Language";"Sidesprog"
"Your site language is the language in which you want to view the site. The default is English. If any content has not been translated into your site language, the English version will be displayed.";"Dit sidesprog er det sprog, du ønsker at se siden i. Standard er engelsk. Hvis noget indhold ikke er oversat til dit sidesprog, vil den engelske version blive vist."
"Additional Content Languages";"Ekstra indholdssprog"
"You have the option to select a number of additional content languages. If our content has not been translated into your site language, it may be available in other languages that you prefer. You will get the option to choose between the available languages that you have selected.";"Du kan vælge flere ekstra indholdssprog. Hvis noget indhold ikke er oversat til dit sidesprog, kan det være tilgængeligt i andre sprog, som du foretrækker. Du vil få mulighed for at vælge mellem tilgængelige sprogversioner."
"Personal Avatar";"Personlig avatar"
"Use PNG, GIF or JPG format";"Anvend PNG, GIF eller JPG-formatet"
"Max. window size: 200x300px";"Maks. størrelse: 200x300px"
"Upload Image";"Læg billede op"
"Next";"Næste"
"Find your friends on PlayNation";"Find dine venner på PlayNation"
"Search...";"Søg..."
"Add Friends";"Tilføj venner"
"Invite your friends to PlayNation";"Inviter dine venner til PlayNation"
"For each friend that registers on PlayNation, we will reward you with 100 PlayCoins";"For hver en ven, der registrerer på PlayNation, vil vi give dig 100 coins"
"PlayCoins is one of PlayNation’s virtual currencies and can be used to buy certain products and services on the site.";"Coins er en af PlayNations virtuelle valutaer og kan bruges til at købe visse produkter og tjenester på siden."
"Add your favorite games";"Tilføj dine yndlingsspil"
"Add Games";"Tilføj spil"
"Apply for groups";"Anmod om medlemskab"
"step 4";"trin 4"
"Finish";"Afslut"
"Total";"I alt"
"Continue Order";"Fortsæt ordre"
"Description";"Beskrivelse"
"Read more";"Læs mere"
"Hide description";"Skjul beskrivelse"
"Remove event";"Fjern begivenhed"
"Stop playing";"Stop med at spille"
"Add to my games";"Tilføj til mine spil"
"Remove";"Fjern"
"Game Type";"Spiltype"
"Release Date";"Udgivelsesdato"
"Platforms";"Platforme"
"ESRB Rating";"ESRB bedømmelse"
"I play this";"Jeg spiller dette"
"Leave Group";"Forlad gruppen"
"Remove application";"Fjern applikationen"
"Request To Join Group";"Anmod om at blive medlem af gruppen"
"Reason";"Begrundelse"
"Rank";"Rang"
"Send Message";"Send besked"
"Unsubscribe";"Afmeld abonnement"
"Subscribe";"Abonner"
"Pending";"Afventer"
"Add Friend";"Tilføj ven"
"Delete Friend";"Slet ven"
"Accept";"Accepter"
"Friend";"Ven"
"User Info";"Brugerinfo"
"Age";"Alder"
"Rating";"Bedømmelse"
"Reject";"Afvis"
"Product info";"Produktinfo"
"Price";"Pris"
"Type";"Type"
"D/L";"D/L"
"Add to Cart";"Læg i kurv"
"Post video";"Tilføj video"
"Post as ";"Tilføj som"
"Add Download";"Tilføj download"
"Select Tab";"Vælg faneblad"
"File Name";"Filnavn"
"File Size";"Filstørrelse"
"File URL";"Filens URL"
"Download Description";"Beskrivelse af download"
"Add";"Tilføj"
"Add New Tab";"Tilføj nyt faneblad"
"Name";"Navn"
"Add News +";"Tilføj nyhed +"
"News Specifications";"Nyhedsspecifikationer"
"Language";"Sprog"
"Switch to Translated Language";"Skift til oversat sprog"
"News Content";"Nyhedsindhold"
"Headline";"Overskrift"
"Main Image";"Hovedbillede"
"Delete Image";"Slet billede"
"Short Description";"Kort beskrivelse"
"News Text";"Nyhedstekst"
"Publish Language Article";"Publicer sprogartikel"
"Publish Main Article";"Publicer hovedartikel"
"Save";"Gem"
"News Type";"Nyhedstype"
"Search game...";"Søg spil..."
"Search company...";"Søg firma..."
"Image";"Billede"
"Intro text";"Introduktionstekst"
"Body text";"Kropstekst"
"Published";"Publiceret"
"Save and Close";"Gem og luk"
"Add Game";"Tilføj spil"
"Genre";"Genre"
"Platform";"Platform"
"URL";"URL"
"Game Description";"Spilbeskrivelse"
"Add Media";"Tilføj medie"
"Youtube link/upload files";"Youtube link/læg fil op"
"Edit Company Info";"Rediger firmainfo"
"Company Type";"Firmatype"
"Headquarters";"Hovedkvarter"
"Founded";"Stiftet"
"Ownership";"Ejerskab"
"Employees";"Ansatte"
"Company Url";"Hjemmeside"
"Edit Download";"Rediger download"
"Edit Tab";"Rediger faneblad"
"Edit Media";"Rediger medie"
"Image Dimensions: 200x300px";"Billedstørrelse: 200x300px"
"upload picture";"Læg billede op"
"Company Info";"Firmainfo"
"Joined";"Tilmeldt"
"Website";"Hjemmeside"
"Like";"Synes godt om"
"Unlike";"Synes ikke godt om"
"Your rating";"Din bedømmelse"
"Raters";"Bedømmere"
"Search Companies...";"Søg firmaer..."
"Search Results";"Søgeresultater"
"Searched for: ";"Søgt efter:"
"Show Description";"Vis beskrivelse"
"Hide Description";"Skjul beskrivelse"
"Recent";"Seneste"
"Popular";"Populære"
"Info";"Info"
"Total: [_1]";"I alt: [_1]"
"Information";"Information"
"Forum Posts";"Forumindlæg"
"Edit company info";"Rediger firmainfo"
"Show more";"Vis mere"
"Hide";"Skjul"
"Top Companies";"Topfirmaer"
"All Companies";"Alle firmaer"
"Articles: [_1]";"Artikler: [_1]"
"Page: [_1] of [_2]";"Side: [_1] ud af [_2]"
"Search News...";"Søg nyheder..."
"Show Pop Companies";"Vis populære firmaer"
"Hide Pop Companies";"Skjul populære firmaer"
"Total Matches";"Resultater i alt"


"Show Top Companies";"Vis topfirmaer"
"Hide Top Companies";"Skjul topfirmaer"
"Invite";"Inviter"
"Calendar";"Kalender"
"Wall";"Væg"
"Event Info";"Begivenhedsinfo"
"Start date";"Startdato"
"End date";"Slutdato"
"Location";"Sted"
"Privacy";"Privatliv"
"Public";"Offentlig"
"Private";"Privat"
"Invitations";"Invitationer"
"Invite people";"Inviter mennesker"
"Attend";"Deltag"
"Found";"Fundet"
"Create event";"Opret begivenhed"
"Event Title";"Begivenhedstitel"
"Event Type";"Begivenhedstype"
"Choose Type";"Vælg type"
"Date & Time";"Dato og tidspunkt"
"Time";"Tid"
"Add end time";"Tilføj sluttidspunkt"
"Make recurring";"Gør gentagende"
"End Date";"Slutdato"
"Recurrence";"Gentagelse"
"Recurring Schedule";"Gentagelsesskema"
"Select friends";"Vælg venner"
"Make the event public";"Gør begivenheden offentlig"
"Let invited people invite more people";"Lad inviterede mennesker invitere flere mennesker"
"Invite friend";"Inviter venner"
"Recurrence limited by";"Gentagelse begrænset af"
"Starting time";"Starttidspunkt"
"Ending time";"Sluttidspunkt"
"Select All";"Vælg alle"
"Deselect All";"Fravælg alle"
"Posts";"Opslag"
"Threads";"Tråde"
"Create New Event +";"Opret ny begivenhed +"
"Date";"Dato"
"Participate";"Deltag"
"Write on Event Wall...";"Skriv på begivenhedens væg..."
"Write on Group Wall...";"Skriv på gruppens væg..."
"Post by";"Kommentar af"
"View All Comments";"Vis alle kommentarer"
"No Comments";"Ingen kommentarer"
"Hide comments";"Skjul kommentarer"
"Comment >";"Kommenter >"

"Comment";"Kommenter"
"Add Board";"Tilføj mappe"
"Board name";"Mappenavn"
"Create";"Opret"
"Add Category";"Tilføj kategori"
"Edit Board";"Rediger mappe"
"Edit Category";"Rediger kategori"
"Child boards";"Undermapper"
"Delete";"Slet"
"Topics";"Emner"
"By";"Af"
"In";"I"
"modified";"redigeret"
"[_1] at [_2] said",
"Quote",
"Reply";"Besvar"
"Text for the post";"Opslagets tekst"
"Re";"Re"
"Create new thread";"Opret ny tråd"
"Subject";"Emner"
"Subject...";"Emne..."
"Views";"Visninger"
"Replies";"Kommentarer"
"Unknown";"Ukendt"
"Create New Topic";"Opret nyt emne"
"Title of the new topic";"Det nye emnes overskrift"
"Create New Category +";"Opret ny kategori +"
"All forums";"Alle fora"
"Thread title";"Trådens overskrift"
"Statistics";"Statistik"
"Last Post";"Sidste opslag"
"All Platforms";"Alle platforme"
"Edit Game Info";"Rediger spilinfo"
"All Downloads";"Alle downloads"
"Search Downloads...";"Søg downloads..."
"Game Info";"Spilinfo"
"Released";"Udgivet"
"Developers";"Udviklere"
"Distributors";"Distributører"
"Game Events";"Spilbegivenheder"
"Search Games...";"Søg spil..."
"All Games";"Alle spil"
"Recently Added";"Senest tilføjet"
"Download Info";"Info om download"
"Size";"Størrelse"
"Download file";"Download fil"
"Download";"Download"
"Edit game info";"Rediger spilinfo"
"Top Games";"Topspil"
"Add Media +";"Tilføj medie +"
"Show Pop Games";"Vis populære spil"
"Hide Pop Games";"Skjul populære spil"
"Recent Added Games";"Senest tilføjede spil"
"Show Top Games";"Vis topspil"
"Hide Top Games";"Skjul topspil"
"Add Affiliated Group";"Tilføj partnergruppe"
"Search groups";"Søg grupper"
"Create Group";"Opret gruppe"
"Group Name";"Gruppenavn"
"Search game";"Søg spil"
"Type 1";"Type 1"
"Type 2";"Type 2"
"Group Description";"Gruppebeskrivelse"
"Invite Members";"Inviter medlemmer"
"Search Player";"Søg spiller"
"Edit Affiliated Group";"Rediger partnergruppe"
"Edit Group Info";"Rediger gruppeinfo"
"Group Leader";"Gruppeleder"
"Group Info";"Gruppeinfo"
"Leader";"Leder"
"Created";"Oprettet"
"Search Groups...";"Søg grupper..."
"Create New Group +";"Opret ny gruppe +"
"All Groups";"Alle grupper"
"Edit group info";"Rediger gruppeinfo"
"Affiliated groups";"Partnergrupper"
"Add Affiliate";"Tilføj partner"
"Invite Members +";"Inviter medlemmer +"
"Applications";"Applikationer"
"Request To Join [_1]";"Anmod om at blive medlem af [_1]"
"I want to join because";"Jeg vil gerne være medlem fordi"
"Symbols left";"Symboler tilbage"
"Send";"Send"
"Are you sure you want to delete the cart item?";"Er du sikker på, at du vil slette varen?"
"log out";"log ud"
"log in";"log ind"
"Welcome to PlayNation!";"Velkommen til PlayNation!"
"PlayNation is a social network and news site targeted directly at gaming and gamers around the globe.";"PlayNation er et socialt netværk og en nyhedsside rettet direkte mod spil og spillere over hele verdenen."
"PlayNation aims to bring you all the relevant news from the global gaming scene. We do not just offer the latest top news. Our goal is to deliver the latest news about the gaming industry, games, gaming equipment, gaming events, gaming groups, players and everything else out there to satisfy your gaming needs.";"PlayNation satser på at bringe dig alle relevante nyheder fra den globale spilverden. Vi tilbyder ikke bare de seneste topnyheder. Vores mål er at levere de seneste nyheder om industrien, spillene, udstyret, de store begivenheder, grupperne, spillerne og alt andet derude for at tilfredsstille dine behov som spiller."
"PlayNation offers a social network, e-sport, news, events and much more for gamers around the globe. We aim to combine all the features needed for the gamer in one complete package.";"PlayNation tilbyder et socialt netværk, e-sport, nyheder, begivenheder og meget andet for spillere over hele verdenen. Vores mål er at samle alle spillerens behov i én stor pakke."
"Information and news from everything gaming related to every gamer in the world, without spending hours searching the internet.";"Information og nyheder fra spilverdenen til alle verdens spillere, så de slipper for at søge på internettet i timevis."
"Join the PlayNation Network with a personal profile and socialize in an environment that is directly tailored for gaming needs.";"Opret en personlig profil på PlayNation og bliv en del af et socialt netværk, der er skræddersyet til dine behov som spiller. "
"Setup a complete group page for your guild, house, fraction or clan, with all the basic features right at your fingertips!";"Opret en gruppe til din guild, dit hus, din fraktion eller klan, med alle nødvendige funktioner lige ved hånden! "
"Use our growing database of games to keep up with upgrades and add-ons, get the latest downloads and join the fanbase.";"Anvend vores voksende database med spil til at holde øje med opdateringer og add-ons, få de seneste downloads og bliv en del af fanbasen."
"The forum is open to all registered users. Join the debate, share your experience and get help to solve that pesky mission!";"Forummet er åbent for alle registrerede brugere. Bland dig i debatten, del dine oplevelser og få hjælp til at løse missioner, der driller."
"PlayNation's e-sport section allows players to face-off against other players in any skill based game they can imagine.";"I PlayNations e-sportssektion kan spillere kæmpe mod hinanden i et hvilket som helst skill-baseret spil, de kan forestille sig."
"Use our growing database of developers, publishers and distributors to follow the latest news, coming titles and future plans.";"Anvend vores voksende database med udviklere, udgivere og distributører til at følge de seneste nyheder, kommende titler og fremtidsplaner."
"Game";"Spil"
"All";"Alle"
"Company";"Firma"
"Frontpage item look",
"List item look",
"Inside look",
"Top 5 Companies";"Top 5 firmaer"
"User Rating";"Brugerbedømmelse"
"Top 5 Games";"Top 5 spil"
"Show all companies";"Vis alle firmaer"
"Show all games";"Vis alle spil"
"Show All Country News";"Vis alle landes nyheder"
"Show all countries";"Vis alle lande"
"Dislike";"Synes ikke godt om"
"Comment...";"Kommenter..."
"Search news...";"Søg nyheder..."
"Local";"Lokal"
"Back to All Companies";"Tilbage til alle firmaer"
"Back to All Games";"Tilbage til alle spil"
"Top News";"Topnyheder"
"Back to News";"Tilbage til nyheder"
"View Comments";"Vis kommentarer"
"Edit in";"Rediger i"
"Show Platform List";"Vis platformsliste"
"Popularity";"Popularitet"
"Hide Platform List";"Skjul platformsliste"
"Popular Top 5";"Populært top 5"
"Searched for";"Søgt efter"
"Show ";"Vis"
"Hide ";"Skjul"
"Contact";"Kontakt"
"Password Recovery";"Genopret adgangskode"
"Enter your e-mail address for
password recovery";"Tast din e-mail adresse for 
at genoprette din adgangskode"
"Enter your e-mail address for password recovery";"Tast din e-mail adresse for at genoprette din adgangskode"
"Recover";"Genopret"
"New Message";"Ny besked"
"To";"Til"
"Message >";"Besked >"
"E-mail";"E-mail"
"Password";"Adgangskode"
"Forgot Password?";"Glemt adgangskode?"
"Log In";"Log ind"
"Nickname";"Brugernavn"
"Confirm Password";"Bekræft adgangskode"
"I accept the Terms of Service";"Jeg accepterer sidens vilkår"
"Register";"Registrer"
"Paste your link here...";"Indsæt dit link her..."
"Share link";"Del link"
"Paste your video link here...";"Indsæt din video her..."
"Share video";"Del video"
"Share your thoughts >";"Del dine tanker >"
"Edit Description";"Rediger beskrivelse"
"Write Description";"Skriv beskrivelse"
"Game Description >";"Spilbeskrivelse >"
"Delete Selected";"Slet valgte"
"Delete All";"Slet alt"
"Inbox";"Indbakke"
"Sent";"Sendt"
"New!";"Ny!"
"Read";"Læs"
"Forward";"Videresend"
"Sent Messages";"Sendte beskeder"
"Message To";"Besked til"
"My events";"Mine begivenheder"
"My games";"Mine spil"
"My groups";"Mine grupper"
"My notifications";"Mine notifikationer"
"Player(s) [_1] commented on your wall [_2]post[_3].";"Spiller(e) [_1] kommenterede dit væg[_2]opslag[_3]."
"Player [_1] posted on your wall [_2]post[_3].",
"Player [_1] commented the [_2]post[_3] by [_4] on your wall.";"Spilleren [_1] kommenterede [_2]opslaget[_3] af [_4] på din væg."
"Player [_1] commented your [_2]post[_3] on [_4] wall.";"Spilleren [_1] kommenterede dit [_2]opslag[_3] på [_4] væg."
"Player(s) [_1] also commented the [_2]post[_3] by [_4].";"Spiller(e) [_1] kommenterede også [_2]opslaget[_3] af [_4]."
"Player";"Spiller"
"Group";"Gruppe"
"[_1][_2][_3], whom you subscribe to, has posted a new public [_4]post[_5].";"[_1][_2][_3], som du abonnerer på, har tilføjet et nyt offentligt [_4]opslag[_5]."
"Player(s) [_1] liked your [_2]post[_3].";"Spiller(e) [_1] synes godt om dit [_2]opslag[_3]."
"Player(s) [_1] disliked your [_2]post[_3].";"Spiller(e) [_1] synes ikke godt om dit [_2]opslag[_3]."
"Player [_1] is now subscribed to you.";"Spilleren [_1] abonnerer nu på dig."
"Player [_1] has sent you a friend request.";"Spilleren [_1] har sendt dig en venneanmodning."
"Player [_1] has accepted your friend request.";"Spilleren [_1] har godkendt din venneanmodning."
"Player(s) [_1] has posted in a topic: [_2] in forum: [_3] - [_4].";"Spiller(e) [_1] har kommenteret et emne [_2] i forummet: [_3] - [_4]."
"Player [_1] has posted a new topic: [_2] in forum [_3] - [_4].";"Spilleren [_1] har tilføjet et nyt emne: [_2] i forummet [_3] - [_4]."
"News from company [_1].";"Nyheder fra firmaet [_1]."
"News from game [_1].";"Nyheder fra spillet [_1]."
"News from group [_1].";"Nyheder fra gruppen [_1]."
"Player(s) [_1] commented on a [_2]news item[_3], you subscribe to.";"Spiller(e) [_1] kommenterede [_2]nyheden[_3] du abonnerer på."
"Player [_1] has invited you to join the group [_2].";"Spilleren [_1] har inviteret dig til at blive medlem af gruppen [_2]."
"Player [_1] has applied to join the group [_2].";"Spilleren [_1] har anmodet om at blive medlem af gruppen [_2]."
"Notification_";"Notifikation_"
"You should recieve an activation email within a few minutes. Please check your spam folder if you cannot find the activation email in your inbox.";"Du vil modtage en aktiveringsmail indenfor få minutter. Check venligst dine uønskede mails, hvis du ikke kan finde aktiveringsmailen i din indbakke."
"Your new password";"Din nye adgangskode"
"Subscriptions";"Abonnementer"
"Number Of Subscriptions";"Antal abonnementer"
"All Subscriptions";"Alle abonnementer"
"Forums as Member";"Fora som medlem"
"Forums";"Fora"
"Forum Boards";"Forummapper"
"Forum Topics";"Forumemner"
"Recent Subscriptions";"Seneste abonnementer"
"Event";"Begivenhed"
"Forum Board";"Forummappe"
"Forum Topic";"Forumemne"
"Account Settings";"Kontoindstillinger"
"Registered";"Registreret"
"User information";"Brugerinformation"
"Display name";"Skærmnavn"
"Repeat password";"Gentag adgangskode"
"Usage information";"Anvendelsesinformation"
"Images";"Billeder"
"Links";"Links"
"Nick";"Brugernavn"
"Send message";"Send besked"
"Add friend";"Tilføj ven"
"Username";"Brugernavn"
"Get Contacts";"Hent kontakter"
"Invite Selected";"Inviter valgte"
"New message";"Ny besked"
"Page";"Side"
"[_1] of [_2]";"[_1] ud af [_2]"
"My";"Mine"
"Back to inbox";"Tilbage til indbakken"
"Reply...";"Besvar..."
"Attach video";"Vedhæft video"
"Home";"Hjem"
"Image";"Billede"
"Link";"Link"
"Video";"Video"
"Write on Wall...";"Skriv på væggen..."
"Write on Friend Wall...";"Skriv på din vens væg..."
"Credits";"Credits"
"Payment Options";"Betalingsmuligheder"
"PayPal";"PayPal"
"Billing Details";"Regningsdetaljer"
"Street Address";"Vejnavn og husnr."
"Postal Code";"Postnummer"
"City/Town";"By"
"This will change your current payment interval from [_1] months to [_2] months. The change will happen when your memberships renews on [_3].",
"This will grant you the right to create [_1] group(s). [_2] PND will be deducted from your account.";"Dette vil give dig ret til at oprette [_1] gruppe(r). [_2] credits vil blive trukket fra din konto."
"This will increase your image limit to [_1]. [_2] PND will be deducted from your account.";"Dette vil øge din billedgrænse til [_1]. [_2] credits vil blive trukket fra din konto."
"This will remove all ads and banners on the site. [_1] PND will be deducted from your account.";"Dette vil fjerne alle bannere og reklamer fra siden. [_1] vil blive trukket fra din konto."
"This will give you access to [_1]. [_2] PND will be deducted from your account.",
"You do not have enough PlayNation Dollars on your account. Please buy PlayNation Dollars now.";"Du har ikke nok credits på din konto. Køb credits nu."
"This will upgrade your Basic membership to a [_1] membership. [_2] will be deducted from your account.";"Dette vil opgradere dit basismedlemskab til et [_1]medlemskab. [_2] credits vil blive trukket fra din konto."
"You are already a [_1] member and your membership will automatically renew.";"Du er allerede [_1]medlem og dit medlemskab vil automatisk blive fornyet."
"This will upgrade your [_1] membership to a [_2] membership. You have [_3] days left of your [_4] membership and this will reduce the price of your upgrade with [_5]. [_6] will be deducted from your account.";"Dette vil opgradere dit [_1]medlemskab til et [_2]medlemskab. Du har [_3] dage tilbage af dit [_4]medlemskab og det vil reducere prisen på din opgradering med [_5]. [_6] vil blive trukket fra din konto."
"This will downgrade your [_1] membership to a [_2] membership. Memberships are non-refundable and your downgrade will happen when your current membership expires/renews on [_3].";"Dette vil nedgradere dit [_1]medlemskab til et [_2]medlemskab. Medlemskaber refunderes ikke og din nedgradering vil ske, når dit medlemskab fornyes den [_3]."
"Confirm";"Bekræft"
"Cancel";"Annuler"
"Canceled!";"Annulleret!"
"Your payment has been canceled!";"Din betaling er blevet annulleret!"
"Quantity";"Antal"

"Complete Order Now";"Afslut ordren nu"
"This will complete your order and your payments will be deducted from your account.";"Dette vil gennemføre din ordre og din betaling vil blive trukket på din konto."
"You do not have enough credits.";"Du har ikke nok credits."
"Shopping cart is empty";"Varekurven er tom."
"History";"Historik"
"Search for Products...";"Søg efter produkter..."
"All Products";"Alle produkter"
"Special Offers";"Specielle tilbud"
"Membership Upgrades";"Medlemskabsopgraderinger"
"Order History";"Ordrehistorik"
"Total Price";"Pris i alt"
"Status";"Status"
"Order Nr.";"Ordrenr."
"Completed";"Gennemført"
"Shipped";"Afsendt"
"Payed";"Betalt"
"Ordered";"Bestilt"
"Cash Out";"Udbetal"
"IBAN";"IBAN"
"SWIFT";"SWIFT"
"Amount";"Beløb"
"Cash Out Now";"Udbetal nu"
"This will complete your Cash Out and the amount will be transferred to your bank account.";"Dette vil gennemføre din udbetaling og det valgte beløb vil blive overført til din bankkonto."
"Notice! It is only possible to cash out PlayNation Dollars. The minimum Cash Out Amount is [_1] PlayNation Dollars. The Cash Out Fee is [_2] PlayNation Dollars and will be deducted from your Account. Read our [_3] to learn more about PlayNation’s Cash Out Policy.";"Bemærk! Det er kun muligt at få udbetalt credits. Mindstebeløbet er [_1] credits. Udbetalingsgebyret er [_2] credits og vil blive trukket fra din konto. Læs vores [_3] for at lære mere om PlayNations udbetalingspolitik."
"Terms of Service";"Vilkår"
"This will upgrade your Basic membership to a [_1] membership. [_2] PND will be deducted from your account.";"Dette vil opgradere dit basismedlemskab til et [_1]medlemskab. [_2] credits vil blive trukket fra din konto."
"This will upgrade your [_1] membership to a [_2] membership. You have [_3] months left of your [_4] membership and this will reduce the price of your upgrade with [_5] PND. [_6] PND will be deducted from your account.";"Dette vil opgradere dit [_1]medlemskab til et [_2]medlemskab. Du har [_3] måneder tilbage af dit [_4]medlemskab og det vil reducere prisen på din opgradering med [_5] credits. [_6] credits vil blive trukket fra din konto."
"Basic";"Basis"
"Silver";"Sølv"
"Gold";"Guld"
"Platinum";"Platin"
"Months";"Måneder"
"Save [_1]%";"Spar [_1]%"
"Free";"Gratis"
"Individual Features";"Individuelle tjenester"
"[_1]/[_2] months";"[_1]/[_2] måneder"
"Order Nr. ";"Ordrenr."
"Order Details";"Ordredetaljer"
"Date of Order";"Ordrens bestillingsdato"
"Date of Order Complete";"Ordrens afslutningsdato"
"Date of Shipment";"Afsendelsesdato"
"Date of Payment";"Betalingsdato"
"Success!";"Succes!"
"Your order has been completed!";"Din ordre er blevet gennemført!"
"has been deducted from your account.";"er blevet trukket fra din konto."
"Your payment has been completed!";"Din betaling er blevet gennemført!"
"PlayNation has sent a receipt to your e-mail address.";"PlayNation har sendt en kvittering til din e-mail adresse."
"Log out";"Log ud"
"Promotion";"Promotion"
"Log in";"Log ind"
"Loading...";"Henter..."
"Comments";"Kommentarer"
"Upcoming Event";"Kommende begivenheder"
"Show comments";"Vis kommentarer"
"Share";"Del"
"Upcoming events";"Kommende begivenheder"
"Current events";"Aktuelle begivenheder"
"Post";"Slå op"
"This e-mail doest not excist in our system";"Denne e-mail eksisterer ikke i vores system"
"Register on PlayNation";"Registrer dig på PlayNation"
"Sign in to PlayNation";"Log ind på PlayNation"
"Referral";"Henvisning"
"This user is already a referrer. Please assign this code to another user.";"Denne bruger er allerede tilmeldt som henvisende. Tildel koden til en anden bruger."
"Shop";"Shop"
"Edit Company";"Rediger firma"
"New Company";"Nyt firma"
"Edit Game";"Rediger spil"
"New Game";"Nyt spil"
"Users";"Brugere"
"Edit User";"Rediger bruger"
"«";"«"
"»";"»"
"Company Settings";"Firmaindstillinger"
"Founded Date";"Stiftelsesdato"
"Address";"Adresse"
"URL";"URL"
"Select company type";"Vælg firmatype"
"Company photo";"Firmabillede"
"Change company photo. Use PNG, GIF or JPG.";"Ombyt firmabillede. Anvend PNG, GIF eller JPG."
"Upload Photo";"Læg billede op"
"Use PNG, GIF or JPG.";"Anvend PNG, GIF eller JPG."
"Save Settings";"Gem indstillinger"
"Search for companies...";"Søg efter firmaer..."
"companies";"firmaer"
"Company Name";"Firmanavn"
"Action";"Handling"
"Game Settings";"Spilindstillinger"
"Creation Date";"Oprettelsesdato"
"ESRB rating";"ESRB bedømmelse"
"Game developer";"Spiludvikler"
"Select game developer";"Vælg spiludvikler"
"Game publisher";"Spiludgiver"
"Select game publisher";"Vælg spiludgiver"
"Game type";"Spiltype"
"Select game type";"Vælg spiltype"
"Game platform";"Spilplatform"
"Free to play";"Free-to-Play"
"Enabled";"Aktiveret"
"Link";"Link"
"Game photo";"Spilbillede"
"Change game photo. Use PNG, GIF or JPG.";"Ombyt spilbillede. Anvend PNG, GIF eller JPG."
"Search for games...";"Søg efter spil..."
"games";"spil"
"Game Name";"Spilnavn"
"Search here";"Søg her"
"All News";"Alle nyheder"
"E-Mail";"E-mail"
"First name";"Fornavn"
"Last name";"Efternavn"
"Zip";"Postnr."
"Phone";"Telefon"
"Password settings";"Adgangskode-indstillinger"
"Leave empty if no changed needed.";"Undlad at udfylde, hvis ingen ændringer er påkrævet."
"Permission settings";"Tilladelsesindstillinger"
"Permission Group";"Tilladelsesgruppe"
"Timezone settings";"Tidszoneindstillinger"
"Change timezone and daylight saving time settings.";"Ombyt tidszone og sommertidsindtillinger."
"Timezone";"Tidszone"
"Daylight saving time";"Sommertid"
"Language settings";"Sprogindstillinger"
"Change language settings.";"Ombyt sprogindstillinger."
"Site language";"Sidesprog"
"Additional languages";"Ekstra sprog"
"Profile photo";"Profilbillede"
"Change profile photo. Use PNG, GIF or JPG with a max. window size at 200x300px.";"Ombyt profilbillede. Anvend PNG, GIF eller JPG med en maks. størrelse på 200x300px."
"Max. window size at 200x300px.";"Maks. størrelse på 200x300px."
"Referrer settings";"Indstillinger for henvisende"
"Use integer values for percentage";"Anvend hele procenttal"
"Can Create SubReferrers";"Kan oprette under-henvisende"
"Commision";"Provision"
"ID";"ID"
"Real name";"Fulde navn"
"Get friends";"Find venner"
"Invite friends by typing their e-mail addresses";"Inviter venner ved at indtaste deres e-mail adresser"
"Search for players...";"Søg efter spillere..."
"No players found";"Ingen spillere fundet"
"Add more fields";"Tilføj flere felter"
"Import contacts from your e-mail account";"Importer kontaktpersoner fra din e-mail konto"
"Previous";"Forrige"
"No games found";"Ingen spil fundet"
"Search for groups...";"Søg efter grupper..."
"No groups found";"Ingen grupper fundet"
"Welcome to PlayNation";"Velkommen til PlayNation"
"Congratulations";"Tillykke"
"You are now a member of PlayNation. The next move is yours.";"Nu er du medlem af PlayNation. Det næste skridt er dit."
"You can go to the [_1]player list[_2] and connect to other users and share stuff on your [_3]wall[_4], browse through the [_5]games database[_6] and check out our [_7]free-to-play games[_8]. In the [_9]news[_10] section you can get up to date on the gaming scene and share it with the world. If your guild or clan need to get connected you can create a [_11]group[_12] or join existing groups. The [_13]event[_14] section is perfect if you need to create awareness about your upcoming LAN party. You can also go straight to the [_15]e-sports[_16] and get your game on.";"Du kan gå til [_1]spillerlisten[_2] og blive venner med andre spillere, dele oplevelser og tanker på din [_3]væg[_4], søge i [_5]spildatabasen[_6] og checke vores [_7]Free-to-Play spil[_8]. I [_9]nyhedssektionen[_10] kan du holde dig opdateret og dele nyheder med resten af verden. Hvis din guild eller klan skal være med, kan du oprette en [_11]gruppe[_12] eller blive medlem af eksisterende grupper. Under [_13]begivenheder[_14] kan du skabe opmærksomhed om din næste LAN-fest. Du kan også gå direkte til [_15]e-sport[_16] og vise, hvad du er lavet af."
"Have fun!";"Nyd det!"
"There is no description for this event at the moment.";"Der er ingen beskrivelse af denne begivenhed på dette tidspunkt."
"Participant";"Deltager"
"Options";"Muligheder"
"There is no description for this game at the moment.";"Der er ingen beskrivelse af dette spil på dette tidspunkt."
"Media Items";"Mediefiler"
"Media item";"Mediefil"
"Play now";"Spil nu"
"Delete Group";"Slet gruppe"
"Edit affilliated group";"Rediger tilhørende gruppe"
"Remove affilliated group";"Fjern tilhørende gruppe"
"There is no description for this group at the moment.";"Der er ingen beskrivelse af denne gruppe på dette tidspunkt."
"Member";"Medlem"
"Request to join group";"Anmod om medlemskab"
"[_1] friend(s)";"[_1] ven(ner)"
"[_1] game(s)";"[_1] spil
"[_1] group(s)";"[_1] gruppe(r)"
"and";"og"
"Remove player";"Fjern spiller"
"Add player to group";"Tilføj spiller til gruppe"
"Remove player from group";"Fjern spiller fra gruppe"
"Remove player suggestion";"Fjern spillerforslag"
"Lives in [_1]";"Bor i [_1]"
"You have [_1] in common.";"Du har [_1] til fælles."
"There is no description for this product at the moment.";"Der er ingen beskrivelse af dette produkt på dette tidspunkt."
"Available for members for free";"Gratis for medlemmer"
"This product is available to Silver, Gold and Platinum Members for free. Upgrade now and get 1, 2 or 3 games for free every month.";"Dette produkt er gratis for sølv, guld og platin medlemmer. Opgrader nu og få 1, 2 eller 3 gratis spil hver måned."
"Type";"Type"
"read more";"læs mere"
"There are no wall posts at this moment";"Der er ingen vægopslag på dette tidspunkt"
"You have no wall posts at this moment";"Du har ingen vægopslag på dette tidspunkt"
"You have no photos at this moment";"Du har ingen billeder på dette tidspunkt"
"You have no videos at this moment";"Du har ingen videoer på dette tidspunkt"
"You have no links at this moment";"Du har ingen links på dette tidspunkt"
"[_1] has no wall posts at this moment";"[_1] har ingen vægopslag på dette tidspunkt"
"[_1] has no photos at this moment";"[_1] har ingen billeder på dette tidspunkt"
"[_1] has no videos at this moment";"[_1] har ingen videoer på dette tidspunkt"
"[_1] has no links at this moment";"[_1] har ingen links på dette tidspunkt"
"Error. News could not be saved!";"Fejl. Nyheden kunne ikke gemmes!"
"Genre";"Genre"
"Platform";"Platform"
"Company Description";"Firmabeskrivelse"
"Order companies:";"Sorter firmaer:"
"Alphabetically";"Alfabetisk"
"By Popularity";"Efter popularitet"
"By Rating";"Efter bedømmelse"
"By Date Added";"Efter tilføjelsesdato"
"Your search matched [_1]";"Din søgning gav [_1]"
"You searched for:";"Du søgte efter:"
"Info";"Info"
"There is no description for this company at the moment.";"Der er ingen beskrivelse af dette firma på dette tidspunkt."
"There are no companies here. Yet!";"Der er ingen firmaer på dette tidspunkt."
"There is no description at the moment.";"Der er ingen beskrivelse på dette tidspunkt."
"Information";"Information"
"There are no games here. Yet!";"Der er ingen spil på dette tidspunkt."
"There are no media here. Yet!";"Der er ingen medier på dette tidspunkt."
"Search for news...";"Søg efter nyheder..."
"news";"nyheder"
"There are no news here. Yet!";"Der er ingen nyheder på dette tidspunkt."
"Order events:";"Sorter begivenheder:"
"Invite People";"Inviter andre"
"Search for events...";"Søg efter begivenheder..."
"There are no events at this moment";"Der er ingen begivenheder på dette tidspunkt"
"There are no invitees here. Yet!";"Der er ingen inviterede endnu."
"There are no participants here. Yet!";"Der er ingen deltagere endnu."
"[_1] at [_2] said";"[_1] fra [_2] sagde"
"Quote";"Citat"
"There are no forum topics at this moment";"Der er ingen forumemner på dette tidspunkt"
"Search for forums...";"Søg efter forum..."
"forums";"fora"
"All Forums";"Alle fora"
"Thread";"Tråd"
"There are no forums at this moment";"Der er ingen for a på dette tidspunkt"
"Order games:";"Sorter spil:"
"By Release Date";"Efter udgivelsesdato"
"Select a genre";"Vælg en genre"
"All games";"Alle spil"
"Game Index";"Spilindex"
"Free-to-play Games";"Free-to-Play spil"
"Delete download";"Slet download"
"Add Download +";"Tilføj download +"
"Add tab +";"Tilføj faneblad +"
"Edit tab +";"Rediger faneblad +"
"There are no downloads at this moment";"Der er ingen downloads på dette tidspunkt"
"You can play this game [_1]for free[_2] right here on PlayNation.";"Du kan spille dette spil [_1]gratis[_2] her på PlayNation."
"There are no screenshots at this moment";"Der er ingen skærmbilleder på dette tidspunkt"
"There are no videos at this moment";"Der er ingen videoer på dette tidspunkt"
"There are no concept art at this moment";"Der er ingen konceptkunst på dette tidspunkt"
"There are no wallpapers at this moment";"Der er ingen skrivebordsbaggrunde på dette tidspunkt"
"There are no players here. Yet!";"Der er ingen spillere på dette tidspunkt."
"There are no news at this moment";"Der er ingen nyheder på dette tidspunkt"
"Type 1";"Type 1"
"Type 2";"Type 2"
"You have reached your groups limit. To create more groups, please buy additional groups.";"Du har nået din gruppegrænse. For at oprette flere grupper, skal du købe ekstra grupper."
"groups";"grupper"
"Write on group wall...";"Skriv på gruppens væg..."
"There are no ";"Der er ingen "
"Your search matched";"Din søgning gav"
"Recently Added Groups";"Senest tilføjede grupper"
"Referral Code [_1](optional)[_2]";"Henvisningskode [_1](valgfri)[_2]"
"Referral Code";"Henvisningskode"
"Forgot your password?";"Glemt din adgangskode?"
"Sign In";"Log ind"
"PlayNation is a [_1]social network[_2] and news site targeted directly at [_1]gaming[_2] and gamers around the globe.";"PlayNation er et [_1]socialt netværk[_2] og en nyhedsside rettet direkte mod [_1]spil[_2] og spillere over hele verden."
"[_1]PlayNation[_2] aims to bring you all the relevant news from the global gaming scene. We do not just offer the latest top news. Our goal is to deliver the [_1]latest news[_2] about the gaming industry, [_1]games[_2], gaming [_1]equipment[_2], gaming [_1]events[_2], gaming [_1]groups[_2], players and everything else out there to satisfy your gaming needs.";"[_1]PlayNation[_2] vil bringe dig alle relevante nyheder fra den globale spilscene. Vi leverer ikke bare de seneste topnyheder. Vores mål er at levere de [_1]seneste nyheder[_2] om spilindustrien, [_1]spil[_2], [_1]udstyr[_2], [_1]begivenheder[_2], [_1]grupper[_2], spillere og alt andet derude for at tilfredsstille dine spillebehov."
"Register Now";"Registrer nu"
"Or, you can watch our promotion video [_1]right here[_2], to learn more about PlayNation.";"Eller, tag et kig på vores introduktionsvideo [_1]lige her[_2], for at lære mere om PlayNation."
"Here are 9 good reasons to join [_1]PlayNation[_2] today.";"Her er 9 gode grunde til at blive medlem af [_1]PlayNation[_2] i dag."
"Read the latest news";"Læs de seneste nyheder"
"Find your favourite games";"Find dine favoritspil"
"Follow your favourite companies";"Følg dine favoritfirmaer"
"Interact with other players";"Interager med andre spillere"
"Debate with your fellow gamers";"Debater med dine venner"
"Create and attend events";"Opret og deltag i begivenheder"
"All the hottest, upcoming events in your area, just one click away. As an user on PlayNation you will also be able to create your own.";"Alle de sejeste, kommende begivenheder i dit område, kun et klik væk. Som bruger på PlayNation, kan du også oprette dine egne."
"Create and join groups";"Opret og bliv medlem af grupper"
"Play e-sports";"Spil e-sport"
"PlayNation’s e-sport section allows players to face-off against other players in any skill based game they can imagine.";"I PlayNations e-sportssektion kan spillere dyste i alle de færdighedsbaserede spil, de kan forestille sig."
"Browse our shop";"Klik rundt i vores shop"
"In our shop you can buy additional account features, memberships, games, mumble servers and a lot more. Go check it out!";"I vores shop kan du købe ekstra tjenester, medlemskaber, spil, kommunikationsservere og meget andet. Check det ud!"
"I want to share news with you:";"Jeg vil dele nyheder med dig:"
"On my wall";"På min væg"
"With a group";"Med en gruppe"
"By message";"Via besked"
"By e-mail";"Via e-mail"
"Facebook";"Facebook"
"Twitter";"Twitter"
"Google+";"Google+"
"Tumblr";"Tumblr"
"StumbleUpon";"StumbleUpon"
"Reddit";"Reddit"
"Digg";"Digg"
"MySpace";"MySpace"
"comments";"Kommentarer"
"comment";"kommentarer"
"Enter your e-mail address for
password recovery";"Indtast din e-mail adresse for at genskabe din adgangskode"
"Forgot password?";"Glemt adgangskode?"
"Share news by message";"Del nyhed via besked"
"Post text";"Slå tekst op"
"Player suggestions are based on";"Spillerforslag er baseret på"
"My Friends";"Mine venner"
"My Location";"Min placering"
"players";"spillere"
"Please sign in";"Venligst log ind"
"Search for events";"Søg efter begivenheder"
"You have no events at this moment";"Du har ingen begivenheder på dette tidspunkt"
"friends";"venner"
"You have no friends at this moment";"Du har ingen venner på dette tidspunkt"
"Search for games";"Søg efter spil"
"You have no games at this moment";"Du har ingen spil på dette tidspunkt"
"You have no groups at this moment";"Du har ingen grupper på dette tidspunkt"
"Search for notifications...";"Søg efter notifikationer..."
"Player [_1] posted on your wall [_2]post[_3].";"Spilleren [_1] slog noget på din væg [_2]opslag[_3]."
"Player(s) [_1] commented the [_2]post[_3] by [_4] on your wall.";"Spiller(ne) [_1] kommenterede [_2]opslaget[_3] af [_4] på din væg."
"Player(s) [_1] commented your [_2]post[_3] on [_4] wall.";"Spiller(ne) [_1] kommenterede [_2]opslaget[_3] på [_4] væg."
"Player(s) [_1] has posted in a topic: [_2] in forum: [_3] - [_4].";"Spiller(ne) [_1] har skrevet et indlæg under et emne: [_2] i forummet: [_3] - [_4]."
"There are no notifications at this moment";"Der er ingen notifikationer på dette tidspunkt"
"[_1] has no events at this moment";"[_1] har ingen begivenheder på dette tidspunkt"
"[_1] has no games at this moment";"[_1] har ingen spil på dette tidspunkt"
"Search for groups";"Søg efter grupper"
"[_1] has no groups at this moment";"[_1] har ingen grupper på dette tidspunkt"
"Search for subscriptions";"Søg efter abonnementer"
"You have no subscriptions at this moment";"Du har ingen abonnementer på dette tidspunkt"
"Links";"Links"
"Personal information";"Personlige oplysninger"
"Change your personal information.";"Rediger dine personlige oplysninger."
"Confirm password";"Bekræft adgangskode"
"Change your timezone and daylight saving time settings.";"Rediger din tidszone og sommertidsindstillinger."
"Change your language settings.";"Rediger dine sprogindstillinger."
"Change your profile photo. Use PNG, GIF or JPG with a max. window size at 200x300px.";"Ombyt dit profilbillede. Anvend PNG, GIF eller JPG med en maks. størrelse på 200x300px."
"Membership Settings";"Medlemskabsindstillinger"
"Current membership";"Aktuelt medlemskab"
"Change or upgrade your current membership.";"Ombyt eller opgrader dit aktuelle medlemskab."
"Membership type";"Medlemskabstype"
"Change";"Ombyt"
"Next update";"Næste opdatering"
"Update type";"Opdateringstype"
"Additional site features";"Ekstra tjenester"
"This is an overview of the additional site features you have purchased.";"Her er et overblik over de ekstra tjenester, du har købt."
"Feature type";"Funktionstype"
"You can buy more additional site features in our shop right [_1]here[_2].";"Du kan købe ekstra tjenester i [_1]shoppen[_2]."
"shared news:";"delte nyheder:"
"There are no messages at this moment";"Der er ingen beskeder på dette tidspunkt"
"Referral Program";"Henvisningsprogram"
"Players you might know";"Spillere du måske kender"
"Players who play the same games as you";"Spillere, der spiller de samme spil som dig"
"Players who are members of the same groups as you";"Spillere, der er medlem af de samme grupper som dig"
"Players who live in your area";"Spillere som bor i dit område"
"Already have an account? Sign in [_1]right here[_2]";"Har du allerede en konto? Log ind [_1]her[_2]"
"Post images here...";"Læg billeder op her..."
"Post image";"Tilføj billede"
"Post link";"Tilføj link"
"Codes and Banners";"Koder og bannere"
"Banner";"Banner"
"Code";"Kode"
"Select Period";"Vælg tidsrum"
"Filter";"Filtrer"
"Referral Codes";"Henvisningskoder"
"Clicks";"Klik"
"Sign-ups";"Registreringer"
"Upgrades";"Opgraderinger"
"Comission";"Provision"
"Totals";"I alt"
"Create Referral Code";"Opret henvisningskode"
"Subreferral Codes";"Under-henvisningskoder"
"Create Subreferral Code";"Opret under-henvisningskoder"
"Edit Referral";"Rediger henvisning"
"Create New Referral";"Opret ny henvisning"
"Referral link";"Henvisningslink"
"Voucher code";"Gavekortskode"
"Commission";"Provision"
"Label";"Betegnelse"
"Save Changes";"Gem ændringer"
"Edit Subreferral";"Rediger under-henvisning"
"Create New Subreferral";"Opret ny under-henvisning"
"User e-mail";"Bruger e-mail"
"Select your commission";"Vælg din provision"
"items";"genstande"
"Price";"Pris"
"Credits";"Credits"
"Payment Options";"Betalingsmuligheder"
"PayPal";"PayPal"
"PayStation";"PayStation"
"Billing Details";"Regningsoplysninger"
"Street Address";"Vejnavn og nr."
"Postal Code";"Postnummer"
"City/Town";"By"
"You do not have enough PlayNation Dollars on your account. Please buy PlayNation Dollars now.";"Du har ikke nok credits på din konto. Køb flere credits nu."
"You have already activated this feature. It will renew on [_1]. If you wish to extend it now, [_2] will get deducted from your account.";"Du har allerede aktiveret denne funktion. Den bliver fornyet [_1]. Hvis du ønsker at forlænge nu, [_2] vil blive trukket på din konto."
"This will grant you access to [_1] Free Game per Month. [_2] will get deducted from your account.";"Dette vil give dig adgang til [_1] gratis spil pr. måned. [_2] vil blive trukket på din konto."
"This will allow you to create additional [_1] group(s). [_2] will get deducted from your account.";"Dette vil give dig adgang til at oprette [_1] gruppe(r). [_2] vil blive trukket på din konto."
"This will increase your image limit by [_1]. [_2] will be deducted from your account.";"Dette vil hæve din billedgrænse til [_1]. [_2] vil blive trukket på din konto."
"This will remove all ads and banners on the site. [_1] will be deducted from your account.";"Dette vil fjerne reklamer og bannere på siden. [_1] vil blive trukket på din konto."
"Confirm";"Bekræft"
"Close";"Luk"
"This will upgrade your Basic membership to a [_1] membership. [_2] will be deducted from your account.";"Dette vil opgradere dit basis medlemskab til et [_1] medlemskab. [_2] vil blive trukket på din konto."

"This will extend your membership. [_1] will be deducted from your account.";"Dette vil forlænge dit medlemskab. [_1] vil blive trukket på din konto."
"This will change your [_1] ([_2] months) membership to a [_3] ([_4] months) membership. The change will happen when your membership renews on [_5].";"Dette vil ændre dit[_1] ([_2] måneder) medlemskab til et [_3] ([_4] måneder) medlemskab. Ændringen vil ske, når dit medlemskab fornyes den [_5]."
"Memberships are non-refundable. You have [_1] month(s) and [_2] day(s) left of your membership and cannot upgrade to a [_3] ([_4] months) membership. You must choose another upgrade.";"Medlemskaber refunderes ikke. Du har [_1] måned(er) and [_2] dag(e) tilbage af dit medlemskab og kan ikke opgradere til et [_3] ([_4] måneder) medlemskab. Du må vælge en anden opgradering."
"This will upgrade your [_1] ([_2] months) membership to a [_3] ([_4] months) membership. You have [_5] days left of your [_6] membership and this will reduce the price of your upgrade with [_7]. [_8] will be deducted from your account.";"Dette vil opgradere dit [_1] ([_2] måneder) medlemskab til et [_3] ([_4] måneder) medlemskab. Du har [_5] dag(e) tilbage af dit [_6] medlemskab og det vil reducere prisen på din opgradering med [_7]. [_8] vil blive trukket på din konto."
"You already have a downgrade to a [_1] ([_2] months) membership pending. It will happen automatically when your membership renews on [_3].";"Du har allerede en nedgradering til et [_1] ([_2] måneder) medlemskab, der venter. Ændringen sker automatisk, når dit medlemskab fornyes den [_3]."
"You already have a downgrade to a [_1] ([_2] months) membership pending. If you continue, you will replace that downgrade with a downgrade to a [_3] ([_4] months) membership. It will happen automatically when your membership renews on [_5].";"Du har allerede en nedgradering til [_1] ([_2] måneder) medlemskab, der venter. Hvis du fortsætter, vil du ombytte den nedgradering med en nedgradering til et [_3] ([_4] måneder) medlemskab. Ændringen sker automatisk, når dit medlemskab fornyes den [_5]."
"This will downgrade your [_1] ([_2] months) membership to a [_3] ([_4] months) membership. Memberships are non-refundable and your downgrade will happen when your membership renews on [_5].";"Dette vil nedgradere dit [_1] ([_2] måneder) medlemskab til et [_3] ([_4] måneder) medlemskab. Medlemskaber refunderes ikke og din nedgradering vil ske, når dit medlemskab fornyes den [_5]."
"Select a category";"Vælg en kategori"
"All products";"Alle produkter"
"Search for products...";"Søg efter produkter..."
"products";"produkter"
"Products";"Produkter"
"Converter";"Credits til coins vekselautomat"
"Amount of PD to convert";"Antal credits veksles"
"Convert";"Veksel"
"Status";"Status"
"You have not made any transactions.";"Du har ikke foretaget nogen transaktioner."
"IBAN";"IBAN"
"SWIFT";"SWIFT"
"There are no products at this moment";"Der er ingen produkter på dette tidspunkt"
"[_1]";"[_1]"
"You have reached your photo limit. To upload more photos, please buy additional photos.";"Du har nået din billedgrænse. For at lægge flere billeder op, skal du købe flere billeder."
"Downloads left [_1] of [_2]";"Downloads tilbage [_1] ud af [_2]"
"[_1] has been deducted from your account and your order has been completed. You will receive an e-mail with your receipt.";"[_1] er blevet trukket på din konto og din ordre er fuldført. Du vil modtage en e-mail med din kvittering."
"You are now a [_1] member. Your membership will automatically renew every [_2] months unless you cancel or don`t have enough PD on your account. The first renewal date is [_3].";"Du er nu et [_1] medlem. Dit medlemskab vil automatisk blive fornyet med [_2] måneder ad gangen med mindre du afbryder eller ikke har nok credits på din konto. Den første fornyelsesdato er [_3]."
"You can always check the status of your membership, upgrade, downgrade and cancel in your user settings.";"Du kan altid checke status på dit medlemskab, opgradere, nedgradere eller afbryde under dine brugerindstillinger."
"Thank you for your order. We hope you enjoy your new membership.";"Tak for din ordre. Vi håber du vil nyde dit nye medlemskab."
"You will receive an e-mail with your receipt. You have succesfully extended your [_1] membership. The next renewal date is [_2].";"Du vil modtage en e-mail med din kvittering. Du har succesfuldt forlænget dit [_1] medlemskab. Den næste fornyelsesdato er [_2]."
"Thank you for your order.";"Tak for din ordre."
"You have scheduled a change to a [_1] ([_2] months) membership. It will happen when your membership renews on [_3]. [_4] will be deducted from your account when your order completes and you will receive an e-mail with your receipt.";"Du har planlagt en ændring af dit [_1] ([_2] måneder) medlemskab. Ændringen vil ske, når dit medlemskab fornyes den [_3]. [_4] vil blive trukket på din konto, når din ordre er fuldført, og du vil modtage en e-mail med din kvittering."
"You have scheduled a downgrade to a [_1] membership. It will happen when your membership renews on [_2]. [_3] will be deducted from your account when your order completes and you will receive an e-mail with your receipt.";"Du har planlagt en nedgradering til et [_1] medlemskab. Ændringen vil ske, når dit medlemskab fornyes den [_2]. [_3] vil blive trukket på din konto, når din ordre er fuldført, og du vil modtage en e-mail med din kvittering."
"You have now increased your photo limit with [_1]. Your new limit is [_2].";"Du har nu hævet din billedgrænse med [_1]. Din nye grænse er [_2]."
"You have now increased your group limit with [_1]. Your new limit is [_2].";"Du har nu hævet din gruppegrænse med [_1]. Din nye grænse er [_2]."
"You have now activated No Ads or Banners. The feature will automatically renew every [_1] months unless you cancel or don`t have enough PD on your account. The first renewal date is [_2].";"Du har nu aktiveret Ingen reklamer og bannere. Funktionen vil automatisk blive fornyet med [_1] måneder ad gangen med mindre du afbryder eller ikke har nok credits på din konto. Den første fornyelsesdato er [_2]."
"Best Regards,";"Med venlig hilsen,"
"Customer Services";"Kundeservice"
"PlayNation.eu";"PlayNation.eu"
"Advertisements";"Annonce"
"Go to my profile page";"Gå til min profilside"
"Sign out";"Log ud"
"new notifications";"nye notifikationer"
"new notification";"ny notifikation"
"new messages";"nye beskeder"
"new message";"ny besked"
"free games";"gratis spil"
"free game";"gratis spil"
"Read more »";"Læs mere »"
"Share news on group wall";"Del nyheder på gruppens væg"
"Post on group wall";"Slå noget op på gruppens væg"
"Share news on your wall";"Del nyheder på din væg"
"Post on wall";"Slå noget op på væggen"
"Companies";"Firmaer"
"You currently have a basic membership. For more features you can buy a silver, gold or platinum membership in our shop right [_1]here[_2].";"Du har i øjeblikket et basis medlemskab. For at få adgang til mere, kan du købe et sølv, guld eller platin medlemskab i [_1]shoppen[_2]."
"You don't have any additional site features at the moment. You can buy them in our shop right [_1]here[_2]. Additional site features lets you create extra groups, upload extra photos and much more.";"Du har ingen ekstra tjenester på nuværende tidspunkt. Du kan købe dem i [_1]shoppen[_2]. Ekstra tjenester giver dig adgang til at oprette flere grupper, lægge flere billeder op og meget andet." 
"None";"Ingen"
"Meet us on Facebook";"Mød os på Facebook"
"Follow us on Twitter";"Følg os på Twitter"
"Help";"Hjælp"
"Register";"Registrer"
"Sign In";"Log ind"
"Your account has been activated!";"Din konto er aktiveret!"
"After you login and complete the registration, you will be able to participate in the discussions, costumize your profile, share your content on your own wall and much more.";"Når du har logget ind og fuldført registreringen, kan du deltage i debatten, redigere din profil, dele nyheder, tanker og billeder på din væg og meget andet."
"Enjoy :)";"Nyd det :)"
"Choose your country";"Vælg dit land"
"Choose your timezone";"Vælg din tidszone"
"Day";"Dag"
"Month";"Måned"
"Year";"År"
"Please enter your first name";"Udfyld dit fornavn"
"Please enter your last name";"Udfyld dit efternavn"
"Please enter your city";"Udfyld din by"
"Please select your country";"Vælg dit land"
"Please select your timezone";"Vælg din tidszone"
"Please select your day of birth";"Vælg din fødselsdag"
"Please select your month of birth";"Vælg din fødselsmåned"
"Please select your year of birth";"Vælg dit fødselsår"
"E-mail provider";"E-mail udbyder"
"Select an e-mail provider";"Vælg en e-mail udbyder"
"Password";"Adgangskode"
"Email";"E-mail"
"Edit";"Rediger"
"Read more »";"Læs mere »"
"Play now";"Spil nu"
"News";"Nyheder"
"Official News";"Officielle nyheder"
"General News";"Generelle nyheder"
"Discussions";"Debat"
"General Discussions";"Generel debat"
"Multiplayer Discussions";"Multiplayer debat"
"Help & Support";"Hjælp og support"
"Hint & Tips";"Ledetråde og tips"
"Technical Discussions";"Tekniske spørgsmål"
"This is where you exchange PlayNation Dollars to PlayCoins. You can use PlayCoins in E-Sport and you can buy certain site features and special offers. The exchange rate is 1 PD ~ 10 PC. Notice that you cannot exchange PlayCoins to PlayNation Dollars. And you cannot cash out PlayCoins";"Her kan du veksle credits til coins. Du kan anvende coins i e-sport og købe visse tjenester og specielle tilbud. Vekselkursen er 1 credit ~ 10 coins. Bemærk, at du ikke kan veksle coins tilbage til credits. Og du kan ikke få udbetalt coins."
"Playnation features";"PlayNation Tjenester"
"Playnation memberships";"PlayNation Medlemskaber"
"Utilities";"Tilbehør"
"Games";"Spil"
"You need to sign in to access this area. If you don't have an account you can register [_1]right here[_2].";"Log ind for at få adgang til denne side. Hvis du ikke har en konto, kan du registrere [_1]her[_2]."
"Don't have an account yet? You can register [_1]right here[_2]";"Har du ikke en konto endnu? Du kan registrere [_1]her[_2]"
"Recruitment";"Rekrutering"
"First time user form";"Førstegangsbrugerformular"
"Please fill in your personal information (Required)";"Udfyld venligst dine personlige oplysninger (påkrævet)"
"Find your friends on PlayNation (Optional)";"Find dine venner på PlayNation (valgfri)"
"Here you can search the users who already have a user profile on PlayNation.";"Her kan du søge på de brugere, der allerede har en profil på PlayNation."
"You can search by first name, last name, display name, city and e-mail.";"Du kan søge på fornavn, efternavn, skærmnavn, by og e-mail."
"So if you know the nick name your friends usually use, just type it in the box and hit “Search”";"Hvis du kender det skærmmavn, dine venner plejer at bruge, tast det ind og tryk på “Søg”"
"The e-mail inviter can search through your contacts in your email. You just fill out the boxes to gain access to your contacts and then select which you want to invite.";"E-mail invitationsfunktionen kan søge i din e-mail kontos adressebog. Udfyld felterne for at få adgang til dine kontaktpersoner og vælg dem, du ønsker at invitere."
"We do not store any information you type into these boxes.";"Vi gemmer ingen af de informationer, du indtaster i disse felter."
"Invite friends";"Inviter venner"
"Add your favorite games (Optional)";"Tilføj dine yndlingsspil (valgfri)"
"You can add games to your “My Games”-page to gain easy access to news, events and downloads for your favourite game.";"Du kan tilføje spil til din “Mine spil”-side og få hurtig adgang til nyheder, begivenheder og downloads til dine yndlingsspil."
"Just type minimum 3 characters in the box below, hit “Search”, mark the games you want on your list and hit the “Add Games”-button.";"Indtast mindst 3 symboler i søgefeltet, tryk på “Søg”, vælg de spil, du vil tilføje og tryk på “Tilføj spil”-knappen."
"For example, if you are looking for World of Goo, just type “goo” and hit “Search”.";"For eksempel, hvis du leder efter World of Goo, kan du indtaste “goo” og trykke på “Søg”."
"Apply for groups (Optional)";"Bliv medlem af grupper (valgfri)"
"If you are looking for a specific group, you can request to join the group, directly from the boxes below.";"Hvis du leder efter en bestemt gruppe, kan du ansøge om medlemskab i felterne herunder."
"You can also skip these steps and search more specificly in the groups section later on, or you can create your own group and team up with your friends.";"Du kan også springe over og søge grupper senere i gruppesektionen, eller du kan oprette din egen gruppe og tilføje dine venner."
"You can go to the [_1]player list[_2] and connect to other users and share stuff on your [_3]wall[_4], browse through the [_5]games database[_6] and check out our [_7]free-to-play games[_8].";"Du kan gå til [_1]spillerlisten[_2] og blive venner med andre spillere og dele nyheder på din [_3]væg[_4], kigge i [_5]spildatabasen[_6] og checke vores [_7]free-to-play spil[_8]."
"In the [_1]news[_2] section you can get up to date on the gaming scene and share it with the world.";"I [_1]nyhedssektionen[_2] kan du holde dig opdateret om spilbranchen og dele nyheder med resten af verden."
"If your guild or clan need to get connected you can create a [_1]group[_2] or join existing groups.";"Hvis din guild eller klan har brug for at samle sig, kan du oprette en [_1]gruppe[_2] eller blive medlem af eksisterende grupper."
"The [_1]event[_2] section is perfect if you need to create awareness about your upcoming LAN party.";"[_1]Begivenhedssektionen[_2] er perfekt, hvis du vil skabe opmærksomhed om din næste LAN fest."
"You can also go straight to the [_1]e-sports[_2] and get your game on.";"Du kan også gå direkte til [_1]e-sport[_2] og vise, hvad du er lavet af."
"You have to complete these four steps before you can use the features within your account";"Du skal gennemføre disse 4 trin for at få adgang til resten af din profil"
"[_1] game(s)";"[_1] spil"
"[_1] group(s)";"[_1] gruppe(r)"
"PlayNation is recruiting";"PlayNation rekruterer"
"PlayNation is developing constantly and we are always looking for qualified individuals who wants to become a part of the [_1]PlayNation Team[_2].";"PlayNation udvikler sig løbende, og vi leder altid efter kvalificerede individer, der har lyst til at blive en del af [_1]PlayNation Holdet[_2]."
"So if you have what it takes to be a great forum moderator or E-Sport manager, or you simply need to share your knowledge and help the crew build even better features, please contact us.";"Hvis du har det, der skal til for at blive en fantastisk forum moderator eller e-sport manager, eller du bare har behov for at dele din viden og hjælpe med at skabe endnu bedre funktioner, kan du kontakte os."
"Regardless of who you are and what you do, we always treasure input and opinions. But we still value a helping hand and a solid partner more.";"Uanset hvem du er og hvad du laver, sætter vi altid pris på input og meninger. Men en hjælpende hånd og en solid partner er guld værd."
"If you see code like Neo or the world presents itself to you in CMYK colors or wireframes, we want you!";"Hvis du ser kode som Neo, eller verden kommer til dig i CMYK farver eller wireframes, vil vi have dig!"
"How old are you?";"Hvor gammel er du?"
"Your application has been sent.";"Din ansøgning er blevet sendt."
"The PlayNation Team";"PlayNation Holdet"
"Player(s) [_1] has posted in a topic: [_2] in forum: [_3] - [_4].";"Spiller(e) [_1] har skrevet et indlæg under et emne: [_2] i forummet: [_3] - [_4]."
"Yes, I have a code I would like to use";"Ja, jeg har en kode, jeg gerne vil bruge"
"[_1] has been deducted from your account and your order has been completed. You will receive an e-mail with your receipt.[_2] If you have purchased any downloadable items, you can find your [_3]download link(s)[_4] in your order history.";"[_1] er blevet trukket fra din konto, og din ordre er gennemført. Du vil modtage en e-mail med din kvittering.[_2] Hvis du har købt en vare, der skal hentes ned, kan du finde dine [_3]download link(s)[_4] i din ordrehistorik."
"PlayNation.eu";"PlayNation.eu"
"What’s your name?";"Hvad er dit navn?"
